precio_accion_S,precio_ejercicio_K,tiempo_T,tasa_interes_r,volatilidad_sigma,precio_real,precio_predicho,error_absoluto
147.28544500465665,146.27874983480723,1.233676244266035,0.07612162211110521,0.5079348212705546,38.688383013870975,38.39263668019451,0.29574633367646896
171.2557871805535,177.51927982871834,1.6755251968178573,0.04040995994064598,0.27977988767047557,26.994470225692666,26.970611843358014,0.02385838233465165
188.57065400962495,67.20962698306144,1.0461295872425767,0.04907972782564013,0.3229590380147963,124.72967292148834,124.57777071280023,0.15190220868811366
69.60033244976908,124.45192976497746,1.8698063031878749,0.04191221647259084,0.4186798794464045,5.222805662531236,4.797397394271037,0.42540826826019895
105.05952864707413,111.90038327604061,1.4157060573216762,0.05499876141070381,0.4861959299606635,24.515105403450903,24.002550856541156,0.5125545469097474
74.10934147665395,80.09799433927866,1.9909662889305597,0.06492644077351903,0.38310013266352394,17.322949030771,17.683937735179335,0.3609887044083351
126.31413233287695,122.93892095015141,0.45430285567309386,0.01460535291916828,0.5764416353986069,21.29918530119661,20.28466095411313,1.01452434708348
53.328942678223115,56.750394993944425,0.2174369653111876,0.07073165209609623,0.4899659079274906,3.792136081030936,3.4490716169014384,0.34306446412949754
132.34670997941902,65.57776541506274,0.0509140855613674,0.04272756862781854,0.20964392123845718,66.91144967452367,67.07934750819783,0.16789783367416078
171.61478254733808,102.50839380739282,0.2610635933662179,0.079037083687722,0.5698229994259407,71.68790225170896,72.0796661269838,0.39176387527483314
166.2353025988158,96.07423997550143,0.8581000815334567,0.0540619930391434,0.5173099276198437,77.50743011156725,76.81397171479288,0.6934583967743606
146.73096720167933,162.2086353582917,1.527846912055676,0.03567374317854526,0.34209877523769083,21.85337438895327,22.09686930531692,0.24349491636364817
193.81870843185564,175.06207663177602,1.3554581058750172,0.050827468972973626,0.1485011372380803,33.031789337020115,32.79311621506864,0.2386731219514715
110.40091559537294,62.73635952861443,1.6944495854745643,0.023477811964350392,0.38197324592836646,52.26488209189218,52.36959288167964,0.10471078978745396
132.29210889833112,189.61464029380429,0.45663999668656435,0.05887220185789186,0.48881480008837697,4.195473690128264,4.214885808183407,0.019412118055143424
53.57600176436525,119.27140539280306,0.9243182418999272,0.04310541309428963,0.523410913647154,1.1009324546018338,1.0954107855450488,0.0055216690567849724
128.45769807991036,128.9150538409172,0.5107838599944156,0.08683900449362957,0.517075443039883,21.133712309476074,20.853116640981845,0.2805956684942288
111.61469124297804,96.1375057241163,0.0741051514479469,0.00027746690557101106,0.5304305914007823,16.644945922032377,18.277620900697315,1.6326749786649373
177.3730431799348,194.94242245677765,0.5064503792627107,0.01356542442002806,0.1860927968900203,3.7375086691737778,4.052489506707037,0.314980837533259
98.26679205783218,122.55954227119865,1.7861781709734013,0.05018828543367252,0.49401852473821595,20.827616944879985,20.819180863366398,0.008436081513586657
185.42273122101165,120.79311580466668,1.127698310017317,0.023394838621642013,0.10407125667322195,67.77481674596598,67.53476346955611,0.24005327640986707
67.25642230433039,148.08667657429487,1.6154149862913163,0.07419405004142329,0.2574475667876618,0.2283182164606179,0.0,0.2283182164606179
96.70741164029835,163.17486946998486,0.7949403055284789,0.02708553417214221,0.2560660767154749,0.139094949456243,0.42772415663478114,0.2886292071785381
60.07335166024593,82.4307638820737,1.8252960301227399,0.019248514273571306,0.4794560347437804,9.555109328364995,9.751794677824673,0.19668534945967764
67.47489959430818,178.71491921061423,1.9120110226731508,0.08817513047220253,0.3833741982445107,1.4623762614627758,1.6032392372398476,0.14086297577707185
197.55754422845965,105.89580268035375,0.8599952858229113,0.074948205010532,0.23676629849344863,98.27918320590356,98.07548045931844,0.20370274658512244
192.45887398921278,98.06909455692676,0.4597699291194953,0.026214007386079388,0.5553381865228294,96.24885600149099,96.29830684428094,0.04945084278995182
148.4946397442252,85.18953045480704,1.4590608029773364,0.02301764871568639,0.11297275337450738,66.11864316394485,66.32000646850238,0.20136330455753182
65.6913012525019,138.97886805029017,1.5657176924138996,0.005535343875961274,0.28619009735511913,0.2373599635168957,0.1840309156874369,0.0533290478294588
57.748687552159836,102.97818729587763,0.6703232525141045,0.06348482124320616,0.45379459088551055,0.9249111032797686,0.8062379768663988,0.1186731264133698
174.38909651967367,159.9170058827484,0.2370155363292935,0.027199191087482547,0.10475841951586876,15.613422790813871,14.795691071261672,0.8177317195521994
155.66277992927678,63.218633857524914,1.2637700213263663,0.0567747229534997,0.3457760090438673,96.8939672626559,96.86681909036585,0.027148172290054617
98.5734650542513,69.64592010894592,0.6206725060737046,0.04890432596240342,0.5187172920554637,34.171465818989375,33.74094767662893,0.43051814236044805
84.16752612073037,182.11588042592953,0.7578969044560719,0.057842138142293914,0.4624810102375355,0.6715769238621356,0.675611169075232,0.004034245213096366
120.3697996375274,93.06668484780934,1.1101982356685376,0.08018151924072076,0.37058040072086584,39.24939947255072,39.42206015273169,0.17266068018096803
106.81978294782654,112.95907403187637,0.5745141166700634,0.03277638675847113,0.46793878817981793,13.386255474521398,12.912611595023623,0.4736438794977751
152.38821833253246,53.322399990021204,1.9514272858897102,0.05816859951150897,0.3413532112842891,104.88320105503556,105.05872914217922,0.17552808714366108
175.37944569039394,199.3965153223575,1.3922579886977242,0.09718143659236794,0.5586305023466188,45.750253376529116,44.8657483893809,0.8845049871482189
113.21767771734164,185.93967211085032,1.1989704640923113,0.0351693962521946,0.3200683728182484,2.2656368363046617,2.630588281682595,0.3649514453779332
123.46571835802622,154.60235375693463,1.2469563876259286,0.025570066440449225,0.5593607780520699,21.882968793604824,21.432384084878684,0.4505847087261401
97.55623443641795,77.95947259433005,1.9222668285051856,0.034348158772004665,0.45418520591819667,35.47049163382761,35.21295611574623,0.257535518081383
112.28957744485753,88.90810364744779,0.9742118616474291,0.05415180034009818,0.12760538729254498,27.998811120719125,27.682608522600248,0.31620259811887763
96.4662388726934,127.8283153578485,1.170238903486717,0.09275087980221192,0.19417644390268426,2.5397807433586017,1.848137486136352,0.6916432572222497
99.66286685479682,85.89754635598536,0.19089457715118813,0.0978014905654669,0.5302368382281466,18.264756952423937,18.255232543762922,0.009524408661015116
189.90723097478084,193.90478576550478,1.218784330542647,0.0615316883500467,0.13637159096527798,16.809888035651184,16.607464292696562,0.20242374295462184
134.48841987054644,142.96842220198783,1.9979051831656287,0.07895491437599586,0.5707471115891222,46.662303856507165,45.89714459812944,0.7651592583777287
53.87345674734136,151.4582434637608,1.8311692184372672,0.030111717210808256,0.5306585454000802,2.399815243536067,2.164967877632403,0.23484736590366406
166.131463928637,85.96677905657549,0.4839507911001671,0.061308935829976485,0.18955164861182525,82.67789465265214,82.50227289993822,0.17562175271392277
107.6756566984892,62.365286476111535,1.3776960263589868,0.006543974897774652,0.2242718265372219,46.00472086524468,45.810651600977785,0.19406926426689353
81.23602654680468,164.01936877954893,1.468772793385746,0.002613106872476656,0.338298130670315,0.8412507842045365,0.6075532457453434,0.23369753845919305
85.44013659174956,178.93769161361763,1.7618461015219207,0.03356887008005406,0.4838740942757751,5.547451765751639,5.754977061989802,0.2075252962381633
150.08535641214735,127.17649488057727,1.0616228069935054,0.009693423892772847,0.13049028397849013,25.035992516306422,25.769423664221335,0.7334311479149136
55.87938367749202,191.19510377293633,0.7021270404781661,0.019632000000111307,0.4941393108487069,0.019845804705144743,0.15599316154345644,0.1361473568383117
139.33165680751938,177.8513828968991,1.8414181624609325,0.058218607605404996,0.5383056775044126,33.12454778647679,33.444932625851884,0.32038483937509454
71.04807769337823,109.83569998230884,0.9748708013346086,0.03652814353996738,0.28960514352623745,0.9054276145484081,0.41269434794970294,0.4927332665987052
55.80839018434943,123.57078964979407,0.35677731009282626,0.07490505588142016,0.23166440119925683,2.7260884459147468e-08,0.0,2.7260884459147468e-08
99.18499154579582,148.00575503221705,0.2666866110251753,0.03168321389908368,0.5330267276027383,1.1485590994658814,1.3484693647419128,0.1999102652760314
182.65384084149147,55.25508218893225,1.977013375269808,0.06558895334101221,0.38097547812984767,134.22489648694628,133.32220061746125,0.9026958694850293
150.91089033156,109.96193688719832,0.7355633434421543,0.076043925411653,0.20974143259293024,47.08829920739413,46.90635011849116,0.18194908890296801
189.92887023193964,187.8326095371609,0.1451892029501093,0.034579232333537616,0.30368224132254196,10.295357462182466,10.246671355177721,0.04868610700474463
50.25760120218667,148.49914073413538,0.4043425782421159,0.0018049772286729438,0.17342900510495993,4.488166957222464e-23,0.0,4.488166957222464e-23
117.43422097053659,136.41735808196793,0.2676541916342871,0.07656498290183482,0.33991138041180025,2.9560711367089993,3.0388324205096247,0.08276128380062531
79.0349222986504,63.93827048492979,0.7973443862802726,0.06320884820422927,0.568188403806252,24.90042609172857,24.792259526492813,0.10816656523575574
159.10929373635398,173.4011965020643,0.8406374947896594,0.0011146599236126155,0.49929153098047885,23.529174466587747,23.64801543379408,0.11884096720633153
190.0156853854032,63.182558308035496,1.9860773391323308,0.03416303696494821,0.28046131765052273,130.99615680772342,129.8666291736809,1.1295276340425175
80.6238336446417,146.55254444697047,0.3144844352617517,0.0531070078798098,0.13436786609771115,6.468480906557582e-15,0.0,6.468480906557582e-15
178.3943763220523,60.16269007720952,0.4989468314255487,0.06524693189503054,0.456947717303801,120.16088566039173,120.93400987362492,0.7731242132331886
171.605325911669,169.69705929376744,1.9786926282161814,0.06416004536787391,0.13918054899325735,26.56623076375402,26.86741588064897,0.3011851168949491
167.1342610916887,194.00396935789357,1.4577242928324723,0.0917930396700376,0.49844548084032214,38.559635775163656,38.8560809168843,0.2964451417206462
93.88918847736853,179.64883800176074,1.401446808912671,0.009382111075265643,0.3223003384578277,0.9639140742121812,0.8560360348519751,0.10787803936020612
191.6362229363824,117.53176405498296,0.8927754661288473,0.08664415360423634,0.28334531722178613,83.09138212505646,83.15056218961655,0.0591800645600955
125.11088664209461,184.44592709724142,0.2509799834131224,0.03214607294501414,0.48734951402877913,0.9448132999954559,0.9918846023897174,0.047071302394261494
188.42540558727015,141.1055579380935,0.9160578315778247,0.04738910520251297,0.3749289528910602,58.7327550891751,58.66096185806293,0.07179323111216718
152.16229429009704,165.7298926037715,1.138910358167212,0.012212414721285526,0.2814151068039731,13.72363883436224,14.115392952576101,0.39175411821386064
64.34519638848879,90.87866464384106,0.27606417585388554,0.015656434396184648,0.37808790589975205,0.2654302365589438,0.07631095647424502,0.1891192800846988
103.55259485009026,145.63888667260989,1.7681030248391396,0.06880760701268558,0.16558273330149595,2.126032135848714,1.951880125503859,0.17415201034485506
172.95081332330176,111.87051295787144,0.6039340132796316,0.03669347118475769,0.5721186353869308,68.2704555365008,68.93297893520301,0.6625233987022057
145.950246519253,97.63339706398581,1.000062148908894,0.08854935729819313,0.3650338106238037,58.29844548094462,57.77243456156249,0.5260109193821307
130.61817652868353,158.5106688535776,0.22450418572821523,0.099715607319219,0.3880875525270673,2.476212090482573,2.035597062042413,0.44061502844015976
179.83588089815422,132.97559928639072,0.7108185488497384,0.0807769203524603,0.41244385955240315,58.32555474932596,58.04233256343787,0.2832221858880928
123.04529342689433,57.29797603170693,1.7710965661449738,0.013793309464884974,0.5523388809828708,71.35332668067335,70.58235060467769,0.7709760759956623
156.16095853370234,64.98218243400672,0.8390914664554373,0.015180593601547233,0.18881540812162603,92.00126398607686,91.97383465046879,0.027429335608076144
61.39018628746422,193.50233023013448,0.6559444146424107,0.08733422217402709,0.2943801270022809,1.2037172176411156e-05,0.0,1.2037172176411156e-05
107.22729919440162,97.82008786780068,1.1930962837702832,0.07250488450395827,0.4519176526232308,29.163484998562794,28.738625032843686,0.4248599657191079
124.37467399619838,91.84659548855832,0.5085181875819963,0.03673182491980969,0.3077612776362534,34.959262300274176,34.73541571482634,0.22384658544783775
58.49753289497306,127.70347508512886,0.0565121162586143,0.08475178855915289,0.19776365345655447,4.133013003286947e-62,0.0,4.133013003286947e-62
79.72568444336534,199.85435660668966,0.7435625523610152,0.0754319000299252,0.14454899412482272,4.69328012410831e-12,0.0,4.69328012410831e-12
106.1681686425803,61.74985951753638,1.128506058874589,0.07188217315574219,0.4079248343280344,50.34695867776686,50.22196640556455,0.1249922722023058
163.74292026507254,80.58126128662842,1.059253568820396,0.007713339395603192,0.48708785757795614,85.73881689560369,86.11256088266535,0.37374398706165834
162.46634246078264,170.3678282994935,1.340209472749488,0.05007762545524071,0.5973162144617989,45.11057549267157,44.76341163201271,0.34716386065885985
154.39174865803682,109.55666698427407,0.4511762392633278,0.08140282149403204,0.5382855435489063,52.240657307844174,51.95307361176107,0.28758369608310375
111.33159285310998,199.58675172890602,0.23804250740335764,0.08525342908542125,0.15559799413949102,8.412818377667763e-14,0.0,8.412818377667763e-14
124.95132068289074,164.13206210680443,0.9397935040293175,0.03706433278747088,0.3018759940258231,4.808041008394337,5.152303530939754,0.3442625225454172
100.53773741732599,66.96428446802658,1.4209740498551515,0.006732175537658792,0.19365944541900712,34.47755370954833,34.51179676590709,0.03424305635876124
165.73632661504615,139.65009533167563,0.6326161056985711,0.07437236609115845,0.2655417046407992,34.94733123247467,34.887337572243155,0.059993660231512536
185.09802917130685,123.15341327570566,0.17627361736589447,0.04204200038425524,0.397033379699141,62.905797267011096,62.509701708562226,0.3960955584488701
108.29482342684071,127.52400707921123,1.4793350191123076,0.00295182514796456,0.2221449508644381,5.415712125906161,5.020323470262035,0.3953886556441262
59.76466321407897,55.57241508165027,1.863404057736968,0.07876307155136386,0.4939815742747371,20.827849884899475,20.755166710839983,0.07268317405949176
110.40776623712435,165.856369152296,0.9292746933565358,0.0450740114675023,0.2532866196987966,0.9537125098191002,0.8641518860989592,0.08956062372014095
171.20789004661333,76.38444003108563,1.4941023764850336,0.04102123370939806,0.5246286263837587,102.14521727666623,102.37005986579481,0.2248425891285848
78.77895855995615,66.63824618282132,0.5286089232642186,0.057543033539509195,0.4741708643437501,18.433039233792307,18.05582061073103,0.3772186230612782
180.58035929227856,63.1902033004049,1.3942853816908487,0.08466916852707507,0.5278835934187037,125.14138352183721,124.3607221469744,0.7806613748628166
155.1910571645339,170.81625626830123,1.6012304277311995,0.05711600892826331,0.12685787063494405,9.605906990949165,9.633561517983896,0.02765452703473059
189.94726398469265,71.12959452021761,0.8628747422776262,0.07518364661631288,0.2625215199460905,123.28569194302528,123.92084024531546,0.635148302290176
174.37565358835354,95.86968353766557,1.606640421822642,0.02089803442187941,0.4270696563208394,85.70069248569236,85.28815885956213,0.4125336261302266
91.99665307342148,111.48048834637476,1.8460241719769448,0.0502547186791427,0.4301190503485064,17.758777813339975,17.353418092127065,0.40535972121291053
183.80592740506225,190.4824048063414,1.7476427590260077,0.09566578896403871,0.5879841424375721,64.20178557439891,62.57047115529004,1.6313144191088682
120.41676905984593,85.22077433787086,0.42237876608269564,0.03347270026134682,0.21733585626816362,36.41687276687719,36.86186903934463,0.4449962724674421
93.5286669866563,177.52302133636226,0.44312617310313707,0.01147786785523236,0.5197860254275581,0.5709530303498367,0.4497503716742699,0.12120265867556679
166.94106819644495,56.6070031712082,0.8478483406919546,0.07773306130249041,0.4696280215560499,113.99370274616949,113.9426346102103,0.05106813595918425
83.86676548695655,176.69539653100222,1.8757533133083832,0.06377517028467222,0.4184855369821454,4.465130590151526,4.6284831629582115,0.16335257280668536
94.70518213203604,109.45737636640658,1.7874801612609137,0.07633080724770606,0.23164750237510842,11.311631636578895,10.444658814363837,0.8669728222150574
147.57844071129904,98.43197237639978,1.5344994244224086,0.06421350416945178,0.4785287279406967,65.67483908189149,65.55700076755042,0.11783831434107128
125.85870491811872,155.8334119863653,0.0512650282977187,0.06793754051012599,0.45293940128159327,0.10650379560429579,0.0,0.10650379560429579
80.41856789137383,116.4439105994734,1.2869345460197714,0.06646233966181253,0.25515730681503557,2.2927230565811634,2.1382177024732307,0.15450535410793265
138.31805473407363,114.69099700923691,1.483993065503645,0.02303314786479842,0.3282114816508329,36.37985102599424,35.547157119603106,0.8326939063911354
153.55434679305262,73.79126450881698,1.3088955965819942,0.002046934357070118,0.40991070083729275,81.18367038036693,81.79079045874326,0.607120078376326
139.91340248603638,54.6483524675951,1.463018572473255,0.003025071426908499,0.30010855102705114,85.55180547957437,86.22326991030488,0.6714644307305093
124.57213191414705,137.1796740140703,0.6244896818715596,0.09812560830248124,0.37738917418300943,12.906896440829016,11.972652469290214,0.9342439715388018
106.18242218831745,160.90878046240303,1.8941709210524311,0.05032389658905165,0.47080466742664573,15.690169238686575,15.56550514725695,0.12466409142962576
90.21181736145573,197.45273699120898,0.894742551215322,0.07910490011474833,0.20013148213325735,0.0004814388573341228,0.0,0.0004814388573341228
146.5685507375784,190.05510279664102,0.8110008084244329,0.07299130105935515,0.38354109074348575,9.66038678634989,9.616498884551593,0.04388790179829627
159.64375621016916,127.02045882129434,1.7468681417151708,0.07016630138384886,0.43224922194547133,59.6018900211927,60.06415731351984,0.4622672923271409
173.2521380007594,185.9565008640016,0.7792132455638903,0.06340166829739939,0.4162382487173919,23.698397794687224,23.547046174923967,0.15135161976325762
151.35215327030983,75.53449883425344,0.9951977818321294,0.0643923530301952,0.5445931873054705,82.52827720431713,82.35256553019612,0.1757116741210183
180.13967983597888,88.42030716863177,1.488132999019361,0.012436368180645264,0.2740993175251931,93.5523789925711,94.00111115739409,0.4487321648229994
186.0460759383844,142.4812827592479,0.138108018081355,0.07543906033930863,0.36300551560403305,45.201252630916116,45.00431572055899,0.1969369103571239
94.82052926673576,115.27677426619162,1.4094442118655368,0.05424825545638432,0.18288164205785837,3.9969903199139942,3.4590267487056394,0.5379635712083548
58.70770276286985,147.87982572136474,1.9896667782290203,0.013174343045846516,0.1322397899962481,2.4597761557384735e-06,0.0,2.4597761557384735e-06
103.39217940531404,123.22336850295395,0.9857997366019113,0.08807251150477027,0.4323709386092309,13.9788986544254,13.73777419984987,0.24112445457553022
186.17742529437874,133.36496237740477,1.251600214544379,0.0324568347634824,0.1915270330158291,58.65893928913981,58.0575897629436,0.6013495261962092
177.37834264446343,127.34087606754005,0.6650496171464344,0.004196947092684522,0.1071581052410234,50.39260310425439,50.16081162759238,0.2317914766620106
88.26151420134985,82.54885549053316,1.0637234393086477,4.0578856002382316e-05,0.5907366134359979,23.419338455285384,23.01761854978501,0.40171990550037506
117.92693736362651,124.55888210452387,0.6116798723526357,0.025711053269571394,0.462806317485413,15.027797329310381,14.250595702751347,0.7772016265590338
61.61541278906573,102.23334803194032,1.7906609652493655,0.07365781162523438,0.3307182607083813,3.588362706630699,3.295431340037972,0.2929313665927271
141.64380176250478,63.423631455966756,0.28087044791565957,0.05173665684574638,0.5971097432296824,79.18038198881212,78.98352669140581,0.1968552974063016
146.9510512598836,165.43428618220838,0.4352023877543763,0.05757576576575573,0.462543585769321,12.359047049690659,12.218555036330574,0.14049201336008466
134.40643475171896,106.3151366015044,1.7680863066439447,0.08568853760526318,0.4930800572828198,55.167314208714714,55.639595084113225,0.4722808753985106
131.6147137223466,68.57809042120614,0.06665806116253367,0.03342088779150953,0.2034914353371919,63.18922957309084,63.25529984904841,0.06607027595757131
126.43512766424931,72.10530392762782,1.8084964380481454,0.09461404907471771,0.25713975551188717,65.85372100754464,65.52334887318372,0.33037213436091406
70.23141025688469,142.48855801473724,1.982793003757082,0.04408342809903875,0.22038689739030795,0.2512440697909133,0.3938723331787912,0.14262826338787793
113.7469078499152,117.08175303268176,1.8233364621019668,0.05054177885707555,0.22413888609298624,17.035118588629217,16.858035952009608,0.177082636619609
126.34425774812188,183.0084549400464,0.33554243005508994,0.0579735307673778,0.3787318346518438,0.7639879553369759,0.521037043683009,0.24295091165396698
126.80629001951817,132.96187178762625,0.5073341793952766,0.08226961693763923,0.5280374470142261,18.610846267162508,17.48371216728456,1.1271340998779493
116.94235078706623,156.89008375312096,1.9326130382782394,0.06504696122066445,0.2901415781098008,11.414058681839876,10.857668278186047,0.556390403653829
177.40583454821854,135.2600391199938,1.9667966414967955,0.08092324162367337,0.5636909295417186,82.07461624207298,81.53740127686288,0.5372149652100973
185.79528844469348,143.0167393998653,0.6105512862952414,0.020575666946098994,0.23848460706157756,45.50433083933132,45.916256359201604,0.41192551987028736
155.71954074273532,113.96039477611086,0.9765683204277985,0.09836679750312641,0.5655877373536283,61.611111511732915,61.664668862185394,0.05355735045247911
153.79900495797713,113.31016031026275,0.06475494033422026,0.03351228235608438,0.3778797238310596,40.73681932554331,39.51923236785664,1.2175869576866702
147.31623558328317,64.96437044340189,1.3288089146298718,0.08295418007258482,0.14533550809526166,89.13233361855947,88.63033709727279,0.501996521286685
70.36787384398907,56.704323270700044,0.6029859226447852,0.060166621017087155,0.38976416059137664,17.797286691691376,17.66295477671953,0.13433191497184538
165.16347400587216,54.77595202558792,0.05633483450078686,0.06226021725460619,0.3847746196008718,110.57930766408913,110.49267645084865,0.08663121324048006
72.1630167608161,63.89906803043361,0.9529136103700908,0.05367260590460576,0.22184200422401293,13.173707572152743,13.220221292816657,0.04651372066391346
199.64719507755507,133.61818725109185,0.49168194527361114,0.09651375582581616,0.4555872036765437,74.05061573558807,74.58237066598542,0.531754930397355
64.46149015488731,141.54269225167093,1.4543931443734746,0.009526539462187712,0.14210288358195886,1.077612849263612e-05,0.0,1.077612849263612e-05
195.16611957114242,137.15456451673458,0.21425608384067446,0.031128552869104133,0.45930379616601547,59.569274692062606,59.86665000376743,0.2973753117048261
86.5994887782737,115.70067841093629,0.31760866847686736,0.012869443586669216,0.5306865277041192,2.6908942434862144,2.0915740325910086,0.5993202108952058
83.4264170962269,154.16112218650971,1.105322786010972,0.02596970575368549,0.4024039715200787,1.7699043872295235,2.1462551743413947,0.3763507871118712
60.49329235309601,137.04067721231817,0.7638731909825844,0.08724701978923778,0.23303926932900024,0.0004870009899197048,0.0272927238458891,0.026805722855969397
60.7380953227874,108.91774081957738,0.15192429656882894,0.04521889761655057,0.42907369941050166,0.0009593644179321272,0.0,0.0009593644179321272
62.53731728465653,124.58838643064371,1.42617142223848,0.03310749872850114,0.49818783181741877,3.563150017913973,3.568264358097707,0.005114340183734356
126.22893721673672,125.39216995209806,0.8712023758942353,0.031155645805890197,0.35107339799249215,18.337440909939005,18.030657461396306,0.30678344854269923
107.57889865123612,134.99259960016195,1.6321273172101673,0.02208236359311673,0.48725697683822355,19.047523427596346,19.44105515263809,0.3935317250417434
128.76324544508918,130.60443877804988,0.560328936063854,0.012656352906328572,0.16969372368948296,6.095092195457852,6.23801558402598,0.14292338856812847
159.34100033984777,123.45363910881075,0.8160438997712648,0.008751856683157056,0.22636613640842798,38.11040698085728,37.34199872069545,0.7684082601618272
68.70490261443288,112.99741383227257,1.539555087659177,0.08958146879685616,0.5550599257056889,10.495359164096772,10.322081335361492,0.17327782873528008
180.0235902386348,176.32773633300354,0.6231723208723189,0.02937255367684475,0.5041042799390275,31.42818815935496,30.750927988748618,0.6772601706063419
187.459004153567,129.07406185554953,1.683656462360555,0.06866144352994678,0.45360507182726795,82.06699434358221,82.0538416454431,0.01315269813910902
158.2225104223992,85.68976785926947,0.46395427239230674,0.0713333744373489,0.3997403931161293,75.41332021497011,75.31065678687807,0.10266342809204332
83.27349532620167,134.3488269358135,0.5025492350104148,0.00746871911492979,0.5808872118021795,2.6492860768805233,2.1560648533802116,0.4932212235003117
92.9101106526999,142.97680380858742,0.9909434900404437,0.043374301173415244,0.4015800039630183,3.9215034525580705,3.745342675618577,0.1761607769394935
115.73575356313603,131.45137732673365,0.14572424402867934,0.04516243039909297,0.4322485333695101,2.7402754251199113,3.6430477179599805,0.9027722928400692
191.5539188819791,104.38505303174074,1.3733643234917619,0.04471555038106439,0.32432955213008186,94.19992547103547,93.98275101972956,0.21717445130590818
109.94939790944912,177.11415655869894,0.1188327575112373,0.01986763730943173,0.3971488616552571,0.0012779850597299316,0.007010245517427904,0.005732260457697973
153.50379683459158,193.48691991243743,1.8716978782542226,0.0067745410396686245,0.40839635807319374,21.916449247795924,22.349331588538917,0.43288234074299226
126.75249396804762,157.5031805436722,0.48722663726967164,0.06365189798435747,0.3930849878900554,5.624568356602225,5.603458373828349,0.021109982773875657
152.92495285278255,177.27327793537833,1.9735087487548066,0.06808061037840067,0.14887790730763487,11.817882528710655,12.895974256367968,1.0780917276573128
166.31835745363634,135.5285674299323,0.6278450093727614,0.035915652957135925,0.5974360928870833,47.947955122841165,47.6883716196331,0.2595835032080629
63.840034953115975,90.6871254581252,0.5578257508251535,0.010161618180360578,0.16218183316652504,0.005874015205797362,0.0,0.005874015205797362
141.65980429379317,123.88683821185695,1.6050225991795068,0.03613988320610302,0.15293779058620213,26.860514873946983,26.420864182465778,0.43965069148120506
71.84075856833263,100.76160499755586,1.5003475087695863,0.06150128147196238,0.23747068866794677,2.601795778248446,2.7619430734217367,0.16014729517329052
121.5690841872874,169.40636293209246,1.248563568929995,0.04115889160577553,0.5520523201589007,17.879857717675534,17.547252411276787,0.3326053063987473
71.9584743329311,89.68565497546332,1.607079900133864,0.05259557037967753,0.4372017846655545,12.110923163517725,11.733830090849626,0.37709307266809944
199.8787175591831,87.9056957720316,1.6535973555054857,0.023713380844001854,0.5755095692312878,120.9138642031014,120.02329649374472,0.8905677093566737
101.87757916411854,178.66581314516856,0.5903121706572643,0.03030018835363837,0.48503776583003055,1.581210382437396,1.6668174697915958,0.08560708735419986
127.5157147654428,144.2963341335995,0.9084064955503471,0.09654032048936403,0.3055120325014671,12.811712601092005,12.288070663509075,0.52364193758293
184.53213431273088,158.87792189308402,1.8639924532846692,0.09809364807992937,0.5685493979512571,78.02442324461863,77.47070134988152,0.5537218947371088
90.03624644464522,129.08112126945383,1.745481693097393,0.0991707423222142,0.3689440050033844,11.21607866266664,11.119446680900783,0.09663198176585652
129.46184992737471,65.74588005984518,1.390513289934104,0.047029473447737086,0.4251628808312439,69.21414160670659,69.0027636397717,0.21137796693489008
83.52074015434502,82.50600799644411,0.9217537712364668,0.09454579994906458,0.4481008557034062,17.8564144214061,17.024315563575243,0.8320988578308572
124.87913381333351,84.39514625960143,1.4478466336543772,0.04612427337232047,0.5098696913077826,53.74558953943622,53.987351177218656,0.24176163778243875
114.21339138183556,169.40883072532714,1.3443280259024977,0.07475190285957144,0.5683210740284547,18.250868528483892,18.006208470718054,0.244660057765838
109.10846836305251,83.7333455585431,0.3126114879496011,0.0069036458874214505,0.17799934899010936,25.5663288972939,25.000430667970377,0.5658982293235226
123.19642473239708,62.69625596042588,1.0101175638879207,0.049298974624869464,0.2515293666901455,63.558806153930696,63.83531119042102,0.2765050364903203
146.68659528512018,174.28260346228365,1.5908744647409971,0.02077422837008044,0.23472804480869228,9.586283673814187,8.93011313767363,0.6561705361405572
129.7419378043159,168.41767903331134,0.1597857127966571,0.0665744057999626,0.4833866804010255,1.3025970789002486,1.3536006893732448,0.051003610472996286
130.31521847450045,59.20124619734021,0.2451389172831851,0.02921012788437787,0.4817714771500434,71.53865665700499,71.7659618795594,0.22730522255440633
160.92455621574402,173.9801384022046,1.525251987008252,0.011420027429537405,0.16464368735433146,9.002906880326002,8.648104221411892,0.3548026589141102
186.72198569115312,168.99998030468197,0.3323877160039213,0.04021574249792695,0.3521210339528067,26.423619543812123,25.57296259969668,0.8506569441154426
56.58922153600774,65.2403837399073,1.178156743209785,0.036465409670000684,0.5416755544316438,11.00401583224484,10.679209629035533,0.324806203209306
135.39967710983643,160.16362700089496,0.47195993278154236,0.03600145833803047,0.32784098116577076,4.922057026985577,4.420739559806382,0.5013174671791951
91.34460212234666,102.2912839940716,0.513664980943399,0.08597811332610576,0.3781848439691685,7.261984827177379,7.244420405931699,0.01756442124568025
128.72167814138055,97.0595064923414,0.3850770913623465,0.014031259316006406,0.5102144415983532,35.64631028790461,35.45353300357306,0.19277728433155517
125.51587723396545,167.195490667275,1.83812024455548,0.0732543363651789,0.16683653781231575,4.5692152467488505,4.96922956312887,0.4000143163800196
111.37646481026617,191.8011950624861,1.2349396704709257,0.012077820777162074,0.4392003461613351,4.92689307783748,5.244418825638579,0.3175257478010991
132.59775914906038,192.2194673064132,1.1591200377935,0.0635477574550644,0.10294308457742637,0.01891910367086236,0.0,0.01891910367086236
172.85752249096402,68.3042794409614,0.4221275361165239,0.07128271237141302,0.37692351879725416,106.57820230295259,106.77626437366801,0.19806207071542303
171.07994732070938,99.27885472223693,0.6823462450167409,0.0022519206332251795,0.1720089770750662,71.95379029974688,71.79206364856607,0.16172665118081397
78.2156342182027,154.5275432635887,0.7718688735310636,0.03642542019971622,0.17929209211843064,6.360179273803379e-05,0.0,6.360179273803379e-05
80.1466139614811,112.70754377167623,0.17017687721718616,0.0540515724925986,0.5719443232967727,0.8037119377602666,0.5378489521644667,0.2658629855957999
165.65313824285647,167.71921919981065,1.3592453690736142,0.05786038743905182,0.2290683809109633,22.860469426438883,23.262984815302516,0.4025153888636339
99.3077515440796,57.163032675857714,0.6145958963630186,0.015299499197351463,0.5113689109611385,43.76371815876573,43.39677470615563,0.3669434526100943
142.62818229871755,60.465665450573994,1.4975249414498875,0.014389800163145228,0.41801751847564517,84.25061212101522,84.22458117121812,0.02603094979710363
52.42927433470954,68.59508896022925,0.30908533112690145,0.00037037886910906703,0.39248004848789364,0.685604723754178,0.0,0.685604723754178
113.95793370036404,178.90112677838903,0.1347719841512659,0.04014688214648818,0.41168314499808456,0.009835484123581623,0.0,0.009835484123581623
78.83902011897435,78.58859037369453,1.1966977593538664,0.06758636755654782,0.4608021987976495,18.43853164599436,18.27057158360148,0.1679600623928792
114.50517837081729,94.42619668044833,1.5412607922483812,0.05751635068068566,0.48204052718095625,40.14611988232408,40.70371132861713,0.5575914462930527
151.67965464576514,68.22966499592913,0.29618634252115006,0.09029710676238335,0.5681530007297969,85.28648621790664,84.63529500705611,0.6511912108505271
138.4839120936428,63.71530349489322,0.5137061002498579,0.07005069514238806,0.3527063120007,77.02475309293968,76.99803576364363,0.026717329296047865
75.05573111619296,82.33248690562934,0.40054167733564394,0.027527709414845405,0.2233883969022262,1.9338833218663218,1.5653616384419813,0.36852168342434055
166.39067447726376,132.14355896164597,1.4705257093967294,0.07763866854467175,0.3858701176733321,57.16609488424574,57.48608532969771,0.3199904454519711
86.78987646639496,191.81607308247925,0.6166837698182505,0.043000751321721244,0.23933501824587342,0.00011996504747799125,0.0,0.00011996504747799125
75.45449057941674,129.29319262595018,0.1412914952479143,0.054808078330035495,0.3003473429218414,2.8150693185829978e-06,0.0,2.8150693185829978e-06
53.23679394404499,155.80539171963147,0.2834966320002949,0.07383817668282039,0.21716758387471854,4.7710177286106795e-20,0.0,4.7710177286106795e-20
141.21933743837042,85.14755325478848,1.890821508150809,0.019324588540467216,0.3704316361530944,63.07451898240589,62.82761212940558,0.24690685300031134
106.62658727949916,183.9465535016557,0.08389274794681234,0.03561098515639344,0.3814540721679801,1.3413912559070399e-06,0.0,1.3413912559070399e-06
156.59821667023266,182.28229113891112,1.3220353948851726,0.040338017031254794,0.3264330576713693,17.23921265300413,16.860057372076817,0.3791552809273142
114.69774222736869,180.0852093079927,0.6317873500367753,0.09989312651615295,0.13821236759571506,0.0007863201476753685,0.0,0.0007863201476753685
151.89250292177962,72.51375188224125,1.9440910836918215,0.014182764652144741,0.5793359364728223,88.63455129764893,88.72829232136115,0.09374102371222648
86.47983210199155,191.0811777283314,0.8469279925094367,0.04437836614726396,0.5324584462771093,1.6125996632921593,1.5353578778960006,0.07724178539615867
169.06984664746443,172.63659623794285,1.0718309226682488,0.08744325563063017,0.5658434597883666,43.80745757429359,43.29651350882753,0.5109440654660631
180.68879414014802,71.83581560862392,1.1825508915639105,0.0166422012042728,0.1593076985468563,110.25290479114118,109.78340103838383,0.46950375275734757
82.21103892308173,120.47329453738773,1.462238374608917,0.09700555575146078,0.5723595561068343,15.552207829173351,14.745442333369382,0.806765495803969
195.8527299409981,80.96851448636497,1.5239064966823186,0.07960989648787516,0.23421049940407487,124.13688416570965,123.01916252910368,1.117721636605964
119.42317018358536,148.71098823555076,0.6005144871018825,0.0026729649623277174,0.5116661055647385,9.566437960313408,9.397362568360101,0.16907539195330656
89.9120785223005,60.67144170232889,1.186081880647866,0.08472846882417917,0.5811699689653662,40.41457844242948,39.87153928033134,0.5430391620981396
94.30385380161349,143.06558727208426,1.5867359756350208,0.06734849113799725,0.5999673507523813,18.25257206882083,17.47126432511292,0.7813077437079095
151.6808440346794,165.14992413491598,1.4578541273773722,0.028295125682997746,0.4528103365375902,30.11517226220434,30.488588829948128,0.3734165677437886
73.3597054744871,137.75409147961733,1.2986488759665702,0.08755806569626785,0.18486512424244114,0.0463845564907831,0.0,0.0463845564907831
132.63631527356046,77.45543462494449,1.4112205815073484,0.03276119070170515,0.5003904612975948,63.61033634259997,63.03676011743132,0.5735762251686509
75.99901944439334,83.29559989134361,1.0037841238830472,0.0475016376202228,0.4743293158205478,12.947282688243146,12.92636903908005,0.020913649163095016
141.2844534498522,149.67353275062518,1.0382033727091002,0.052093792112237816,0.15254037786668814,8.515258356382631,7.611736728940148,0.9035216274424833
97.0840054702984,181.27454472039767,0.6948998130354757,0.04225216294906662,0.10509317335911125,8.911198089521523e-12,0.0,8.911198089521523e-12
166.9036317178708,137.41417701563498,1.509292793640356,0.08644347245296202,0.28115494787369444,50.82151906197363,51.76605826468365,0.9445392027100183
130.08584490835594,130.84147809485722,1.698405726674177,0.025009935987483647,0.5642046165314398,39.03095026863946,39.09092352267769,0.05997325403823339
161.17999561104602,85.56784821831808,1.8743898458606982,0.016019709893267908,0.2066575060265363,78.24767826537222,77.73883136430553,0.5088469010666898
115.67623485137558,129.93853969952073,0.5128533051125167,0.024796766975936427,0.5019443362160979,11.79799449813548,10.784085097614422,1.013909400521058
165.4625251025974,180.72173623093545,1.0945856262563476,0.002694111174362146,0.5692005458371964,33.498472792022774,33.02719610782492,0.4712766841978535
180.55814081038145,186.2229916127343,0.9816157172157856,0.05693515796102569,0.5455512430694718,40.25911951512208,39.73463643877953,0.5244830763425483
169.42580159280493,151.98381975431533,1.3191479245741777,0.037192159220764597,0.39607497336994246,42.2685420416922,43.145490622406626,0.8769485807144264
125.37628504086798,61.50162992388411,0.2608564374549606,0.08582733588888253,0.2589073770668193,65.23629188453745,65.65610586869131,0.41981398415386195
78.89659727614068,166.2823197769814,0.5148313986062597,0.044297180759876945,0.31543811623099594,0.004840299621978822,0.0,0.004840299621978822
67.41489618523349,115.45006032153827,1.1148864035592236,0.08776554702183312,0.5789735778756057,6.907196180285714,6.831645188089652,0.07555099219606198
175.44237666629073,95.69038552085053,1.0410151925316993,0.06796803375804462,0.38556473159927085,87.1314275433289,86.93137020151264,0.20005734181626167
99.1711581040979,144.3092084517168,0.18717217517520796,0.07360588232689592,0.3604224047978143,0.0643207086198323,0.0,0.0643207086198323
194.17688896200255,184.2066482038053,0.28894648061500117,0.0224723656253937,0.49547424503856075,26.04950103787648,25.394450910141202,0.6550501277352794
152.43419839229676,167.8797158897989,1.7575317244225777,0.00870025886296676,0.41794626349934183,28.58957282465238,29.083223784298102,0.4936509596457235
122.04672504660097,149.02154344784572,1.646356569266981,0.04803800757145106,0.5829398342587232,30.51414006966136,30.490895885459025,0.02324418420233343
109.1069294750233,194.54313642611177,1.40979533988244,0.0011588863293976682,0.25563426053375715,0.4841362656068826,0.0,0.4841362656068826
199.83865673376124,60.27761343788609,1.4397631448085628,0.056288523346039045,0.299367048033474,144.25506520923716,143.59602001751517,0.6590451917219866
93.24778517157031,169.14534265597763,0.5291219559431217,0.05395303177591331,0.466495124774309,0.8159096047269285,0.42157249698181687,0.39433710774511166
186.54903652778788,165.83794176610144,0.1351072928396133,0.055087542818085936,0.4821330354137193,26.322785418034726,26.579980502707528,0.2571950846728015
190.41132297345618,188.79697722506012,0.5080225167821558,0.05382221896865658,0.5103432567908744,30.479043282206206,30.94651946720594,0.4674761849997324
73.75921972977112,79.30379231424541,0.6749982854975966,0.03228750085289999,0.5342094908677767,11.313673958751384,11.705563997772732,0.391890039021348
84.21639256519072,62.50793155499528,1.3156148931175486,0.05029807636376227,0.45023054933303075,30.74727693207312,30.955431572905344,0.20815464083222324
113.42764452045765,63.84299798768513,1.8359919610575344,0.009926372148963015,0.35590002118287856,52.84203368223338,52.272248184940764,0.5697854972926137
58.87104830087393,161.41175667710814,1.3381745520317507,0.049698002610054165,0.35219415868885207,0.13336587245820397,0.3562994357166218,0.22293356325841784
62.71621141583671,130.5510001076771,1.6995217303270433,0.01048361327120152,0.22825558638857782,0.0710956220850103,0.19202691307378217,0.12093129098877187
174.18862207348582,68.51906735759061,0.2921239725308479,0.09978189214354413,0.5726366595423397,107.64650436937501,106.77487677451902,0.871627594855994
86.13389090766219,146.42224202815717,0.10160364980484593,0.027535953439789207,0.36578599026671976,7.949840908177009e-06,0.0,7.949840908177009e-06
161.16518552631692,174.08934912263626,0.6903243232726947,0.012435782371102044,0.5805020855531647,26.398752750157655,26.96687200796919,0.568119257811535
108.5599769338662,183.10842352691523,1.9692046195266582,0.02465876896022894,0.15611012854454984,0.16200997163724784,0.478578542317706,0.3165685706804582
150.79581967562473,66.79370789019367,0.5112791003856393,0.0013239937544686998,0.43162405800548553,84.08670231445657,83.51673211570687,0.5699701987497008
138.35312313653264,165.59338308027793,1.1151629004134231,0.08008012427061456,0.3791778778721655,17.021877960967828,17.02794328264741,0.00606532167958207
90.32408283327369,160.91628498270114,1.9719254192959799,0.025213548323373858,0.3118741756990381,2.8136587924199326,2.746779807811759,0.06687898460817365
86.16518520831619,114.44567981845543,0.3101756903681689,0.07233728965812455,0.42300608011416563,1.5505729348986002,1.2817852424210479,0.2687876924775523
76.05730526674807,175.42895023940292,1.764503449111346,0.08257292591584559,0.43670318837758026,3.471371382248492,3.290480186349651,0.18089119589884106
178.84742908365706,163.98447887917158,0.16804148182937007,0.014099526176604338,0.1842987443919474,16.006267731152974,16.119187141799436,0.11291941064646238
197.84158402692276,61.75711766318759,0.36674782082370394,0.0391132400186482,0.35083090866137645,136.9640298542728,136.02508807167882,0.9389417825939859
65.19522572357364,111.4159597072953,0.9997916231060652,0.04411714296556997,0.12110452281429393,5.48134750485243e-05,0.0,5.48134750485243e-05
177.96553950960384,86.99495755718618,0.47422452996842096,0.022493689992684876,0.16734197548610982,91.89363048741912,91.87992360421859,0.013706883200526931
70.47052468140335,121.19878533000346,1.4801767170118374,0.030820683831113027,0.38284775329350706,3.0317193758532586,3.213377406684703,0.1816580308314446
87.66833954092554,113.64802830315797,1.3506914484085661,0.06707143634028671,0.2980333653914635,6.61083786833554,6.66206174149125,0.051223873155709754
83.96527851496643,72.1892067420733,1.4734968407269398,0.08088537269969502,0.367776991148665,25.288505705259347,24.598276677943552,0.6902290273157945
65.36419076209383,193.72534487093256,0.6040546766731595,0.04656392883473129,0.3076547919021745,2.6201041747100028e-05,0.0,2.6201041747100028e-05
174.23331976908992,147.07525615995593,0.4372085713400031,0.042678579841056385,0.547077747604345,40.78172984343273,40.38765220289511,0.39407764053761696
165.00523811484288,73.02082268350019,1.053255478384451,0.020708174959922554,0.12891201635843166,93.55982937213611,93.88732069288639,0.3274913207502834
164.78471008816135,143.77838190129796,1.8440749478780694,0.060162625516906265,0.44884663566252136,55.93593065482122,56.36002331109515,0.42409265627392756
154.05479363205728,182.14370587464387,1.386785385820636,0.02569306109937416,0.4470155002059313,24.42256607409324,24.600219062840942,0.17765298874770252
54.64921827217017,100.5892787213277,1.4920927595038622,0.07904860995134709,0.12030457902032723,0.0010810576069298083,0.0,0.0010810576069298083
124.41782892628949,144.82509732198645,0.461063749255726,0.05439069640210305,0.5129313148132948,11.14260837737993,10.656911614663265,0.48569676271666395
124.55387693262233,76.01880778291874,0.14724033933918948,0.09913640132919878,0.2512887629267627,49.636647118918475,49.31015239116543,0.3264947277530439
190.7070309493133,177.91901052787617,1.4648035132693082,0.04139142842988944,0.17021453028550357,29.137833404650564,29.138924060854947,0.0010906562043828671
140.56174915904938,107.87513044675742,1.9098282715013066,0.0316311726077978,0.4171253576078189,51.056774811171984,50.715291881948815,0.3414829292231687
54.84932987672491,194.02177682936693,1.1547032930407504,0.004032467860990019,0.5839532805333267,0.5191992937335064,0.21344998879395405,0.3057493049395523
167.95468933142126,137.4869248285343,0.5632186845429312,0.029209725408944023,0.5933383274897223,46.09927686632618,45.97612068355894,0.12315618276723939
119.67590107884848,58.622305178329086,0.28022767248218167,0.039486792560433186,0.15767983661441856,61.698693146592646,61.382735087503235,0.3159580590894109
61.97895348144886,174.31712074224114,1.2727071728995427,0.0425373565066167,0.5730895935799376,1.780582458182697,1.807452822885729,0.026870364703031946
178.26671607280161,169.04953912736067,1.685020512993423,0.07400926838620518,0.11304687945602085,30.346070976454058,30.04156226273069,0.30450871372336863
103.85880658408686,184.61000974641684,0.9095314226756536,0.04436621292197854,0.35309799506546413,1.0803817465481433,0.4297571884201119,0.6506245581280314
95.35146682134246,148.06300704444843,1.597693204796314,0.010264570279477192,0.23570891066549252,1.2166776369093473,0.7546411978944008,0.4620364390149465
150.5433829130253,134.46981159225527,0.7062483380478681,0.02844287570842126,0.26526154979120764,24.05563205248319,24.367132271536633,0.3115002190534426
78.3067697106715,71.25594476633954,1.2720602166853998,0.05476447007910682,0.3274868289087949,17.54289440417061,17.55499495595336,0.012100551782751268
186.73779421381224,58.26993882172576,1.5277444065230668,0.020826054706178244,0.5072860172560865,130.96327922368732,130.47222694844464,0.49105227524268
143.61089240666251,156.92479154826225,0.1446001172029075,0.06975071452896735,0.4241893308444843,4.854042750094344,4.234846051576778,0.6191966985175661
181.68706648820105,142.55199285630246,0.553540157990689,0.011506207833075167,0.5461378633283981,50.69037765641799,50.17030502833519,0.5200726280828007
179.38217006124881,189.17945945488475,1.8566073970085357,0.03676180435599518,0.22032627508205374,22.612005107846315,22.50849530906133,0.10350979878498379
197.90446146149355,125.72326442919433,1.1680120105924936,0.04921007734098039,0.19728128854436142,79.29290615113405,79.39707654104365,0.10417038990959782
87.40813637483177,61.59646451366195,0.609150800261558,0.04412058759840152,0.339469965799964,28.110321393559865,29.554150341241016,1.4438289476811512
67.5035908752639,110.0416864187402,0.3037799817558793,0.055586263674436046,0.3044122996460108,0.010451533155872134,0.0,0.010451533155872134
129.34666779172085,182.80238795608807,0.9063690141705513,0.014754153517373525,0.21205399342323286,0.6382634746486069,0.4043944256284746,0.23386904902013228
95.6241761809924,91.20424564677674,1.879565127384222,0.06540238907526114,0.2861747068771566,22.443233583135125,22.7310531475446,0.28781956440947454
141.78199723873166,78.44982415100782,1.2685517809256868,0.05095569745683133,0.46066394677170985,70.7794377677842,70.5218800330012,0.25755773478300625
67.67658513587466,94.84960186108671,0.49206370010529815,0.09665373677378668,0.37712687268320255,1.4227673696021768,1.2933482856820895,0.12941908392008727
186.46884257440502,153.82751080889858,0.8296704739527279,0.026449317773820535,0.4139611180477252,47.084626874269375,46.90369376561718,0.18093310865219792
145.76181249090405,69.7908365347607,0.3424834397522192,0.07336762012160235,0.28231133719002366,77.70278178086774,77.24673101817484,0.4560507626928967
105.69207312629405,53.40612190257063,1.2860192593987894,0.08512003772085841,0.48279459916586165,59.07682773370712,58.58073218553551,0.49609554817160983
88.89380140342196,157.51119738092794,1.5286636757399787,0.0354187899328162,0.45877112294780553,6.248655721053989,6.709271620578285,0.4606158995242957
87.98234646549525,84.19717012892974,0.8438436335973217,0.011940789553756515,0.4904593108490385,17.691160139597713,16.770874612562764,0.9202855270349488
172.01611198643837,184.8870563022005,1.7244467900761231,0.004834951485592032,0.3545135228346873,27.33784934577139,27.855953781079947,0.5181044353085582
125.08192131928021,63.70266745039452,1.7202536502914143,0.04237792808895727,0.1691243057671711,65.85983809587398,65.95215043494608,0.09231233907209457
69.01623832027714,192.9585595002001,1.3941171401839334,0.022098891564048897,0.24944409317841823,0.003030637057031174,0.0,0.003030637057031174
151.01314671935927,85.38348080965191,0.20968319104079908,0.06420523753637548,0.5770626372238608,66.91248649805793,67.41219331143532,0.49970681337738654
97.75748264529938,136.60250385992651,0.9962909730326523,0.09249152397362057,0.26196178253762725,2.741843112556456,1.590553289588705,1.151289822967751
122.4603016530754,185.4854435661441,0.62100159784219,0.04946019085941055,0.20091678361430423,0.05852717393000084,0.0,0.05852717393000084
163.1206728349614,191.85835054205958,1.592078004173235,0.0442826255128812,0.18285809890925767,9.081993455478653,9.02043184760657,0.061561607872082647
70.71421823306093,170.59267498536119,1.4153209501818704,0.09849217842455404,0.2624936927113376,0.09326313438242972,0.09186708819881062,0.001396046183619104
59.490732724193705,186.16015082479416,1.9329932434044101,0.04309829167669256,0.34472253268906683,0.22683905840621277,0.2991270962783261,0.07228803787211335
68.84957793028039,78.65440189212782,1.568163740600919,0.08124070033503283,0.46589132859250415,15.648403393373535,16.085016819703434,0.43661342632989886
84.57374947257549,85.84735172844006,1.1240734949608298,0.06317707239304605,0.5501421505019178,21.265619570732824,21.526617341109052,0.2609977703762283
93.59841501228331,105.20444078371804,1.3565921042308249,0.05389889515646978,0.301580803143761,11.349315323509998,11.395767457700828,0.0464521341908295
175.87607993514865,116.81161383445264,1.6209216021993476,0.014053353923273604,0.5153419520453424,75.52321119334646,76.07054468589463,0.5473334925481765
126.1761008326653,185.84994575672468,1.7918681735525848,0.09454271211601395,0.1917427046695737,3.9604397992998663,4.381238246428321,0.4207984471284547
144.65148289136027,95.21926310989377,0.5913223978188654,0.0013918168522146113,0.15179393741402533,49.51111260864778,49.26555011945546,0.2455624891923165
130.00378812720515,180.0703159482295,0.5896483334540872,0.08594364458151847,0.5478448237283128,9.568913694042635,9.865147848065135,0.29623415402249975
169.05232258399587,112.45538827853069,0.5120415861580825,0.007911926002831826,0.5764850045874348,61.734997620715845,61.22790632982459,0.5070912908912533
115.70765271564962,125.55979364611636,0.8038202546586863,0.05561966740481833,0.3431363417358635,12.334017757017456,12.643583716789898,0.30956595977244206
90.81774509579722,110.64498144181451,1.9346674393790348,0.08228006860657881,0.12639054916197165,4.8658305712465335,4.013377191277666,0.8524533799688676
69.94287033642566,118.15924962268596,0.3145734214591693,0.038889166595867976,0.5309225110197183,0.4648823586654167,0.2746979665729654,0.1901843920924513
112.63103538927383,163.25484571333658,0.7839559471424334,0.02653535618233002,0.3203145311040553,1.970970524580812,2.162462199912909,0.191491675332097
102.40946376235993,78.90000328880132,1.979865991874814,0.08250818220998618,0.29646606188853564,38.15033779627541,37.90859297496994,0.24174482130546693
90.12990475497986,195.67789505209666,0.3295733182568733,0.022038208873620593,0.5653025700362581,0.1278384096145233,0.5673851158461503,0.43954670623162695
194.37551808106997,162.35027549948109,1.8156766823818649,0.09236716968001478,0.3704917712652427,68.60807456695485,68.02079655232882,0.5872780146260368
84.13008998060457,94.32404094569554,0.6614312330326538,0.0234766181765416,0.45537463165720493,9.085735731489859,9.394885763967046,0.30915003247718786
198.8516815757701,104.31084701837611,0.31146772590707045,0.030724946277365953,0.5708824582770169,95.86511449899469,95.49200501658433,0.37310948241035646
195.7713441615334,72.87019922498374,0.5047762119850013,0.0631190834332998,0.2762617347135299,125.18626718477738,124.91853437847905,0.2677328062983264
148.90255042451793,122.06972433783127,0.709287291631007,0.031128604231406655,0.38712819956602174,35.906034510801035,35.851941667059414,0.054092843741621266
183.05090259544298,78.57750559789521,1.6450258461149494,0.04874457263176007,0.11001885466097208,110.52821912964988,110.37868515013517,0.1495339795147146
93.22989518008464,143.83103548108102,1.649205262177126,0.08603614257439163,0.48496892502806177,13.622930465704282,13.818608910786256,0.19567844508197396
152.15885444771754,175.20500997810305,1.1369178514140703,0.022346606313332164,0.4418216499058548,21.629186975049606,21.59664866367987,0.03253831136973773
158.6710685304559,193.08097650757193,0.7298009470189699,0.0769426066166453,0.36618090707860795,11.342467270896826,10.849022937249092,0.49344433364773366
79.38988303522913,101.58131082059114,1.0303934644394748,0.06778915243466233,0.14220929803448948,0.6677419029558394,0.031857876937216645,0.6358840260186227
78.61338366818201,130.45148090820584,1.8089984525095772,0.09559481653159421,0.44891998595005544,9.972027018947198,9.848553312969901,0.12347370597729679
113.57108339610066,109.467789498253,1.4784488202778914,0.061436274118880856,0.32584564503653535,24.419826618703084,23.451888754590613,0.9679378641124714
194.64861303272943,99.54673753900337,0.11939509570923648,0.01516745647598211,0.5757959171096251,95.2845684801909,93.80174057636353,1.4828279038273706
66.70589142767662,151.08939207835687,1.7491466016293278,0.01396070257281682,0.40909256485670453,1.654599790128712,1.8374619179104599,0.18286212778174793
151.22191286088045,96.43614731062954,1.8100870373674622,0.0569494939566373,0.28322910126321754,65.64362369057537,64.93760384784304,0.7060198427323314
131.02129284995436,72.13465655657645,0.8168165998579419,0.09616126379869311,0.22543398010551544,64.3380099931336,63.814580875468955,0.5234291176646408
124.08816592362719,146.5094407921925,0.3977386879441357,0.06072647812453346,0.23512808330811671,1.781246753050052,2.09719410509301,0.3159473520429579
162.3217702826342,188.62873768296691,0.6687188450175409,0.09134637604554711,0.1995510544327734,5.085462004812804,5.488283952598465,0.40282194778566094
153.13009026648078,160.00197564338097,0.37057397737188635,0.011245459525381985,0.29343589711587625,8.28866962371638,8.463272673666133,0.17460304994975218
148.14505112046263,79.39022281335099,0.7686188548193673,0.08766397213843524,0.42510009620877653,74.40710470611751,74.23535089325958,0.17175381285792923
139.1650495634678,100.48619982654367,1.6171364362443366,0.028632728393778985,0.26030679840443793,45.70747980459758,45.59968888135579,0.10779092324179373
195.08041205804494,126.17329123640755,1.0360300981703991,0.08791868600444923,0.2766429964381327,80.39102372600281,80.32844084579983,0.06258288020298153
174.33183378144273,141.81504904398358,0.7367731507180069,0.006706964965513185,0.5511034070592662,48.92723237539336,48.38107274602642,0.5461596293669402
83.15471025262134,188.99966170842652,0.5910289845265858,0.06512928991184062,0.3903873114716865,0.05226825561829607,0.3011560350012914,0.24888777938299533
100.98644033152209,179.07597787943487,0.06971921451677078,0.08545390499548061,0.5134582354869968,5.7189468874609085e-05,0.0,5.7189468874609085e-05
67.53452578029327,139.1725539249435,0.21758510371361894,0.013457669947296504,0.14038934596414895,1.1205003397828713e-28,0.0,1.1205003397828713e-28
63.17452579742198,67.1071907732725,0.99718754469863,0.051116486355979956,0.39954146023251813,9.74031424854575,8.915353455155952,0.8249607933897991
130.8186657360688,175.88299136575907,0.3001832338293256,0.08028439211437739,0.44565061989266386,2.4322458201716586,2.643044967460277,0.21079914728861837
189.3536759305459,133.2499968967482,1.9241416349864262,0.014475582798359643,0.4956970881071281,78.80779334473891,80.14439584189496,1.3366024971560506
186.42818844577303,95.25187319455097,0.20271681491031535,0.0030598228389704164,0.4561857107417905,91.23922665894837,90.24822534726204,0.9910013116863325
83.53854813140703,73.23638874872944,0.35643470347121786,0.056868908532060336,0.5542535334110793,17.134628321627133,16.862277383245594,0.272350938381539
97.04373417899942,125.13210490589837,1.7183012257056516,0.015093523516709784,0.491800060442524,16.88553725354726,17.171762015407626,0.2862247618603675
125.90385942400978,124.66838269419424,1.8619564721215685,0.0004999627410450791,0.26260347286908237,18.490230388630145,19.056235741800585,0.5660053531704392
75.21269764774574,141.37071091011836,1.2984186248506164,0.0025538783509127527,0.5484299684324151,5.15191373240704,4.879615474350263,0.272298258056777
76.79790981911357,158.62655190171262,1.6462358055403068,0.01769521958044189,0.5579659882121996,6.565283476813944,6.177581741915638,0.3877017348983056
102.30631833447254,178.85374007480524,0.9169529662577542,0.059117283675004184,0.11281744151620302,4.256715451025824e-06,0.0,4.256715451025824e-06
181.09404497752996,59.10770574742274,1.2554000448070821,0.007365359668395555,0.10217946941422587,122.53035802347544,122.40182400062943,0.12853402284601145
102.2019522006606,106.8617595965901,1.0239375520445162,0.018436760658614805,0.22741656482788306,8.212098065689837,8.033262049029062,0.17883601666077453
91.81238209872444,144.0535959168226,1.9282302875399875,0.025611260522510327,0.5244451502591794,14.412066874053874,14.383080866135664,0.028986007918209822
184.04311847663072,181.54329297085175,1.8084177835747408,0.04394638839812486,0.3406012383419429,40.6847585621631,40.46981757880297,0.21494098336012968
61.634446626108954,65.62052518963678,1.1572701034733603,0.06358770598398905,0.33342380202187827,9.06359127610856,8.23573409605089,0.82785718005767
134.97855050535696,56.011609187046204,1.7637675036825526,0.038353450108542124,0.32175603190597546,82.79496319418729,82.46409627691807,0.33086691726921913
194.88916877809055,180.71820113594003,1.7571693559077826,0.09567995429278181,0.13976774845545534,43.543242975282254,43.4557717863601,0.08747118892215155
56.890549566008424,161.18029864095124,1.5543906772373572,0.02557471193816382,0.33101593899273185,0.0954130968819149,0.0,0.0954130968819149
60.54956868014211,193.20058352726335,1.6822426072821206,0.08845004417456144,0.27515014714928565,0.023966643819080508,0.0,0.023966643819080508
97.18723535537637,57.88368180051408,0.3113297591098119,0.0001707055453015749,0.3699968651987585,39.33654640354597,38.737278145150384,0.5992682583955826
146.74013990041237,90.8412638885655,0.5779861224514008,0.0948481414623848,0.2579981772752583,60.76630808827129,61.14908506789014,0.3827769796188534
191.65059142386136,112.96928963133004,1.959189633034258,0.022466436598020535,0.15009000705012718,83.57526182819534,83.48284223416006,0.09241959403527744
82.53741842086825,94.22172500868955,0.4075891440552701,0.09500576943506152,0.4581858904367443,6.524074624400651,6.330225214433693,0.19384940996695832
92.15187263520795,127.69448801240515,1.787988565790236,0.07284493612791126,0.18235290305181825,2.9470119310776752,2.496074062599444,0.45093786847823125
121.97667205660878,189.9761499023315,1.6133759277149364,0.058631668443299235,0.12637414594630528,0.12335794731925587,0.0,0.12335794731925587
137.4052265537491,149.75694535718702,1.2795335778057877,0.045181800845033454,0.37833052654195565,21.695956981501524,21.478579444213857,0.21737753728766762
77.142892412194,72.61254464106008,1.6065507766122313,0.018449527331360505,0.15997715339005417,9.863965514836323,9.916251545415289,0.05228603057896564
194.2846496824272,174.11929622735187,1.4847449719037968,0.03684214195669291,0.4727427273436454,57.013943711646576,56.942677330681335,0.07126638096524118
158.8479523627371,103.40101712319813,0.3229125327759925,0.010908517159273191,0.3287842671888118,55.8935357607058,55.74191703563956,0.15161872506624263
80.6135561223303,149.41795218657853,0.6213871850135879,0.042676775455669336,0.5393284290791033,1.702004479275537,1.961701939809366,0.2596974605338289
86.67797092581137,145.12360854228842,1.7574576807458233,0.07033096423721145,0.4646977670705146,10.064520984263975,9.606286980274014,0.4582340039899613
60.66310954176219,190.26500031625434,1.754281281445305,0.03536405694575547,0.5457159784780307,2.125746064643656,2.045140882512424,0.08060518213123213
115.66841995077071,194.1274046846059,1.2716698460205411,0.04703211564833422,0.4635215576354209,7.810340022604375,7.506843423584417,0.30349659901995807
106.39472130338729,52.54595701291427,0.07165659593339033,0.006868511891841534,0.17073807667955984,53.8746196906442,53.9939521510923,0.1193324604480992
165.3095048602363,143.7997979938607,1.2457123952022748,0.0796699321155439,0.2876712215155891,41.300752227454836,41.607601691132906,0.30684946367806987
86.17749653379516,77.13926105061127,0.6396302725606945,0.012949511716933494,0.3823638277990483,15.455318638989134,15.080009588108197,0.37530905088093647
115.19155411058091,176.87197880478737,0.9114487227053574,0.09080649051669673,0.19129828925124517,0.2792914059189382,0.028260186606914317,0.2510312193120239
166.36981661016284,119.4408946992426,1.5336848893962194,0.05206236815893979,0.23378853069946634,57.45960380866448,57.709459468543116,0.24985565987863367
94.93438466831145,199.0352858750382,1.336867812392185,0.09107734837933595,0.10049918912258607,1.3512232640013802e-07,0.0,1.3512232640013802e-07
74.91225784731374,141.88083159868285,1.181264219120409,0.028948014349310238,0.379983644241184,1.3116995577040855,1.4924303612307348,0.18073080352664928
124.77198807583419,54.79787119727646,0.3067725768942255,0.004286268609061295,0.47601597486562774,70.0513830843148,69.48080066422138,0.5705824200934302
164.7187611934459,150.5054015910491,1.4472872722468333,0.05701868943617028,0.2822524274199595,36.07035563257192,36.758769536961985,0.6884139043900674
109.42481257154925,68.11595007084394,0.8118526890550156,0.05980676116445138,0.3406397719154104,45.0029891874108,44.471923217938006,0.5310659694727917
104.81461503498701,156.3668321777373,1.2484706002719028,0.03534152443650417,0.22992423378659352,1.2113595920236584,1.4287390396133226,0.2173794475896642
128.8983676616744,188.69943240282092,0.829287771695478,0.09863230921782463,0.5830423212563354,13.95293347896682,13.67986767754233,0.2730658014244902
157.54173592689466,148.50415122235069,0.3009032525700822,0.004904432036950968,0.41318659140476166,18.91255914875093,18.840837473578922,0.07172167517200734
84.21191119346247,131.57095782742337,1.0706724836458599,0.014364048776041928,0.16781776228945175,0.03841995795631303,0.2074188582972809,0.16899890034096787
120.33010926854628,105.17877958818218,1.5578685221371509,0.08567443149776911,0.2378685827299076,31.39358716463869,31.730481476745407,0.3368943121067183
102.91016063905067,174.49685798299527,1.769153772691184,0.08481775992793888,0.18999351657077965,0.9242966930392944,0.7963382487846786,0.12795844425461578
72.31931280726471,132.60698232438247,1.3105388720457372,0.026352615059720853,0.12497887970091368,9.980936923122347e-05,0.0,9.980936923122347e-05
190.3352633048013,137.42860062948512,1.3042322106719595,0.07478011128431379,0.39099496727811045,71.90322705393712,72.19747256531048,0.2942455113733615
185.70125716842733,97.90462487066854,1.0044340638567877,0.0980518030929099,0.43543669969389054,98.00400451059346,97.3677121948357,0.6362923157577569
151.15439581892707,142.59262793449952,1.8745720806373958,0.0475238761746828,0.46076723751982307,46.128049935495355,46.742285348266165,0.6142354127708103
183.85656559348504,130.93282412265734,0.6705212056082686,0.04337624519679867,0.3690201569312884,59.147243707588345,58.953054254310416,0.1941894532779287
141.57048985881198,119.06593542182546,0.8806891834178598,0.007062960652618389,0.376213072560593,32.09863505377055,31.581831800841496,0.5168032529290549
139.572515601638,59.33142971498164,0.329344380750656,0.022040281351440563,0.4995638582329598,80.67973607846851,81.45022810632067,0.770492027852157
70.49779551169647,139.69829617209922,1.3808593865256586,0.07393057061570223,0.1527074642178137,0.0026681377338937592,0.0,0.0026681377338937592
124.17732056133758,106.02654560295103,0.378935035125161,0.08183060481158648,0.1072722874313908,21.392638365276397,21.335721770751597,0.056916594524800246
191.90405942259954,74.0009274667106,0.30932089159005904,0.049950024072117405,0.2497863281268595,119.03770219055315,119.47393716657628,0.43623497602312966
138.9662463346753,163.0445735859064,0.6432674974361409,0.036401646495054965,0.14219415519645026,0.9590402999873824,0.6886167965492902,0.2704235034380922
143.20050909293232,126.89325881864394,0.37288363437448235,0.04307641595033829,0.3998589474476131,24.171773892813874,24.130220904745055,0.04155298806881902
73.7448375934883,87.78306859950898,1.013631798835838,0.03670403445924353,0.4828712275156062,10.374257692367216,10.607404722288063,0.2331470299208469
98.20099623345615,180.1696258816437,1.4211884141483888,0.09149306900634163,0.11955401865236295,0.0018941122046240502,0.0,0.0018941122046240502
147.78965383699614,194.96410048734393,1.9689195596149793,0.0244604846582152,0.38551459966054535,19.601063125354663,19.071748382983433,0.5293147423712306
147.93831898459976,55.310983567151524,0.5763545788682976,0.002395213491482551,0.2380506636006112,92.70363919211285,92.64363517355439,0.06000401855845894
131.15069796996562,188.54631086240326,1.4478381993112046,0.055865468686955855,0.5089977967169144,18.996381776987228,19.101350237104,0.10496846011677263
143.26942907000293,108.54981870316709,1.814761637741638,0.03914793283881723,0.28305283058958886,46.604878291819574,47.38874930480483,0.7838710129852586
164.42041590314562,193.78135966151999,1.2020972482707073,0.05702346191733207,0.18827795270795764,7.42802543759511,7.34074946711112,0.08727597048399005
137.38298436125956,85.4133764210996,0.7372745087380506,0.04046557523448732,0.4275033841225572,55.97638768360895,55.209392790655066,0.7669948929538819
186.95315041510213,104.54123412196472,1.5803717755795639,0.0012996374549966495,0.2704086308274426,83.45233405946468,83.36165030835471,0.09068375110996385
96.58823568034236,98.93419805649361,0.9216045691912503,0.01919583378357266,0.4364449038390912,15.774546889903746,15.079291944878449,0.6952549450252974
104.16799148441584,136.30554154067352,0.9943855024918897,0.0075339270947857645,0.14251432889246454,0.21754906734475643,0.3293537408885783,0.11180467354382184
174.88148103049065,110.20774629800826,1.287686944891878,0.017540416674627458,0.32909031732723715,69.4560231241968,69.7942258922806,0.33820276808378935
140.9459260700816,117.05884431205577,1.0366591410550885,0.08299306726441927,0.12113196069627571,33.61057960553988,33.078367286860114,0.5322123186797683
138.76061366865378,198.41463120481367,1.0100981161340825,0.04983262877265763,0.1833137209778217,0.5875397733982686,0.7472854679187506,0.15974569452048204
152.17053157392073,148.85181359178853,0.17064366368220374,0.010763726492221005,0.3887617126865305,11.52576820146514,11.382598482480049,0.14316971898509223
135.09303583921144,139.18190163798607,0.2581508751440892,0.0034209005279907338,0.38337617720822437,8.768980978357455,8.009171701101629,0.759809277255826
126.1256923415058,183.9539507871882,1.853585434705984,0.046189232041111375,0.34762039671306455,11.168924774121415,11.287658541628527,0.11873376750711273
70.02476286847568,119.69841834195097,0.7032162858153507,0.08171208888910986,0.5965037791191828,3.9439272786316035,4.0932209840276315,0.14929370539602793
159.9686711839318,199.09105071357425,1.2436365750987348,0.06297982380762354,0.10326743683524278,1.0635387601849864,1.7533712591765074,0.689832498991521
74.05952075841208,63.790389510005596,1.7141212977782565,0.05547225281988732,0.2917031250579364,19.971200116279924,20.214700986523276,0.2435008702433521
174.2771191401295,59.580290267736224,1.3216361217034955,0.035894180428447366,0.3193542380339064,117.46867483992983,117.5600871840067,0.09141234407687193
84.1716726629576,129.1140200391268,0.16292513175558607,0.0789455369950049,0.31591712702700314,0.0019943750971025964,0.0,0.0019943750971025964
111.3882600437394,185.912900333379,1.9017051501452302,0.06621540162339527,0.2548970799207074,3.2323700329182365,2.5042211410673865,0.7281488918508501
187.26956738465992,150.23539096865545,0.5578989940046509,0.06439885171632405,0.2371476578357045,43.29777370809094,42.656987907397415,0.6407858006935285
73.39189445997708,160.18537481943855,1.5607470628838007,0.059923304535860894,0.2401269983983829,0.11594741642284312,0.0,0.11594741642284312
92.20758380329949,141.17712508034333,1.872643273506167,0.07197231013567772,0.3382777117667499,7.826449067415769,7.78949646460449,0.036952602811279434
170.20841507640844,66.16496283418348,1.8819982247628364,0.08377679734312224,0.35401617429206655,113.88045217570131,113.51532084949223,0.36513132620908095
160.88313353286355,165.20053197333732,1.1184888954737595,0.004063816084298089,0.1374643122192182,7.74893909528825,8.416230289302206,0.6672911940139556
192.11121408537448,109.16319992783636,0.15817145380976122,0.026313169011444718,0.26816315805487745,83.40140650859573,83.08733590066484,0.31407060793088704
62.29315596773924,141.73473962890236,1.2450971935141986,0.06042335464908704,0.49972526286445085,2.05502986231451,2.386959989023147,0.3319301267086372
120.43337169137119,61.29489584402333,1.913033777660021,0.027028115705928425,0.5549435318180914,67.8761145780789,67.26365610612186,0.6124584719570407
61.29959936685551,127.36580861355644,0.2084109839548065,0.03551933826864947,0.19330637144617682,1.079852154476672e-16,0.34212534882504997,0.34212534882504986
65.62272407043073,118.2487400141396,1.2507319982574117,0.0973290562728633,0.33269057033306837,1.5240995240282116,1.086568007698233,0.43753151632997866
65.3250386708088,61.87937317485545,0.4488813462504261,0.07195881708465812,0.5418184876411122,11.976974192575188,12.410604791530396,0.43363059895520806
180.70296250230913,98.94928270315523,1.1585282271906754,0.06365553423429839,0.5732883759400468,94.12538702692237,93.89922738291047,0.2261596440119007
67.9953903959713,136.97135479614735,0.9631684635391894,0.05787734688518029,0.21950104786052407,0.00790172875148254,0.0,0.00790172875148254
67.50555375182891,124.51029581993424,0.4012579988344664,0.0394616934022483,0.46775433013310885,0.21928569872227222,0.0694708781733695,0.14981482054890272
54.29834435300383,96.79137711889445,0.3772800772888004,0.047112301328237766,0.24626215794660875,0.00027625364542897997,0.0,0.00027625364542897997
168.2086193570691,65.54548353958205,0.18899718885382794,0.06161237542991741,0.495387072558798,103.42197965544977,102.96651107761987,0.4554685778299046
173.5058887055984,190.3217795296042,1.7843588931842371,0.03339084039124102,0.3443065184943914,29.262156932420098,29.003982125884544,0.25817480653555336
135.74661818062273,137.22857419373946,0.10200967477708237,0.02025547636214129,0.4059698004352711,6.464769345761461,6.43024955643013,0.034519789331330486
68.042857273414,165.32557506576626,1.5942556504345706,0.03259930623446301,0.32237804220327937,0.3042015631390582,0.0,0.3042015631390582
153.84966457739378,130.37720200064132,0.5356016649739268,0.05381044767901786,0.5044877885763006,36.871366996188485,37.13394577340812,0.2625787772196375
63.0297827792273,194.84987699080136,1.8491521715092025,0.08011592754366982,0.13198187121954005,7.424383427990632e-08,0.0,7.424383427990632e-08
154.8216931982782,177.67348648129985,0.7534657351532145,0.008045359507753692,0.4353939384268307,15.41848207589318,15.490430324522134,0.07194824862895288
130.82799574449433,188.35404782813126,0.6339280013736263,0.06705846118147675,0.47037655841062875,6.155340726649431,6.425916442805637,0.27057571615620546
117.94975143237392,181.284849892645,0.20360472598217783,0.08720686349506108,0.5336325587422451,0.6175211511603633,0.5077824479408406,0.10973870321952273
130.1578220087411,119.44468192807328,0.42215633896102955,0.04676658444771357,0.4888321336873058,22.970796932774533,22.632889788091298,0.33790714468323557
134.82487586974742,82.7842027592522,1.1740194056355693,0.06993199716394499,0.37127667964361033,59.98747633636914,59.9828384299547,0.004637906414444615
163.1331249390865,152.21762632166684,1.0042855868743064,0.054305369441429364,0.47771860688840917,39.50899578702281,39.98713118926181,0.47813540223899764
67.16679784566952,150.04718596669323,0.4747509997877245,0.03178323018975885,0.1935811319157554,3.577880922738577e-09,0.0,3.577880922738577e-09
113.24718056833774,108.18599491543532,0.5220034828720861,0.04593178437168343,0.5121478708291717,20.15586929165601,19.898866442058953,0.25700284959705755
193.77729409631786,131.77298667569457,0.10181294971890606,0.0009541401132463157,0.11956374084817825,62.01710773009384,60.3397388181136,1.6773689119802384
194.48960235709094,179.04206656691724,1.6847037644269078,0.015507823098710127,0.4564734538902947,53.704377017012945,54.183951913459836,0.47957489644689133
196.70306859120097,132.7981772630473,1.4831785217792726,0.09633491047007672,0.2045005952841181,81.79506408575106,81.87499265451115,0.07992856876008148
111.83459745315453,141.9393518263314,1.1329525062665793,0.03367065847470008,0.4513736777348333,13.160367350270214,13.600437398247276,0.44007004797706273
162.78188729286217,152.26086280629914,1.2434743767249008,0.029345973080365174,0.32743733191949753,31.292659134092716,30.677591943885794,0.615067190206922
99.69151901293506,170.24978433801743,1.5066179035097267,0.0004571333793900845,0.45341419109790604,6.352436468955844,5.94459958625248,0.40783688270336427
71.13362926533202,181.1728783204275,0.43195063202273115,0.0641079526221887,0.18708656621874123,1.4449802876655734e-13,0.0,1.4449802876655734e-13
162.2106438619839,197.3828752148498,1.6796250902079863,0.014424529105329065,0.4874069916709932,30.320898149073834,30.58993496018407,0.2690368111102366
175.2155314946281,128.32907558641787,0.22965752559696506,0.045563180315207785,0.27595931720859,48.270616674605094,48.13612996027437,0.1344867143307269
141.79001987392977,199.4215780106314,1.3178455059386076,0.07215947993165028,0.4773766167386069,18.4633078749844,18.606122761770585,0.1428148867861836
157.23753338973768,83.89157946010431,0.5652396510426728,0.09122748000145293,0.5025284605518429,78.15879149019875,77.72842770159727,0.4303637886014826
194.64927555809447,149.63228566252147,1.183382263701799,0.0203469100623644,0.5760273624754069,70.33700298620262,69.66640241283187,0.6706005733707485
168.16290782989404,166.0170168658169,1.8059091491254113,0.07070361329813152,0.5445998775773276,56.68621871261494,56.452757017238284,0.23346169537665418
71.874845110352,109.65571814601823,1.3646640660035296,0.05753618377505171,0.5079175771924106,8.625704006494555,8.087659643888923,0.5380443626056319
166.65121698020212,186.23512057803438,0.687837119473313,0.0711861417922567,0.2392140555536115,8.907180506266663,8.259472018928289,0.6477084873383738
186.51345111952983,193.97666425623387,0.40985711502111427,0.08392496253994544,0.24332506441076743,11.160813667414573,11.46543697719357,0.30462330977899654
154.1362960516837,173.09703421815613,0.5646740602475905,0.07279246181960967,0.243741604121073,6.6500628245277795,6.216970244526664,0.43309258000111583
185.28982511984094,82.98246930973313,1.2297405430236195,0.08882171168939987,0.18260479328697224,110.89387560685346,110.68866300035,0.2052126065034514
149.48271881762398,54.811917221660266,0.20095414484340923,0.07017017760897831,0.5382945736345723,95.43833777875827,94.82411891009389,0.6142188686643806
192.59903901930358,195.35990112203538,1.7293245616175565,0.026816968875243076,0.3294650465123372,35.64297286318845,35.208291940665184,0.4346809225232633
190.7845222141485,118.78219889247328,0.8345932776402323,0.058309616775282784,0.2556226040097763,77.79422095327624,77.55204486048714,0.24217609278909435
126.87205434005412,111.92043939252474,1.7002523647244216,0.03657737742213607,0.5105338336341788,42.2487736229533,41.75626817797024,0.4925054449830597
163.98895963911355,151.50343436052924,0.8700023513159857,0.01755004200273973,0.2375353342329771,22.434451511643076,22.385105274843244,0.04934623679983119
64.48773672448068,71.59119698405944,1.3761057153749223,0.0730313055830367,0.3344043792934832,9.91926889746906,9.335089290320592,0.5841796071484673
131.49336100249678,64.96389051598126,0.11485063312532948,0.09684967623322441,0.33785521005453634,67.24807584180563,67.03110372927985,0.21697211252578086
186.52495469607626,121.64257258292366,1.5468118768904695,0.017230538587690813,0.2275619762269617,69.04171115388125,68.7581174900115,0.2835936638697518
162.18081171106368,157.73780996519378,0.6769612451931697,0.04519073755419879,0.3981273781648462,25.420856464260808,25.10010483901837,0.32075162524243694
85.03862079031757,164.85973422477667,0.7407358113562311,0.04355620262850424,0.13302865746049855,4.33143222665521e-08,0.0,4.33143222665521e-08
174.80023566449844,71.92587381344106,0.5168800520624118,0.07378876574113072,0.524354441612229,105.659527016028,105.90497939765362,0.24545238162562555
150.8702845888237,147.48296134104785,1.6914676526404329,0.04738531107290969,0.438432215259312,40.0872998575434,39.97145388778039,0.11584596976300787
166.23967668949248,116.09065401132835,0.329643064183849,0.00028854451431022945,0.3186248527682197,50.397241727646886,49.9564911891313,0.4407505385155872
172.19993991211678,178.65694741815338,1.8977856189632323,0.014651586012101082,0.10318595027277513,9.04199461579772,10.469927827729283,1.4279332119315633
181.61937886149843,138.00009536598387,0.8876154733217905,0.04739423436902416,0.12720256818097522,49.327907109924865,49.68386488450952,0.3559577745846525
180.92082979930967,171.15037027203786,1.4271612769610278,0.04988308062281556,0.4919801483386328,50.978741553755626,52.15380193876226,1.1750603850066312
169.41491885626772,168.58840012717252,1.4955553327542714,0.059212653737787335,0.5979475889905771,54.103640496834146,53.32708038555887,0.7765601112752734
94.82781261121059,108.5566181740576,0.8141040575543528,0.09623418022202454,0.5222111304478965,15.533732302235151,14.455064870950899,1.0786674312842521
122.17838642526345,196.43179870250054,1.5703155895408802,0.013198720109717177,0.2957717333231782,2.991753870179064,2.985073505768046,0.006680364411018047
125.41944445868475,108.6337040760766,0.49707238772817874,0.06253338274178986,0.2730839116774001,22.295277709691476,22.2844018689278,0.010875840763674205
128.81763038872057,74.47849186776021,0.5978586367924698,0.05049887826575446,0.3921584867928831,56.86932503574323,55.72355165811118,1.1457733776320538
193.97207494053157,82.3102634094364,1.17989716751582,0.04950431075500198,0.40176196581672174,116.6735255517864,116.95315553278182,0.27962998099542347
142.85044570113325,169.14101899055288,1.2400237217362229,0.05187354086673503,0.39639462029588324,19.175340038026157,18.555837850153072,0.6195021878730849
138.48504241012284,149.3495317119484,1.4061274968780235,0.030230618732406712,0.485063349512438,29.597825325794595,30.429191407344952,0.8313660815503567
114.21702085475637,88.88044697687221,1.7495472165296393,0.0674052187045748,0.5525374018696538,48.402297725766,48.08383857364031,0.31845915212569054
155.61783355318715,152.23287440382634,0.45646203412485536,0.03789924519509849,0.41143869041279646,20.035746383543966,19.865148055788694,0.17059832775527184
123.8583580232202,55.09040284796544,1.0016834870806066,0.05759395499274194,0.3032254832596001,71.87123124112023,72.60427305340235,0.7330418122821243
89.3117026438449,88.65060468936639,0.9340948293858419,0.07115504978327934,0.37452292997644,15.805024466655887,15.211178673271998,0.5938457933838883
179.37175504752176,186.29416453824587,1.320027396590003,0.026309974589706,0.29585680233069533,23.964821030547313,23.852333334631183,0.11248769591612984
151.30167060142827,137.82208283407454,1.6330795946095131,0.05535612998663069,0.4518513234075594,45.719083845304326,46.33910912026302,0.6200252749586923
74.8989367230541,118.95159358812987,1.7838899752586352,0.039368700533761625,0.11224737948710908,0.018896973646561177,0.23256405426140248,0.2136670806148413
119.36092172365079,82.48251421700176,0.8007496569952575,0.07280075983589651,0.5117402185913659,45.64233051744746,45.81862772704206,0.17629720959460116
173.08777890652902,100.2489801150621,0.22681820743818804,0.034864374418226256,0.41724368323204897,73.64898807087671,73.72777984507948,0.07879177420277017
127.33048573388318,177.71617283208906,0.34722618845271386,0.0003069517870987859,0.5327247122645947,3.4651053251034334,3.6360788840518588,0.17097355894842536
84.19516583347736,92.34966826414959,1.2090015804421532,0.04774848503814061,0.1294462037540434,3.5176123516066298,3.4678356330183924,0.0497767185882374
198.27757974062135,120.71663236019795,0.22059933659983538,0.06268938631607208,0.33290027719265813,79.22239501243757,78.95622034317017,0.2661746692674001
168.03865662532075,125.16478314616002,0.6902405045690533,0.0492341388319144,0.48551560200353616,53.71373081372654,53.77285536068885,0.059124546962308955
82.2707407647287,152.4448482819248,0.7403123107207682,0.06340095423860488,0.37656544890806054,0.5553422057235466,0.2606856847445371,0.2946565209790095
137.12537421775448,160.2209488625217,0.9795468320188842,0.010370035720466686,0.2133171609696564,4.516577946563871,4.419061228922832,0.09751671764103875
84.16791429701708,166.81544086025755,1.640659795737485,0.0031736299231360345,0.10907065167884664,1.8560075510431687e-06,0.0,1.8560075510431687e-06
146.37888318328,55.77143859442009,0.9159511618062453,0.05247242169345395,0.41597911186243197,93.28480428614881,93.19048726172888,0.0943170244199365
102.01287473915943,142.04192145433973,1.1531802681252092,0.02796378462882413,0.24791897186997133,2.0583786850207755,2.3458698473856856,0.2874911623649101
175.64403976628154,96.58385126629076,1.6094648006669787,0.04524355236603205,0.2935676216020744,86.50005102409835,86.34398974110763,0.15606128299071997
196.5005550209099,149.78480778511846,1.0022425231669572,0.040009497426033415,0.472732556838687,64.61028351424662,63.74006223101614,0.8702212832304781
125.39532535337227,199.56631134550375,1.7811403838459678,0.07563367224624792,0.5545371145976242,22.75612474417204,22.388500401206265,0.36762434296577595
170.76603260021744,85.3253337589709,0.18550211498507652,0.015882841631529754,0.44072168710110704,85.69238986885163,85.64664717551209,0.04574269333954817
83.88934368751737,175.35966052203972,0.1681657764773819,0.0034187501655186694,0.33409800756506536,1.0942599402754405e-07,0.0,1.0942599402754405e-07
104.4035001855263,191.0593753870058,1.2117689785371661,0.010813111443326508,0.37963671332205606,2.0493799974122737,2.0566758391511897,0.0072958417389159536
129.81214895482964,165.03676265673937,1.6896561420578151,0.059581537207382254,0.4496487263139727,23.247062261481318,22.92848378042919,0.3185784810521284
154.05823581397584,138.97837116652784,0.31242597416055734,0.050623566943003434,0.2822906356225666,20.24378224310415,19.80020198387509,0.4435802592290585
167.33957709359106,68.12713543367744,0.5301751386700216,0.05880178554986914,0.43684610693108383,101.32009111311262,101.40844228212949,0.08835116901686035
160.41516486089233,53.2890206129079,1.9558264751070822,0.05685073551566026,0.21958688663519907,112.73406002795413,112.17409352267838,0.559966505275753
82.63979533863372,198.9109644770527,1.0898244452958243,0.057162360162492334,0.15952987742119343,1.8754349281096386e-06,0.19390335100888478,0.19390147557395668
75.47699179930979,73.04452620679095,1.4668784770660288,0.003361595361925285,0.4158367715538799,16.165018682944616,15.551642393278286,0.6133762896663306
135.96442120122742,167.4179690565318,1.8250685157437558,0.002519120519917695,0.32582882587402306,13.726291775036223,13.233177828405402,0.493113946630821
100.21511324594081,196.88992123757959,0.06092854406668304,0.01353537773731981,0.23724825637582583,3.7737674289719514e-31,0.0,3.7737674289719514e-31
181.19531177644095,131.91527615400003,1.9458859072152555,0.056647592776794035,0.5583452955567112,83.10249706128333,82.5272512643312,0.5752457969521316
187.94769751621993,143.7155091138399,1.2220152653839187,0.020197630047962812,0.27218347698003253,51.98196047752303,51.589793030096246,0.392167447426786
66.25628778026807,194.79053725348274,0.9168888692830948,0.086618703380432,0.2846011470260801,0.0008815813450161088,0.0,0.0008815813450161088
72.9926474936741,172.09846102431555,0.6771348707137518,0.052183202609564355,0.5300385797641266,0.5412313880077977,0.17347125538994845,0.36776013261784923
83.81717521567028,57.03116572895509,1.582761104516178,0.01964429681649134,0.4207387883284832,32.87984302325183,32.609844689135706,0.2699983341161243
181.8872038164381,98.76770042651418,0.8617283284684156,0.029540648672084082,0.33051459148558915,85.88213946206915,86.24405320023084,0.3619137381616895
179.32383713207224,81.29892273764051,0.833273695915785,0.09402946255597822,0.491158927178577,104.6611117079061,104.83355217032428,0.17244046241818012
66.52408940799849,140.4252759798475,0.24520476887817366,0.021320661719286916,0.29269032807862383,3.9160552117863396e-07,0.0,3.9160552117863396e-07
52.169617190295924,92.52972523703448,1.9838455454721633,0.034756236930129726,0.15482182150572024,0.051552344598726374,0.0,0.051552344598726374
162.24768963553498,64.14332576445054,1.4669846407384382,1.0714033631986642e-05,0.5783205634695728,101.06171571277,99.85717179554136,1.2045439172286336
142.09464663196354,125.05911883884163,0.8035240431016387,0.06440020239665217,0.24791458405260855,26.75427083390892,26.37651339477189,0.377757439137028
191.2191282581394,147.80444384329047,0.3949756585959907,0.060050790076188035,0.3010335801451848,47.82576983615377,47.40701349534481,0.4187563408089545
98.60893998839714,177.48981201769902,1.3932313899763713,0.06832718043796832,0.49972183089220557,8.189346927254991,8.802436557475506,0.6130896302205144
135.70347629411793,79.47960486971743,1.1478066048106563,0.015144259487695079,0.5455219521698377,63.00766880350351,63.03701519341104,0.029346389907523474
89.15091632038948,150.8516693960358,0.5211155034310991,0.014199707284437535,0.5066617790255467,1.4721593868161786,1.8073822198067617,0.3352228329905831
117.5440369864356,102.18340131127977,0.7114396496106243,0.05780311451596859,0.36711455043578034,25.185825304878264,25.040323520735186,0.1455017841430788
81.6790580043587,132.56278223348744,1.7691613940959432,0.06233812073981085,0.36372357623241225,5.902700133577099,5.394975986372565,0.5077241472045344
100.74286865396667,191.19723414306222,0.9607296658370031,0.08465172386885009,0.40676277440510344,1.907884039606941,1.4900033231258334,0.4178807164811076
150.69547744834853,110.50003070127616,1.106316316756949,0.0559481633154755,0.25987225496446187,48.18293575642096,47.961823306406714,0.22111245001424606
65.21007486899023,138.4918283359359,1.2415662215688172,0.09240160878756887,0.4352525724235745,1.8742864050769983,1.6719952546225088,0.20229115045448953
62.534304822271736,129.2141840691513,1.1918561492903639,0.008760802874547058,0.4942278939857523,2.027242923716207,1.82142905945814,0.20581386425806691
156.70476920762172,146.11623991244437,1.3612238874682072,0.023058292009939696,0.22889487029758568,24.514911042139303,24.57138466336592,0.05647362122661548
71.0509395595869,186.2097320744277,1.0077497808618803,0.0875795880356656,0.4165630196259583,0.2983049764202268,0.43154123901127406,0.13323626259104726
58.27670575056175,115.67135464516407,0.27064676370112195,0.09774485917152886,0.3910070702455337,0.002617078181915422,0.0,0.002617078181915422
182.96043300855615,176.6401827333616,1.4563440243028358,0.007845523162204715,0.36504046838884385,35.50518997901165,35.83627027243537,0.33108029342372447
178.5079586778827,72.99632596192168,1.2619577431331315,0.08859269134495168,0.45540653796846076,113.73274759773511,113.40947925808028,0.32326833965483104
137.60725331075474,137.43448146203175,1.7208831746705429,0.06096276984375076,0.12762602521217317,17.338634867573134,17.693173241982993,0.35453837440985936
53.701311714939095,124.58431447537284,0.6381008033380744,0.04457649996267199,0.20660272522168296,1.0475600473571349e-06,0.0,1.0475600473571349e-06
164.04129270295226,66.71880414524125,0.5771240954727126,0.054962776463916535,0.44213664506026473,99.43410260269518,99.4285754190087,0.005527183686481862
155.91478735891405,73.46116223136715,1.0572836548159479,0.05653457938710578,0.3662422514896666,86.92874614024508,86.8258412299962,0.10290491024888127
149.33039514474123,90.56405944491408,0.8933029016627727,0.05448845718497236,0.5487376291114563,67.35984877666372,66.21687279921538,1.1429759774483443
64.27733764892956,80.46001715287582,1.729346209163614,0.0373984747000804,0.12706152480706487,1.0493459687219655,0.6901464868394811,0.3591994818824844
178.24176929457997,194.81567331283722,0.18329073282720548,0.03582485251675601,0.4065402866265577,6.653729874211379,6.89362139150769,0.23989151729631075
56.66862146545708,185.10185878147098,0.5499329131905809,0.05660436336295976,0.35364724647666135,3.0325475848473355e-05,0.0,3.0325475848473355e-05
141.2920608113717,168.38259654710976,0.5918669605749758,0.04670076663923947,0.39012586373167424,9.087404247865685,8.67981818835625,0.40758605950943405
67.19711332736452,186.81748491452777,1.001122023502665,0.03628814083195001,0.47574408432518245,0.35800672361581176,0.0,0.35800672361581176
172.59083289174168,133.62228145367354,0.693684770850047,0.03920971423928243,0.3465677217293267,46.26598573119263,46.35025618992641,0.08427045873378347
197.12317182995514,68.62135702012185,1.7305595042382576,0.04860600021871412,0.4979076231580054,135.2023163126494,134.932284048054,0.2700322645954145
131.30804987841057,140.55483321590913,1.4565276762916597,0.04854741935911855,0.5008339502373715,31.32093978407439,30.544482194121734,0.7764575899526562
148.30406962486387,99.52684518894918,0.7446331841916407,0.04080278111097566,0.5545796778658144,57.43913069604481,57.65576744010738,0.21663674406256916
129.69822242183437,117.27710127944476,1.8224113981030092,0.05616197544743844,0.1439735798961995,25.56718929979543,25.378401913494482,0.18878738630094816
55.18574949773472,89.08268860841304,0.6002635237311326,0.029171642370027118,0.2989880495818822,0.13907004788426058,0.015749284165046618,0.12332076371921397
118.31907017289913,152.84216552486626,1.194313793304808,0.0617936535513357,0.3696730028743729,11.057674140608114,11.538563626535865,0.4808894859277508
62.74403890124164,163.84047502123303,1.6241879996155122,0.03753708259404801,0.4853379131327209,1.9150519461247804,2.421890045362346,0.5068380992375658
141.57276010126827,97.0944845926503,1.7835437154755094,0.005300948410225837,0.2832772273050177,48.87930470933529,48.916414265883795,0.03710955654850778
81.29679988339976,149.044225574996,1.3781892028846618,0.07146097511436626,0.29690882414572983,1.1685696797408198,0.8058204710177677,0.36274920872305216
122.42055263974265,171.747192476961,0.05043046053519362,0.03312827477066654,0.11803055191164682,7.75838725068935e-38,0.0,7.75838725068935e-38
56.65482502007194,100.37094949475978,0.6759893168438403,0.035328675905392036,0.5095446036593612,1.375894478720931,1.209595336079751,0.16629914264118018
53.83474897923477,131.64937783312473,0.9311531310278801,0.02881941715851022,0.3221777272632179,0.020114679274853775,0.0,0.020114679274853775
130.22028697706025,78.33161052579504,1.7285203458531504,0.07941034956148106,0.21402877048233174,62.03343108424366,61.39546284024148,0.637968244002181
58.58479102298906,54.97536892877315,0.07139214081176813,0.07522977844464955,0.39138400843691523,4.808518124152002,5.893436580364217,1.0849184562122147
148.09807996266755,171.06302375120663,0.9651785487097457,0.0927187582555956,0.3854328830735211,18.938451911378728,18.44026018584158,0.4981917255371471
53.46592727275388,101.2968236525135,1.1396090532108016,0.09099397658002323,0.18490980626853945,0.014006153418672312,0.0,0.014006153418672312
124.62648515787465,89.4020161198226,1.5068921558218942,0.0861934895537733,0.35930333299494643,49.37958908756224,48.74353162464664,0.6360574629155948
151.29143242239002,142.44498111234083,0.955390416065087,0.057697838741681974,0.4513272368511019,34.05011848611822,34.081034667155805,0.030916181037582646
64.30095288623016,91.67677774568861,0.6856366831887465,0.07051867950354805,0.19988290626182872,0.15520281195912577,0.4429078732312064,0.2877050612720806
60.524014922781475,109.79587764059409,1.9304027993453818,0.0790920379087379,0.17994664338079083,0.2878041422768547,0.1891000777419407,0.09870406453491398
86.03734224194625,160.93598485060232,0.09591102676947108,0.013401399000345916,0.2779502927881997,2.6023429104342126e-13,0.0,2.6023429104342126e-13
86.95547139251595,138.97650745066198,0.10459199963035196,0.04636890089689697,0.3103798018017505,4.149922335435028e-06,0.0,4.149922335435028e-06
188.12319570719205,55.756884653301505,0.9174058296956642,0.0924663747676273,0.14461652955285723,136.90106377267549,136.1855973020184,0.715466470657077
198.89815986487488,132.54252923600728,1.881457845349291,0.06485866835078226,0.33972405384424387,86.07542972948714,85.71399918997662,0.36143053951052195
56.52125930191879,129.1427832711052,1.2051774506339756,0.03632367932139121,0.5955638297794323,2.9769296031254573,3.0870226995206984,0.11009309639524112
60.746231464199596,98.71537463698306,1.6227027069886018,0.03326153727887781,0.510332593399257,7.2253081626241595,7.2944357899694054,0.06912762734524591
58.901610753894005,175.03390189776474,1.6556690624586579,0.06784983455621359,0.5835866026563059,3.1207811594862997,3.706514919554376,0.5857337600680763
97.12021611470661,71.75482421145968,1.5523939442307408,0.09140211842816909,0.3733830908593839,38.07987900986508,37.56829901142663,0.5115799984384495
149.14015376804502,176.67432803311573,1.2084655343055473,0.042428484326194886,0.30905720382157953,13.292906758717528,13.511200664141317,0.21829390542378846
89.45159698841212,192.73057668629852,1.7493840245059207,0.07034203009252199,0.5289681337704268,8.033967408379858,8.487584852079838,0.45361744369997936
76.08088100982371,99.59800085033406,0.29842890782066184,0.03409070398593805,0.2066003867105132,0.03613000604351713,0.0,0.03613000604351713
179.88559569002666,187.4480873756262,0.8820666789175412,0.013214409650570792,0.31063524357816463,18.587670765367648,19.03100128597073,0.44333052060308376
71.46409246687915,178.46191328539692,0.07987445675077828,0.005018445943383199,0.34250458583376353,1.9098992603483782e-21,0.0,1.9098992603483782e-21
192.1916311109569,133.86144833331144,1.2826943317024966,0.06462541513232398,0.2501914316870565,70.06105470408009,69.90492935556779,0.15612534851230464
113.07388123451645,63.50881209265424,1.3089180655864314,0.033454891830417936,0.465851119740601,54.88866554526174,54.22059033222868,0.6680752130330561
130.04299009098014,64.37286184889125,1.6448740338003085,0.05333689819342105,0.49872966580956934,73.8918562365881,73.21413944632128,0.677716790266814
86.79255362181571,74.01786807873472,1.550712619597493,0.011426902128139238,0.36156651180826715,22.304531659494543,22.24291874018208,0.06161291931246282
181.43406662592554,158.19633199681547,1.0824085487005923,0.03528451913531235,0.27892607363330213,37.20409550921468,36.88986156926472,0.31423393994996474
160.91472027147648,128.2964551216097,0.640270262490333,0.04347356227052562,0.5162373926085702,45.65130408700948,45.299450606944,0.3518534800654791
147.49496339670614,134.54948794085453,0.2517279722221741,0.04027633078448034,0.10272695791926431,14.367590559102638,15.132868900205413,0.7652783411027748
105.94857860324156,102.70980666562582,0.5285613741026869,0.017040719006750138,0.33980608791443123,12.42412301610429,12.315579859896385,0.10854315620790445
113.98503929805685,160.44262229892956,0.7413406912145449,0.019514546083259355,0.5749575500925268,9.962854345868575,9.690714149022067,0.27214019684650737
118.71564242745687,192.411566010075,1.8802234244020448,0.04831057129913651,0.37997209880943417,9.636914882347924,9.74998436079649,0.11306947844856552
199.5495094389841,95.63114052032365,1.8135383234326856,0.012839788200545566,0.2855566574660594,106.59128921008913,106.6372263064661,0.045937096376974296
61.26340709497864,119.38170759690607,1.5969071496935163,0.049283948272150636,0.45187916815650664,3.5948543810262397,3.1239225381299462,0.4709318428962934
118.68460546270782,77.03200272066023,0.9296749581461713,0.07018798363708233,0.19027157965752492,46.53586731437646,45.503682576043786,1.032184738332674
71.68780476901736,103.5107682415921,0.4026426958576754,0.0264798242031165,0.12258965413206949,3.0333309072458825e-06,0.0,3.0333309072458825e-06
61.87242283028436,182.95433092593274,1.3435010787404336,0.022000062769428633,0.3261609966907053,0.030764113448215058,0.0,0.030764113448215058
76.469021220396,194.7227231277227,0.4160859593467891,0.002647908110920505,0.5282552092644366,0.03817698338780218,0.12312780813294211,0.08495082474513993
102.54467633731474,72.43873792497178,0.9764990391877852,0.052856682493569764,0.3736698467269144,35.93483446557321,36.43934959801935,0.5045151324461372
153.3010987940827,89.83356901468542,1.9291151587007551,0.09872056131981667,0.2868328800417099,79.61420220384346,79.04822577428236,0.565976429561104
69.06738671020273,128.52156488931814,1.9987003662031129,0.08833418146169913,0.3821705524419561,5.266652383533133,5.621158453656115,0.35450607012298185
79.0688919158619,110.91266138246144,0.9033373239523763,0.03397168750310604,0.12035970899940998,0.011534475953230983,0.2207408787918652,0.20920640283863423
91.73257275820845,121.03271900763026,0.8858085023398868,0.08113752713360034,0.5798292323348355,13.013431021174132,12.576912994022269,0.4365180271518625
185.28437157640408,142.33711392098357,1.4831876337618288,0.08107443798663938,0.5225357620346119,74.96147316214561,75.25861990434103,0.29714674219542303
147.6835409990062,194.5816620573038,0.6088527269578908,0.003889156960784357,0.23603280211048963,0.9437257018862937,0.5680012728432473,0.37572442904304637
97.28408693654882,157.46694623055657,0.5898004322933265,0.016893295278458342,0.49309761547508624,2.353164973248017,2.698758943259289,0.34559397001127223
135.123224650561,132.59484640756568,1.7705273892552096,0.007434481210915778,0.22229905286948745,17.858829213867075,18.05469673490029,0.1958675210332146
179.5226664946179,85.0837911306764,1.5774693703895413,0.09954412863260179,0.4443861533802981,108.17964280339257,107.09760268028108,1.082040123111483
142.8191841170987,179.7342821315101,1.0029623931364238,0.044455547634517714,0.4749354534215142,17.209119571471255,17.659178219630064,0.4500586481588087
179.82178159039177,194.81347829148473,0.7837284606023001,0.09923080859079272,0.31408059594009774,19.698902778415103,19.641205912795037,0.05769686562006626
190.5620479158183,123.45358519271504,0.9762071438564751,0.0838825095865992,0.15033740518461533,76.81625062623144,76.46362146637424,0.35262915985720156
105.42631420397758,55.342583754434465,1.46225509566515,0.09918688783453526,0.38858945176778803,58.18301655598837,57.11606506960611,1.0669514863822585
137.6729560119825,143.23941669477065,0.9272143694134537,0.099395471029663,0.40677506908188066,24.536314210161997,23.81476852454229,0.7215456856197058
129.7248997748568,173.7154266572358,1.9777967108469878,0.04509624392136048,0.30242266418814523,12.37821652403035,12.001667005194086,0.37654951883626353
52.613757907536396,94.96440622222804,1.359434230409937,0.022351714660698574,0.20355150920823553,0.05035650165259731,0.0,0.05035650165259731
151.7534000142898,63.068893507056806,0.319597164560035,0.03294047512545072,0.13520903184828162,89.34499299426137,88.27347464020986,1.0715183540515199
197.8308978949146,60.22856071689982,1.6050293194456668,0.04503776910676132,0.3794357527484432,141.86933157460177,140.54254560274586,1.3267859718559123
111.35063688938307,98.16812628584354,0.815226653468754,0.025751364343914153,0.24731761665682153,18.750177841476514,18.881857807672645,0.1316799661961312
187.49899402936012,55.56322072061901,0.3785539544365289,0.08052051937185911,0.4686038064832835,133.6039103593047,134.8585597220285,1.2546493627237965
166.35655449000484,141.8888572845545,0.785540840624358,0.029156906368041104,0.3895037238143124,37.542677264904086,37.47265346576492,0.07002379913916457
165.30412117662473,61.03660830076027,0.5452838302228071,0.09137530028967694,0.18670256699632823,107.23416954147953,106.68637159579444,0.5477979456850903
138.52926071749363,162.9568998134812,0.39979640914473913,0.05433730350441234,0.3879973016416267,6.394459700539052,5.539243166473955,0.8552165340650966
124.02192995287135,196.7534526503428,1.3328409081255312,0.09584496582251051,0.46643146636971233,12.636353205809279,12.71932501617827,0.08297181036899204
135.06458955030715,85.91979558694891,0.6271250037808639,0.042529019733988885,0.4142912937405435,52.51420139538264,51.50645167741902,1.0077497179636197
61.53624957581217,174.8540990436682,0.18874049383630198,0.05973793832557705,0.5453469227926419,3.309453231604433e-05,0.0,3.309453231604433e-05
127.98125793337714,154.99675203391803,0.2400997145567516,0.025863761242927132,0.423853443924894,2.960675916658296,2.274466870929686,0.6862090457286101
194.24351849798322,89.36015971434023,1.000053818562293,0.08869862007753619,0.12253711833695566,112.46852054737111,112.58415639975354,0.11563585238242524
88.48225175534981,160.44442661556528,1.7363791365790038,0.021823036110145345,0.15356714961061715,0.020916649853712554,0.0,0.020916649853712554
159.8580398756399,140.21756911548974,1.14142429913506,0.07659923641208953,0.5663575593943287,52.101308233689764,52.66403137316534,0.5627231394755796
153.8710684165879,179.3331337975921,1.9711923212815816,0.025603754728450813,0.2426020031330058,14.593111146883395,14.19209349931285,0.40101764757054426
89.801812361862,112.30251346115645,0.15193651978686706,0.06642606400215054,0.39926783011223743,0.6052289346155568,0.6922582746148933,0.08702933999933649
173.43447956101275,122.3698738928988,1.258886810095265,0.04676894673559582,0.5297436450564377,70.06496292906952,69.11046266873322,0.9545002603363031
157.9602271858604,196.11932305603855,1.540684278234767,0.09736903818325361,0.4373064665962809,29.78491028379714,29.624172612778608,0.16073767101853065
180.32743865330238,83.41371571728547,0.7957925588022584,0.008894975702217778,0.5325453458145017,98.71034113081542,98.94107299482619,0.23073186401076384
67.99334469675236,92.58151259300615,1.2900855172681056,0.0481242485662961,0.5218722556888151,10.041459744377281,9.512953012713425,0.5285067316638568
185.32245026135018,116.33645505461533,1.7722098562084705,0.04486743615451036,0.3749012127403065,82.68657971772883,82.21135769926826,0.47522201846057044
84.70619056910282,180.95819135215527,1.0291080527085936,0.07118607652412472,0.1937845183052295,0.0014291596821028318,0.0,0.0014291596821028318
175.16060670702552,145.327247547997,1.7626017491152053,0.033627531619417284,0.5969146462821068,69.34326801175847,69.30822727471379,0.03504073704468169
178.92460326210312,120.18922782382889,1.6142512234510205,0.03609631562050262,0.48032677926720635,76.68683967290411,75.92433385576533,0.7625058171387877
172.38518231946412,185.16677445666943,0.717474357752722,0.03861112842679069,0.4991343685227684,25.80185361724105,25.96639568656199,0.16454206932094095
168.52962796574948,78.8674880861175,1.3453559507098738,0.06940088855653408,0.13178582822113558,96.69259092837692,95.52763958193998,1.1649513464369363
137.5522377672546,88.47801513916951,0.19779349909735994,0.03572565062309473,0.19569216767972367,49.697231403572275,50.528024370837336,0.8307929672650616
86.3724279542499,142.2616055788664,0.0671724147009279,0.06350071414727008,0.49047609608808695,0.00016109048396027118,0.0,0.00016109048396027118
131.43114321429718,80.10255366450036,0.3061440669104319,0.09218248644229013,0.20398932648080584,53.557577296600115,53.15287613213317,0.4047011644669425
175.39039572298685,93.76941830406426,1.2569197000163488,0.06572641856229482,0.538717872257689,93.3250616495192,93.05039677411435,0.2746648754048522
196.47328560635435,77.52371123675997,1.8274708573083431,0.025617727305824747,0.4998888617181305,125.08839082137486,124.62915575445643,0.4592350669184242
149.85187972311945,158.61900824275364,0.9767274989480401,0.04633671776353219,0.12080171592807556,6.334277851935468,5.769267426588662,0.5650104253468058
163.47738014680112,180.96442630383578,1.9191547832493692,0.08478766506655148,0.5193908824378882,49.5703313548373,49.7934439013532,0.22311254651589962
104.56954732469552,128.9150977755714,0.9586174392539212,0.09579353955663654,0.1890610392423359,3.2639750035517245,2.3805183952182674,0.8834566083334572
191.4262236449149,171.57357991616973,0.1411385842019433,0.024668996102016373,0.3755550539085546,23.508949653780633,22.891090219224445,0.6178594345561876
188.92732944122952,159.24215615703383,1.2333556786213695,0.09159363703536627,0.2213216516429692,49.15993254960219,49.96584334211833,0.8059107925161442
104.12285440089005,129.6944447765064,0.6108377817786323,0.05525336882495703,0.133810994914116,0.18045428712613987,0.0,0.18045428712613987
61.357543961151684,78.1778409051393,0.4505447323524598,0.0919021853762641,0.33087183585312074,1.4952657793239883,1.2476953429561881,0.24757043636780018
94.41415739950199,74.6014248934575,0.1399644533118285,0.07451796629056623,0.5745154781039239,21.709652438113842,21.456489925125524,0.25316251298831816
161.6968946302301,83.93117890434391,1.0701877746381017,0.0763520897021651,0.2810151454691868,84.40872202022247,84.91304762885125,0.5043256086287755
51.392657813525474,158.29349098496556,1.0582714352321374,0.0706845216929854,0.3640734996420082,0.024079748742376478,0.0,0.024079748742376478
96.54855093501422,70.97809851470613,1.5475743826769233,0.05275601916735643,0.4499815967629526,37.400466849121116,37.697760287799554,0.2972934386784374
186.29290546319584,149.61307694645228,1.7920194264460434,0.09605466434788812,0.16578193966849544,60.86745030415899,61.13521000314422,0.26775969898523044
91.272878840257,160.29680478206473,1.292515961353341,0.047124823174551425,0.1309370055229029,0.001669647730719974,0.0,0.001669647730719974
145.35261061160486,92.56209877373556,0.34981290468756465,0.03634004982179908,0.5101856680510608,54.88684888570252,54.06456717359312,0.822281712109401
79.20933331943559,197.55525591814978,0.775386279166055,0.03901259816383044,0.24391655153090205,0.00011267741897422884,0.06848221764536078,0.06836954022638655
132.5728404917507,136.9812309503803,1.3390706703214852,0.07875159730209146,0.5745288608666352,38.15674792946289,37.58707034035378,0.569677589109105
176.30293044863913,112.20592214039469,0.3640114014420286,0.017840137314929273,0.40379798790264965,65.21721509795178,65.47307741621152,0.25586231825974437
183.91742350820778,50.41769969398122,1.0950193712174174,0.05783196595513258,0.5072249031616886,136.67405330431595,136.3694650910321,0.3045882132838358
130.79873669032634,92.92810097888969,0.5009461284607787,0.007600968089969096,0.5674182250847749,42.9337024951853,42.78459347646055,0.1491090187247508
87.15170010352435,142.9227047736071,1.5453856246005717,0.0772918939654192,0.22646843367409233,1.2478108677611157,0.391939422778087,0.8558714449830287
65.2944100774856,107.63825639143806,1.9643904547269857,0.04695447403072505,0.44573453958490084,7.533169357858316,8.087092468331296,0.5539231104729794
58.33518753603168,152.68620903769533,1.8666122476093245,0.03662421587668117,0.21798921573102034,0.010240109841627418,0.0,0.010240109841627418
117.30942608018759,117.95990445197647,0.16289136277827185,0.06092913643894902,0.41790714534272155,8.126801028825156,7.870358312373472,0.2564427164516836
57.07618347726719,194.4826404527979,0.0553558140892169,0.05924493898453803,0.4404638207589886,1.8117749783341458e-32,0.0,1.8117749783341458e-32
172.68738153931338,125.5481155758847,1.4762557452200076,0.05864059641855456,0.2385927058615321,59.04393119269376,59.15008934544383,0.10615815275006923
78.63277198583356,58.32943427903501,1.8342085931941559,0.051496422495513,0.25964156059239585,27.049500327519503,27.43790406020352,0.38840373268401507
154.45708490976602,155.66536909196049,0.9948904946512258,0.015830859511734175,0.39076611299683406,24.388466035526562,24.506867989142002,0.11840195361543948
183.07491192693138,170.51774502069617,0.671359204752129,0.07064510379090178,0.5516235276992661,42.16783665401307,42.03875005153794,0.12908660247513382
61.87423645722167,123.39746633760568,0.4848049876131316,0.06908702412073751,0.5127402026552558,0.39116501064158316,0.6217494083502828,0.23058439770869965
167.716725207561,178.25176910822066,1.2554410992491096,0.048881918936940966,0.492728540132929,36.50518499708956,36.56154768037455,0.05636268328499483
187.8116631773232,196.8318794779915,1.402165144856504,0.05054297612773933,0.28588512912949426,27.229971587885785,27.159496575760762,0.07047501212502283
174.28203872581787,145.0502724333353,1.818797872950738,0.09400322457777634,0.5971903021621845,76.53143688454819,76.0082092584709,0.5232276260772863
105.49765517707968,78.52407978929949,1.324194716853018,0.05021606637112189,0.586335014050619,42.802387050278746,43.11587825362021,0.31349120334146363
179.0390337098429,84.98463671191072,1.7600296345723985,0.01947981847279441,0.46490828459086975,100.4773381632206,100.0325238933847,0.4448142698358879
68.7331017665975,169.92952076055485,1.0704730791162451,0.04832036905144878,0.4541264643568943,0.6636604061607749,0.0,0.6636604061607749
75.7359163324912,148.26213532770788,1.9241609717353763,0.002520467460135878,0.4217722980781077,3.810597343185785,4.1941342225478415,0.3835368793620564
123.99579690346337,92.45807550829561,1.91677017237535,0.026657204937925172,0.32889422585007877,42.21276277875173,41.735290161185766,0.47747261756596515
57.18060643979466,66.67445644349851,0.2024228506222855,0.09505240419626221,0.45743047069221554,1.9404595085633396,1.0450878913892083,0.8953716171741313
65.79803703800883,121.61414270450625,1.8352713770841234,0.08938557929413896,0.47872155418979445,7.486917898514195,7.200363610922935,0.2865542875912599
128.1008603707307,118.53958538845087,1.8378402910106209,0.04907503854243661,0.5655521420829943,45.98105196114839,46.29521065142167,0.31415869027328114
81.86572534440893,137.78850988406566,1.0279906896016233,0.046582307507007925,0.5747112137915437,6.943060753708828,6.592678756001835,0.3503819977069931
106.64429484976064,175.02029057000766,0.6069155886192024,0.005074076735220057,0.18153228558836662,0.0012127489831749924,0.0,0.0012127489831749924
88.34060734095993,90.46992950157956,1.840853998890515,0.08921527966050816,0.10041296961414223,12.452948290057051,12.548825509043482,0.09587721898643053
167.20579800775482,172.94692326082588,1.0468531605934228,0.06215074422759508,0.5482036962438094,38.99289613063827,38.641869424054846,0.3510267065834256
168.44876806453405,125.61694825215439,0.7224737126320607,0.0644723641232868,0.17907018583453752,48.644619357078625,48.81435562161032,0.16973626453169288
52.47233008942355,62.4691774053683,0.29667625639452455,0.02387611744725502,0.5873778328022257,3.4598531954265397,3.423266357281655,0.03658683814488484
179.18786255412095,92.1827360160302,1.2992945122907027,0.06731048960977368,0.32892638905769267,95.10467969786741,94.71040737981276,0.3942723180546466
174.87939273860107,190.1857185014066,0.5807203721653176,0.0439435900198968,0.5563186259165812,25.26440338093647,25.88411350011429,0.6197101191778174
120.45842962171459,98.39751571732133,1.692023948939939,0.021889515252640324,0.5321429144634885,43.60779357148132,43.7332293814312,0.12543580994988446
107.27034537327039,184.53508561127185,1.9714427760803677,0.05141296225498254,0.23342320295185623,1.7915485228513113,1.2305843604612825,0.5609641623900288
127.57607610651404,107.74121759487984,0.4647198028871239,0.08384546871717453,0.1133007409865511,23.961869268170375,23.95747622748729,0.004393040683083882
87.83761782825255,140.23038784349276,1.023105882101915,0.06396941513614914,0.3293112779794948,1.9564676661961222,2.428851505621722,0.4723838394255999
59.6523473262394,133.79983058920033,1.6583952437948304,0.0333564640629205,0.5138653105328816,3.534775890240347,3.399664233625547,0.13511165661480007
187.49373986555744,162.29980245784833,1.8774162954259557,0.06878834988470288,0.39515253839342057,61.91145604898229,62.026616249466414,0.11516020048412656
66.42870939231088,187.04177251033278,0.7518450294743017,0.0164296198780557,0.5670210314411234,0.36301603694912954,0.2019593429621196,0.16105669398700995
157.50695122658453,199.8368461574304,1.205342889957288,0.07796569465379764,0.13452628500433608,2.17870074991416,2.464850503047849,0.28614975313368873
101.55066219271507,180.86907701766978,0.17226441273787105,0.0735346774640512,0.4415565114846677,0.007052167079747151,0.3906185346069364,0.38356636752718926
199.65131710547334,144.02700620365695,0.8052600472897463,0.07569125518294782,0.3003795257815989,65.6265745723779,65.34263923166218,0.283935340715729
151.27760760851214,180.1086202175165,1.614833756432794,0.03164487929837573,0.33874716562308294,18.643920006162894,18.737684552146384,0.09376454598348971
101.83729287676636,99.19041459206134,1.9724544253654857,0.08860265462273917,0.37152987562415374,29.68799011611236,28.9626605127198,0.7253296033925594
68.18746346863264,94.68696858738272,0.9979365302952736,0.05239290030106375,0.15780756890876343,0.19864207393174693,0.0,0.19864207393174693
76.1057348172427,125.00757205829328,0.9416203022697253,0.000497433687678206,0.39252049951283285,1.6641597072715548,1.1856664023191072,0.4784933049524476
199.8337323131635,196.84645425739285,1.273032983434951,0.08867371070009739,0.30351612647228643,39.278569526239224,39.71886250553365,0.44029297929442635
89.51111964741276,89.75276904590795,0.18249363787547057,0.01363912088888768,0.13490405522909346,2.0486328031441374,2.0899564473131633,0.0413236441690259
64.7672499325744,121.70055392992556,0.6320456252654091,0.047321529638371586,0.2307323874012541,0.002231619094567615,0.0,0.002231619094567615
78.67783064514671,199.20262457220144,0.2504338656324592,0.04878966287039386,0.20900491932526152,1.3527453774902672e-18,0.0,1.3527453774902672e-18
89.64743784964759,176.63898827227223,0.4531871525041124,0.06494448879238579,0.296180092140122,0.003728223523693147,0.0,0.003728223523693147
89.47604067257664,107.26587551640236,1.665826695198544,0.035528979910391036,0.4803198235426007,17.81583224671551,17.88809178251482,0.07225953579931144
125.473827641753,186.78246931114444,1.3510314330107696,0.058346674696134304,0.5316863469980968,17.11495820814129,17.297568573161215,0.18261036501992578
61.60524648822542,168.68832502974624,0.7965180487572315,0.07527083247927843,0.3626362855494468,0.01561412727753661,0.14742736059172046,0.13181323331418385
187.1261079722965,145.42029209127423,1.5521891362237057,0.02135116997633174,0.3434310311392321,56.80262398874159,56.710239341374375,0.09238464736721141
58.899674858745115,51.63064376634865,0.7067145972696224,0.005576566031894593,0.5676558150103297,14.548115328810095,16.055703675691653,1.5075883468815583
149.5935867661164,98.9218879055446,0.32141373757565905,0.08097053012501147,0.26577160277965906,53.2221319560437,53.251427730675886,0.02929577463218891
193.86527571043024,81.90514385524405,1.3242286076531793,0.015387553899129703,0.23805818909143658,113.61803266599375,113.48841031822936,0.1296223477643963
133.02301429467758,145.14713236561323,1.5879593708428787,0.06450580378199608,0.5907924425580476,39.33485672886876,39.14164852526199,0.1932082036067655
173.35900502705135,130.83045644657932,1.9824992078538692,0.08950586828839247,0.4470285393489577,75.2664429235866,75.95268887587238,0.6862459522857876
81.33130135292643,161.2810507487028,1.369071521066437,0.016101404350741668,0.24489136520330054,0.11367226389375817,0.08093372470109728,0.0327385391926609
172.0289824370809,89.65732611614531,0.3507332596897826,0.022758720626460827,0.10998293899826314,83.08447391463106,83.41496441797295,0.3304905033418919
105.8959754971929,101.63638393633514,0.19264597440494596,0.025477144024948495,0.3602530417303953,9.17482270336906,9.077443262556187,0.09737944081287253
58.954379412941385,140.14350079163898,1.900985170750132,0.07163899591801058,0.26483737064790147,0.26093662522030714,0.3487854346469206,0.08784880942661344
77.34280234859251,189.77285032160643,1.7073111666315155,0.041166904954763384,0.33503993752457895,0.5705969692782284,0.31485186306144897,0.2557451062167795
184.08092283245298,125.12110975873715,1.1233920064625416,0.04739485006579855,0.14351981510089876,65.46004576956969,65.63516173582582,0.17511596625612924
106.23629292235002,128.471058826431,0.2818298965068352,0.02456095810872473,0.2874986729514718,0.9954139165087792,1.1089609475251123,0.11354703101633312
167.15501113286336,187.03196033472534,1.1105194039689077,0.05414889524102856,0.5778233443874891,36.724450583208586,36.60461868347993,0.11983189972865915
59.40375844402017,139.44202836809657,1.1062002018883155,0.06093382341590267,0.4981177019233086,1.3178047344452608,1.6063406037831456,0.2885358693378848
145.26391808145587,136.30353016569535,1.2765650099109578,0.06889556249398346,0.1284475397555356,21.9278466668233,22.14100796423473,0.21316129741143186
159.07227442579108,139.3522354299576,0.5074892594169133,0.0021838999014714756,0.1477926641934633,20.63746989953914,20.888119290771787,0.2506493912326455
170.01171037872916,70.29399342488317,0.4028151572297076,0.04392016790747988,0.4912763524981041,100.9691948952912,100.92469300827142,0.04450188701977709
185.15129437560623,121.32433152812105,0.4453062720690714,0.0924707028183463,0.12007618107199006,68.72136802232339,68.81350383820558,0.09213581588218744
175.35888851245983,56.16257939294704,1.3896087646710686,0.04144598414146024,0.3751695237956788,122.38313835079745,121.88012397165322,0.5030143791442327
180.16116551197385,82.43151845199182,1.1677321449817173,0.06240695836940172,0.42991357131132,104.2131128669296,104.08594242165641,0.12717044527319388
165.11226542987072,134.84758726068225,1.3283889115488563,0.007241360286405041,0.3135926970109085,40.72375684795924,40.239762940904455,0.4839939070547814
148.8645507536561,199.17428848780014,0.2851930178080926,0.07792967315562371,0.33348241129822975,0.8662198459996002,0.997244575543867,0.1310247295442668
152.3197921209378,113.72334593439464,0.26962688346140773,0.045366738445594024,0.5773698859768068,43.12862151990045,42.784353101431904,0.3442684184685447
89.93406468268188,171.29308661256732,0.5156702822777655,0.040683585561576786,0.4040333554449149,0.19979215356867486,0.0,0.19979215356867486
139.54210910699197,66.68417113374682,0.9520194209735423,0.001654658155951383,0.4638892101844563,73.87887412407377,74.03284409610761,0.15396997203383478
138.49685954843233,198.7536391422679,1.1254302040744213,0.06301787764664565,0.31135846689774516,5.47543612243787,5.1947106379792345,0.2807254844586353
117.67826683002987,136.5948519740012,0.3403180854792095,0.09535261537188998,0.5877066340325101,10.69372912604915,10.785104565426089,0.09137543937693948
75.11155277556861,177.88084060251018,1.3828218080227945,0.07952104424979425,0.3893627180513439,1.031493084483082,0.8817477377053322,0.14974534677774987
151.37892507727184,160.73766113192508,1.3358784764280456,0.03615502770685789,0.11209592131862209,7.00688928700059,6.6718980498571305,0.33499123714345913
163.51247186763976,108.66477248894387,1.2712936780822064,0.07342575606539527,0.11817212642697969,64.53239154305687,64.37146211102123,0.16092943203564403
169.6716722062094,171.50901733894122,0.777437520911319,0.01635106744256194,0.35692398983062557,21.359146186419053,21.475016563181825,0.11587037676277134
56.59575023344179,153.4951221235545,0.7508567152393046,0.08590068192399458,0.20064184339993044,1.0917998701502645e-07,0.0,1.0917998701502645e-07
121.4137635017991,79.18035257607073,1.88138311920202,0.015938779004305428,0.11364500082040632,44.579754761464244,44.484872083204365,0.09488267825987862
140.4780039609006,169.39808641147945,0.47898080326052833,0.028309404279772188,0.5199942857590544,11.11627859406294,10.673677057680333,0.44260153638260746
125.99021666473188,100.37737959318191,1.6287401785902769,0.09163191879000826,0.4998707498269197,50.63426491415051,50.74669034282081,0.11242542867029925
130.53121792315147,149.26412199413713,0.0990500729249865,0.05830575602516918,0.5527022631580493,3.2363096449300954,4.245022787417032,1.0087131424869362
147.84380669463138,61.989589217447275,1.6242006128497068,0.0005711374516739531,0.39069256745494907,86.66906424261198,86.94389211146446,0.27482786885248345
153.52327840270453,112.86774256227653,1.2787164033111291,0.06940768172152459,0.34409112346502746,54.13248026286837,54.58775412326875,0.4552738604003821
149.4520860402274,139.23888544194241,1.8732970255051027,0.008458368729928679,0.13853770890634196,18.126901254085098,17.429173896920837,0.6977273571642613
115.90443486030264,51.95295778943816,1.9499607646770467,0.05300959492451675,0.12440369259048831,69.05345063552534,69.83752452560603,0.7840738900806912
74.77961008194427,158.90618819848925,0.788178369416614,0.03969349387402802,0.3431715759780316,0.09600062110301788,0.0,0.09600062110301788
76.98296970537916,73.35036098329589,1.7522846163758432,0.07674918061081772,0.4942794629960512,25.198610746529145,24.830146122107386,0.3684646244217582
105.63817657991507,78.6699317178767,0.46524458758228,0.07964308422361453,0.44019344399498905,31.641629937607192,32.13169839009173,0.490068452484536
107.29952941330197,128.53878548475979,1.1292485127394238,0.012212067494987267,0.46876185510203383,14.530197949500561,14.604273107218447,0.07407515771788553
183.74476721786746,172.7745316816878,0.6510080164402907,0.09434775946593243,0.39473643366099576,34.13149799906229,34.20449192571026,0.07299392664796756
129.95517801231642,107.06281540423599,0.7252525122773171,0.0008439649729502507,0.16738882810512487,23.624134813985577,23.824113693685455,0.19997887969987715
109.46543530472181,91.66606562862864,1.8073490773057144,0.07628212413918817,0.19013145167581588,30.848723938633583,30.514332910493337,0.3343910281402458
78.14139391475504,165.71147553945428,0.27562162338466323,0.009809799100142248,0.5359415061988164,0.03802828495503574,0.0,0.03802828495503574
182.36374924513672,64.40351532093439,0.4250966968423932,0.04191754762445252,0.24374059317142052,119.0976767252063,119.55545554288953,0.45777881768323425
174.27995289192677,65.81440059743596,1.3894717042902514,0.07625242811008016,0.1531674830604635,115.08193397116673,114.73057483255975,0.35135913860698054
67.23101640770022,185.87597795983393,1.229870664121859,0.02078098979453894,0.11403355127920414,3.901993016750182e-15,0.0,3.901993016750182e-15
134.4803096233127,122.03816906438425,0.4042946006766415,0.07037594485751901,0.5561337107968021,26.786644891787432,26.433529609906174,0.3531152818812586
140.6201307825607,61.40485004775036,1.0323271981880466,0.09437706663260069,0.18399272209664644,84.91563878345201,83.8352016117183,1.0804371717337062
104.683865987302,109.32712478305731,0.4412055511657404,0.024489111758266235,0.3593420663132747,8.468841890960768,7.797539442291377,0.6713024486693904
68.14383115849638,109.05283059286656,0.09278274915082721,0.027400179165042317,0.5488084602253563,0.011009835589841227,0.0,0.011009835589841227
199.8928863058815,102.04978834409252,1.1962411594558238,0.05589088498534903,0.23376898974565904,104.46254554902184,103.68254321956654,0.7800023294553
79.05722247078555,193.05955050303305,1.3680967476499934,0.08483342139482289,0.2831647777144647,0.12233353251115076,0.4172873780172779,0.29495384550612713
118.20198177639253,199.64434331182764,1.5076259626213282,0.08099151214676482,0.5279888190534681,14.862193063549494,14.949424106148687,0.08723104259919268
88.39086228211156,102.37745843433557,0.4475022080592084,0.051408025891044866,0.5953840954508772,9.74669007949256,10.189283111952612,0.4425930324600529
117.65697502778826,180.093898559408,0.22059868155691542,0.026431647077348453,0.26928961197020385,0.0021637459537001275,0.017241293889071585,0.015077547935371458
67.77278785322024,116.29256370483267,1.5764380655975057,0.014961254956889792,0.5628680820228376,8.113938925855138,7.810302110358908,0.3036368154962297
101.58622931973815,184.23149797748633,0.900643301814968,0.09495021778584718,0.5049050100110632,4.5416684635328295,4.254537589187944,0.2871308743448857
87.86768880448867,156.60793101793146,1.1129545978655333,0.07939487693988304,0.4992316725145103,5.502993945181849,5.566933574201627,0.06393962901977801
141.37789306278762,54.924816027452714,0.46047070622159075,0.03305310384455993,0.2084506077767552,87.28270251106767,86.93242649692893,0.35027601413874265
79.72112951479913,166.91360917976866,1.3381139575502494,0.056079014261600196,0.5306679853331608,4.707262534141423,5.105574378566249,0.3983118444248266
192.24739813124117,108.25397788680587,1.4306668969086689,0.0028693797350798802,0.1522620548973205,84.44219531809854,84.15011574696942,0.292079571129122
190.63295101293386,96.58085185245476,0.993712265839247,0.05537399213384234,0.11251451432047113,99.22296895463684,99.16210239021726,0.060866564419583824
107.22952558109657,72.12725054896848,1.520059715277158,0.04499207850023149,0.1574373763773875,39.915554315064995,39.61321127877812,0.302343036286878
92.02779912090168,58.72079435242459,1.5171570391988758,0.06989985514381639,0.27980856747783034,39.75320765114017,39.40258491473856,0.35062273640161123
90.55178395065627,91.46986474784103,1.1432632174062973,0.03155741716940578,0.598608589557012,23.621039781708447,24.15882205884151,0.5377822771330614
137.57145637264557,66.52974431739449,1.067094820455458,0.06350916946691018,0.3697430411802777,75.63932325354423,75.18255329475178,0.4567699587924494
193.41855859399354,195.54021453090382,0.29521968681801336,0.05480814190170489,0.49759522158787706,21.25634254827169,21.413826440325145,0.15748389205345603
168.65016292424605,77.12972009801652,1.5689009121919506,0.031816348697798334,0.35788360211623016,95.8807463695211,96.63929011099847,0.7585437414773679
182.98368704994175,107.43641687655065,0.7942277025780545,0.08040338068569125,0.5413832856960319,85.53920532711696,85.70234445767866,0.16313913056170293
62.57373469434416,196.57662255657294,0.7478429524742644,0.03100007706753173,0.17631562933601883,2.0820643451878528e-13,0.2313574276297743,0.2313574276295661
167.99819369051335,75.66329540198453,0.9936640681250134,0.05128696642512546,0.4233664841092807,96.47013598786644,96.7052911933567,0.23515520549025837
130.64196746733398,170.79363719350613,1.3672735537766496,0.09194912987744959,0.449395689798748,20.193476315142235,20.097372723447535,0.09610359169469973
57.946862222227615,89.09682528492853,0.983067563056972,0.08466124069661247,0.4319679289685059,3.4387046201588625,3.8922996690598097,0.45359504890094726
84.88549107933105,97.90018681063583,0.8519072502147927,0.0840285201049717,0.5621626323900393,15.05501327497154,14.591427836831208,0.46358543814033126
138.3285605841315,93.09485979582698,1.2904296333946272,0.05506423747226039,0.5062188571738979,58.848912456347946,58.38848075734496,0.46043169900298864
158.60183782765225,115.01082514053317,1.1562675053185636,0.08521801782498756,0.25390880508148717,55.31970345429349,55.342444119531486,0.022740665237996893
189.27364900311917,69.91408981287861,1.62189838103257,0.08071036870147051,0.5892347687048025,130.1817448433809,129.7086721428207,0.4730727005602091
72.89993604430772,132.90034053153678,1.2758055157813046,0.00435179599781963,0.44619206412766477,2.8273274811401343,2.574856300767518,0.2524711803726163
177.04556332587467,175.0571686986764,1.224705566632999,0.06628663573635783,0.5359750299105608,47.748283901611956,47.50529804723523,0.2429858543767267
196.89336958056623,84.19999123327528,0.5883188027446805,0.05812798426183535,0.14282790938966708,115.52415265605033,114.8486337335269,0.6755189225234375
108.78645149995312,114.83413201054779,0.9555183383444944,0.07339988118357095,0.2644289700315706,11.98418781314659,11.28295067274977,0.7012371403968203
136.31047000051075,177.04174445619543,1.5614415521170624,0.08864280976519903,0.23598326649767856,9.548018205942995,9.640962777896377,0.09294457195338168
168.55358817175144,85.2189839759373,0.7077134209281476,0.03363479053200591,0.20044605108842442,85.3392476881965,85.32442779362503,0.014819894571459713
62.908475422451104,157.59736561058227,1.2740142113037858,0.02318995879668604,0.19218486072026394,9.780271380838666e-05,0.0,9.780271380838666e-05
117.52405690532713,129.06252586726237,1.8022043699534793,0.016257999207493313,0.46370108237631114,25.923681244690485,25.762046776507464,0.16163446818302063
177.29116517921423,90.70850549651368,1.559738136150019,0.06469409073982221,0.4536543852770938,97.94190652196345,97.72424846777092,0.21765805419252615
153.91122504003192,138.21483623630735,1.326313677509179,0.05237009158201587,0.3595595543306612,37.7345306883897,37.86730517721035,0.13277448882065102
94.58525480799427,153.32385969395676,1.427750023597001,0.07346932154472856,0.11709257923249691,0.016759491732190213,0.046244015963928575,0.029484524231738363
78.38258982437291,144.35491197958146,1.8865172655394415,0.00933394116348244,0.11559506138150907,0.00037332598911789423,0.0,0.00037332598911789423
53.42003713624542,148.44248824507724,1.3464271575319953,0.060810757993433696,0.5281130283002039,1.3718032807300373,1.3453159632085097,0.026487317521527665
148.48259779941884,153.3377572655342,0.9569182198174949,0.045944919466644765,0.36526790977640966,21.811805078188158,22.05169537742098,0.23989029923282246
120.10667613051014,114.68704297516936,0.8506785863475681,0.06435460675637045,0.21809263527957526,16.049234623338222,15.700351570943894,0.3488830523943278
61.46171237653467,114.63649915138188,1.2376954799840878,0.05910705671136815,0.25943859528194757,0.2520044748921997,0.12684999560572408,0.1251544792864756
92.18200903890184,61.40327897741132,0.9460033578284532,0.039241123248480204,0.4358561572211612,35.369911428668665,35.46791248401056,0.0980010553418964
67.47209238998148,155.6589384837941,0.26621527048625493,0.09363778508277026,0.23865219428659115,4.076918698581833e-11,0.0,4.076918698581833e-11
120.25066141877205,199.07749764855484,0.17367297059207049,0.033558563209243934,0.5679227944718578,0.2314129953779882,0.0,0.2314129953779882
193.69586620127436,128.7351114003593,1.222307856557894,0.021132419296930518,0.14148555691987721,68.2634474314823,68.07609074343202,0.18735668805028638
99.4118324167652,140.05731555911348,1.864558479261011,0.03631039487670256,0.30898954157783964,7.362522482621149,7.837023525732015,0.47450104311086605
78.37667464495496,183.30759394737333,0.9118391514358063,0.05227202293314607,0.38854144108248123,0.23335638376373202,0.16287262831051663,0.07048375545321539
76.79062635456766,196.74321576518747,0.3390716546904213,0.06097616788554348,0.4150672675315443,0.0004825411109318934,0.0,0.0004825411109318934
83.86827335527556,130.64155688562684,0.8082370959646901,0.015166458872839107,0.5707285412462961,5.8609691240721205,5.467261997055431,0.39370712701668964
56.76071549651061,83.01035010621126,1.377433127232834,0.0647662693739209,0.15795681905372336,0.30307539177231524,0.0,0.30307539177231524
82.29755032587332,188.8596400789864,0.33685400072645644,0.05402494678813168,0.358031069707754,0.0002711585855874159,0.0,0.0002711585855874159
121.35776703697647,149.4406806132159,0.6260722514780144,0.06897651103017101,0.26075766231545383,3.2608409749342755,3.0882023361038655,0.17263863883040997
142.69929425609246,148.9575418886809,1.824669398483137,0.04165603589578209,0.23903780106106456,20.42025049034251,20.186200919698116,0.23404957064439458
67.36796379069595,115.15364741491169,0.1784119306325932,0.009242134875283636,0.5018136840535972,0.03480942593404224,0.0,0.03480942593404224
72.51943351238856,69.91467103952468,0.6459363682679502,0.04734359739343649,0.4003328442997971,11.515623376910881,10.717251515755898,0.7983718611549833
195.827916318199,153.36061248265332,0.9377754900537908,0.09695068791990735,0.4045935995378934,62.77351852127515,63.01261349068084,0.23909496940569142
50.096345554981056,159.47792558701974,0.24019242434317944,0.010821110124068013,0.11013741309546835,1.3632967780641432e-102,0.0,1.3632967780641432e-102
76.22578009359654,170.50853477199064,1.4413693887630132,0.07539189036572014,0.5000582173687141,3.828791431649652,4.361719746693332,0.5329283150436801
184.16958092883996,189.4460689175061,1.473438924510051,0.005818241492771503,0.4157777598968042,35.253919042108734,35.35220297592373,0.09828393381499723
159.90338014799048,160.49258450515663,1.6599025858803074,0.08279257953989613,0.480202926376346,47.24350542413832,47.335090662185486,0.09158523804716623
158.07926228759948,157.01943516375536,0.8805267558868982,0.003994364042250731,0.25618118285675373,15.86580868621698,15.98005091926218,0.11424223304519998
163.89938199899743,63.50550705001544,1.791068359476993,0.0048771916017241405,0.5177765073158435,103.52661244077186,103.28997862322115,0.236633817550711
140.30945117494701,176.84907627904516,0.5593117483635994,0.058416025920874,0.49876063102306034,10.760470818386516,10.815822923681086,0.055352105294570464
198.22788872784994,194.78397538008943,1.5143144474362367,0.03353619946314695,0.10125494075909411,17.460383388469737,18.057925758903057,0.5975423704333203
81.76116541641873,150.04842793857497,1.6462093834109053,0.03306746438567059,0.5358066325279227,8.54222703474171,8.450663484488967,0.09156355025274365
91.45208929018057,96.51463140618743,1.1549502265345706,0.09191524062124695,0.4555441330141299,19.65950333953206,19.11682422747644,0.5426791120556196
185.8731428257026,176.96593438022836,1.1192752499563141,0.035876701972616186,0.481778797805124,44.265706719450506,44.569833945925176,0.3041272264746695
91.35626690903932,55.50254723164359,0.776907488317168,0.039162619034292405,0.35865685859097274,37.946269134230484,38.76576915410171,0.8195000198712279
190.30230429951916,64.86910539132917,1.3149331652325773,0.02186424808109926,0.5469246764108683,128.31079532574898,128.2695262328128,0.041269092936175866
180.36604129801262,120.1831407777547,0.21133296016513925,0.0348037121045832,0.18521725007924963,61.06362666403372,60.79400836290304,0.2696183011306772
71.45111019895776,68.79424738011463,0.9215306444525999,0.09973086587084493,0.2232269174038802,11.088040067219438,10.98627056576634,0.1017695014530986
94.40805917120164,154.94537492079638,0.1128702789370549,0.003574958833271791,0.16285530100579995,5.200629418567223e-20,0.0,5.200629418567223e-20
194.93039380522643,86.1697817252849,0.10007555234013674,0.03567775011955209,0.404597094478913,109.06773014376122,109.19183220720265,0.12410206344142694
195.11199705475437,113.3601052069032,0.0901241566920741,0.044311270904117565,0.35951069083814435,82.20369508398704,81.19721142725578,1.0064836567312625
145.8520473896247,153.98057850954024,0.8667534009694601,0.066830113399018,0.482046120975238,26.117497998096987,26.638361455556918,0.5208634574599316
77.09334788367347,89.8250921004408,1.4383735598416234,0.0019705290842677247,0.16205567742035162,2.0340382844230867,2.05186751986092,0.017829235437833546
77.65112203457173,131.53466769692596,1.0190416012845092,0.02872068759295168,0.18353745601236246,0.02035795646537658,0.019743832458345878,0.000614124007030703
70.08336040627725,150.89130996959497,1.9176717496466673,0.04644256571174629,0.5557414891870616,7.5281617878228975,7.678445592202571,0.15028380437967392
63.86715377333087,184.46170409221313,1.875377276850343,0.05042637755769824,0.24645225150268554,0.021268935934810246,0.16052558023592667,0.13925664430111642
128.43856958968965,81.57640257623186,1.9344837269295563,0.013356277113344472,0.432474142188239,56.087838651155494,55.74878820754796,0.3390504436075332
154.81844841711276,161.238584571085,0.6879650105297966,0.06947015262665324,0.36048656280751035,18.890731847569356,19.098345238165344,0.20761339059598782
137.38452784899522,156.24459392073553,0.9174368421880463,0.05879442909476225,0.5398772012175409,24.085016382341564,24.805819475993196,0.7208030936516323
182.2928782634233,191.7384485572582,1.284647347089346,0.0017914753898056635,0.18002048716832922,11.096660826029009,11.513919425809167,0.41725859978015833
123.65696863397682,102.87655872726859,1.5393926041596186,0.06105894864761413,0.564006579329463,46.93376599249954,46.794426709797385,0.1393392827021529
163.12500974990843,94.91648266826849,0.6558861679121485,0.02006087015669841,0.39040251674447657,70.06870971452003,70.66989427190573,0.6011845573857073
94.96503826036681,113.4829998367044,1.0383747131206522,0.03746569106718221,0.3222853086374221,7.383629243283348,8.052254654887612,0.668625411604264
57.1669325712382,179.3435295549096,1.31788260169052,0.09013344757598785,0.4242376052895267,0.2905830360505077,0.44511687495329966,0.15453383890279193
158.16488144626004,114.73894908776637,1.277309029139188,0.07934008073386642,0.491605113775999,63.45178310415193,63.635093699458814,0.1833105953068852
94.03869644895694,123.48485504861952,1.215141839196566,0.04024550737539672,0.5694091145235075,15.866288586822108,15.791643414794883,0.07464517202722476
101.3605843101191,81.8345257788668,0.840952873922348,0.08115753877468891,0.5994090713334538,34.115898755270464,33.93884071621989,0.17705803905057138
78.17878222890215,113.79072313928924,1.2643134178242628,0.007837287915147274,0.2891368342768803,1.978622504160434,2.315308243166598,0.33668573900616394
125.0992640863147,101.94663899360933,1.1925267691216714,0.09600640624017598,0.359758084135653,39.052860281511855,38.94386988326944,0.10899039824241186
77.18088122575818,156.86872924750114,1.9417833057515226,0.03804499563202236,0.20142179870096408,0.12015831705415247,0.449600742680218,0.3294424256260655
108.92867579017502,189.66314082889053,0.8598966827475539,0.053940040310459805,0.5661883212743568,6.388620647801353,5.85550814397752,0.5331125038238334
83.7452371693588,107.22687220663892,1.9450404583605556,0.08138758995144814,0.4579743307580556,18.270313764802623,18.5841333401494,0.31381957534677696
50.72523381577675,183.5517653533962,1.8416016082183484,0.035780017409773046,0.10921628566043487,1.4927577261483636e-16,0.0,1.4927577261483636e-16
171.26833509480127,142.9689338359434,1.8410701303097583,0.05449715853895923,0.2856515325819161,49.76410363816761,50.15244486064003,0.38834122247241964
162.7581474193244,187.476669758748,1.2573440115097159,0.07000177698885465,0.13418015024489902,6.18934853703788,6.72342868214967,0.5340801451117905
143.96000501548056,107.43542147887948,0.5590391451693896,0.07042040728209108,0.10160970203438593,40.67191691907736,40.69646671968249,0.024549800605129235
152.34345779895972,84.35748339277892,0.17520312132302718,0.02633175671576715,0.4665158951003864,68.38127572929764,67.98240976449058,0.39886596480705805
67.38482979788742,74.44586397591861,1.2838429279234302,0.0836142327396508,0.38727524796050994,11.917580019510268,12.056565817880688,0.13898579837042035
88.56625445245241,60.830578776624364,1.6854156247666272,0.015641409274960504,0.2134215011294963,29.971019210125228,29.097817662870245,0.8732015472549826
112.90621356153714,199.9666684694356,1.4328756855760154,0.09267087289589698,0.14808690326968724,0.05371164537322215,0.0,0.05371164537322215
137.9042893709601,135.3636526411011,1.6132436351581123,0.075970341388864,0.30218465533463856,29.975166823521818,29.807449870929972,0.16771695259184582
145.77249366369034,70.44622080210895,0.32882068960400496,0.03459988630233161,0.45177063609725276,76.13981060217252,76.7453990014533,0.6055883992807765
189.53740727188085,197.63431953016374,0.21160169111496957,0.08909812479552098,0.548438654532751,17.123367919740673,18.017923259649194,0.8945553399085213
127.27626875146271,100.69686959866263,0.315176186433962,0.0608385640555721,0.5184434914632661,31.927226337984678,32.48730235152378,0.5600760135391027
126.0826363510097,96.04696093962158,0.2925748130633231,0.03934048878355946,0.3717297983158744,31.920216389079698,31.57118789276588,0.34902849631381727
125.44300463882593,155.49559255145454,1.7056109765138185,0.08497729872149996,0.5113174094541735,29.636786172796022,29.60300810159272,0.0337780712033009
73.44109656756189,157.41637800763016,0.7076659725304583,0.06549557540870171,0.1423365480888444,2.2236016798534613e-09,0.0,2.2236016798534613e-09
57.420487113061405,127.25193671411016,0.8793194840520521,0.005860439121558092,0.4130957591538478,0.24738820864891276,0.031414987747474754,0.215973220901438
132.05196810217865,86.53022900700662,1.5465872454728997,0.004973287969320006,0.2669245581125873,47.79054589758374,47.86831407912504,0.07776818154130183
104.65278199972119,102.56091151135016,0.05260311760405964,0.008227900208501239,0.5654387624172286,6.491014432219302,9.699989749359005,3.2089753171397035
91.315256382445,71.12020112766851,1.1848341513242793,0.0496096659945795,0.3937029188074157,28.822943287811185,29.262936746066682,0.43999345825549696
71.14810105949908,135.69583200568422,0.12810656460663913,0.009585368422205766,0.388695392405101,4.917256542759103e-06,0.0,4.917256542759103e-06
94.4236949330515,176.73121852283737,1.7828780758370644,0.07710959825483893,0.5161085344773874,11.286867704281217,11.247070569528617,0.03979713475260027
170.51996816483938,159.61570234541847,0.5264767957298694,0.06973591230585731,0.1819708780003315,19.324197054075114,19.200226635541604,0.12397041853350999
169.88343824885828,96.32119964821868,1.459003240207921,0.08981623056756491,0.2293811159822202,85.4541751294244,85.54160824138869,0.08743311196428749
60.573425803537866,177.72243292004296,0.8923867326853953,0.015173360989379037,0.46833751719411254,0.12072153534848029,0.47797890332507365,0.35725736797659335
156.09501135573728,89.44250826327641,1.0186121559994585,0.001123097318289079,0.3968729402434851,68.49090704574782,67.94796991675787,0.5429371289899478
189.93511736198798,163.2214802139959,1.1868509759233616,0.01956782589338556,0.5717552609617702,59.56469682715735,59.3815449590028,0.1831518681545461
149.11883657726167,97.07264127116511,1.3752837985854205,0.05033910245019618,0.24089580081832587,59.04746802282834,59.07540968407962,0.027941661251276173
114.28893773763747,191.2801867562318,0.8806055878527713,0.05890560727730755,0.18862902159173547,0.03530762055720382,0.0,0.03530762055720382
196.76287299614523,61.53757124586296,0.16926192302698667,0.052961443877023034,0.26364695146475103,135.77448123844215,136.06333080129968,0.2888495628575356
93.89590653574564,122.45296017698755,1.0757547275958539,0.01487772321067934,0.5414614966261446,12.627856510900756,12.584994738944008,0.042861771956747674
66.38227469167863,146.45684349597724,1.0665394629348153,0.0850421997731838,0.25193714627851804,0.026427230037350313,0.00967055988325427,0.016756670154096043
145.92985093890587,144.44180358070054,0.49885417186799996,0.0166376691276787,0.3377757533411325,15.110998664403809,14.927821903304302,0.18317676109950654
120.39904012856019,51.94805670875793,1.3928253256601049,0.002109097127776938,0.23762775012476187,68.61152701146204,68.02369300021644,0.5878340112456044
188.3536457819005,180.31251215752062,1.4556613843756103,0.08247876723443968,0.443784425692649,52.636024376387596,52.46163115776882,0.17439321861877488
64.47784492554615,110.20636836208207,1.4153373752977136,0.03164678868803452,0.40119290146819353,3.0434607634019066,3.1894442329528054,0.1459834695508988
180.99236228829045,152.22747565738416,0.2383415682420973,0.006985731558213537,0.29261399574861924,30.2830554621236,30.55517565164956,0.2721201895259604
108.89957529224512,87.65189913316921,1.4703209125132146,0.05801585800537064,0.2973745968840653,32.16760806428131,32.18074264688477,0.013134582603456124
81.92195753021026,183.3005866331106,0.21317590088907684,0.0617244892391839,0.5014565721293269,0.0022317242273120486,0.2750452701037105,0.27281354587639844
171.8251319025577,143.57621326641066,1.902503430239828,0.013980982072400783,0.5088858987513011,60.511577190370176,61.229209438114964,0.7176322477447883
178.48220353618373,60.66240935369076,1.5932331844862457,0.09478364549772486,0.49683496580037634,126.87002771865207,125.90027649149792,0.9697512271541484
147.88508776506228,85.06210316178844,0.40140184789118444,0.03065991478831749,0.589437649586923,65.0304176369044,64.8999346041099,0.13048303279450124
198.88001932562491,139.60100860415807,0.8286572913765359,0.036786063176051244,0.46249290080351735,70.15308427847431,69.81932596197387,0.3337583165004361
53.75783614061769,167.74764583281168,0.3988650119819496,0.0773858434634701,0.514685990431805,0.002544159623199139,0.0,0.002544159623199139
199.40236326537905,148.8661915874786,0.7335663298864616,0.04760133260388031,0.4304414794600868,61.992134765128014,62.0474547911507,0.05532002602268449
139.04563568389318,120.60826035295763,0.9198805634978581,0.013564211254280546,0.5708495444726295,38.886714098566166,38.771770875454024,0.11494322311214233
98.25318632890021,126.516743581736,0.8687561386109159,0.09403731153884182,0.12408177737778339,0.37943713307378246,0.3544508565149016,0.02498627655888086
190.96014105932446,53.44433792288166,0.8667304404938344,0.029412743388762333,0.3825671247988248,138.86216600344753,138.02830637232532,0.8338596311222091
128.83587974348353,159.28120190129522,0.05106103453236319,0.020578315641993663,0.4571610657538886,0.11161782002444509,0.07050383947714067,0.04111398054730442
73.70023829555161,138.1868999884266,1.3577879429780633,0.0971817202277156,0.47019307600483207,5.020121314993187,4.979065567337724,0.04105574765546294
72.74207806602087,91.52240023813589,1.193779814703866,0.04433169871070334,0.5237180786408049,11.758574774132068,11.055287773483503,0.7032870006485652
122.90796878624212,119.20497848584976,1.7496439433979607,0.08187871495265389,0.5744214436447216,44.11156758661299,43.68239869619292,0.42916889042007256
152.7739153104031,168.33177855982103,0.16850370054047037,0.06507173270266307,0.3659907217853611,4.218839311287688,2.9836947839140997,1.2351445273735884
126.85145684905848,191.20886650914508,1.9689684023369534,0.005869753607483531,0.5195071184901314,20.02553626134435,19.04612427408899,0.9794119872553608
183.9521743657745,158.77556344780533,0.8724089454648467,0.07373758508152801,0.4984208497065924,51.20360432169868,51.403721468665196,0.2001171469665195
121.2074536835926,169.46103973260077,1.4514560805838932,0.07686369645174647,0.2301929544471603,4.444805727061066,4.681527061906074,0.2367213348450079
173.17877122861415,147.99781186445506,1.4644038356909679,0.014455459567920903,0.3643082310545338,44.08221289345734,44.186453849247215,0.10424095578987647
116.73828236992199,162.62994629398378,0.20895577317529507,0.056196375147128656,0.3958150789933409,0.382615113841811,0.057798413184450226,0.3248167006573608
136.17014889070376,150.8477426979382,0.34296489570065297,0.015035057500501681,0.4089034147719298,7.791694863088658,6.717253474297216,1.074441388791442
161.57724495782952,86.35838870487774,1.3168049645794477,0.084229482617835,0.40049281236215895,85.44337508791975,84.80776535821511,0.6356097297046404
161.7782192493267,61.5566788971253,1.6324668443228494,0.08920302330034363,0.5405579993019556,109.95576160997402,109.78031017551012,0.17545143446389488
181.9291339572171,101.7186143553705,1.705481497781765,0.09674725525047602,0.5487775483410792,102.3107238667631,101.61461967085725,0.6961041959058463
172.87680546302806,160.35060597323582,1.143719232095738,0.017939706320767534,0.4994624059710062,43.17828758535131,43.56383842824968,0.3855508428983683
51.43444133424715,70.69618325023714,0.621549506220519,0.05369122406383519,0.32015518312627145,0.9664489367444977,1.335916898081173,0.36946796133667537
179.0195988784499,108.96643152252412,1.8718133413051077,0.09259895610427409,0.5987450360817095,99.02599599575673,98.54989468762115,0.4761013081355827
190.48140235567584,92.38087304074674,0.7666238142521231,0.04410666552705125,0.46474466469229914,101.80988136051276,101.76855403928958,0.041327321223178615
129.20306824565094,181.80368037342234,1.5563116501572845,0.052833092798041936,0.32140714639571366,9.111830330162704,8.66622046080326,0.44560986935944413
173.79436330129016,188.3289537699949,1.662255097102784,0.034319818236562404,0.17235997251492804,13.59592747741651,13.616464308394779,0.020536830978269194
121.81748872925436,55.694190684397036,1.59559942988831,0.0368477920588773,0.4992343866916539,71.3646480977811,70.52285842928643,0.8417896684946697
95.7221616158982,91.58614906662649,1.6476432533560672,0.03325098686758432,0.19275462019875336,14.194228146722537,13.584078883873183,0.6101492628493546
149.0988222675698,81.75242779364697,0.6789173091801465,0.05301848615022878,0.2871601047914826,70.26452664412008,69.35893557445166,0.905591069668418
95.25705381156298,199.65715025362368,0.34230533318769124,0.062829038151006,0.14827346490383983,8.369287950244714e-17,0.0,8.369287950244714e-17
154.14359559605484,190.27838070108243,1.4053559749810358,0.02983332377185757,0.5228213879334744,28.253218479780386,28.84796168942679,0.5947432096464027
59.27179416075731,182.10142473160684,1.7401348865861166,0.08812335321820051,0.1661628809872108,2.1356331967778343e-05,0.0,2.1356331967778343e-05
85.995129188954,192.76725015837172,1.2014426298865908,0.01224405882177021,0.26693714492589493,0.03820703677870735,0.0,0.03820703677870735
118.58285662910306,109.71337620027418,1.467345160206475,0.04360086557121138,0.2829508138661667,24.15918093775369,23.377019570851168,0.7821613669025211
75.15115815802491,113.67067362778738,1.700949703721833,0.0761605185043549,0.1797596069783768,1.1053997516871483,0.49726383697581156,0.6081359147113368
193.53391667322842,152.3534169583166,1.1277904409082946,0.03753182755414811,0.36963210986730444,56.55044851134467,55.56053091081944,0.9899176005252315
74.4270879597156,179.01755231798515,1.9782079000026638,0.006640615641038173,0.16964262580262437,0.000966801399563625,0.0,0.000966801399563625
96.3917190417111,192.1005012341408,1.4680886030197213,0.048444224199440805,0.3467667563347949,1.6959581082336648,1.5108777298699607,0.18508037836370406
193.02005742924877,188.95973146885945,1.637055378349922,0.057312700966473965,0.5558676997986862,61.844346967411795,61.82381119093746,0.02053577647433258
157.95344198901142,191.8612969241187,0.3912013778084679,0.03310591674054666,0.5483938432856459,11.123305259098842,10.749219078107796,0.3740861809910463
162.89115403039546,115.29316804187431,1.5990254214802466,0.04389463280175209,0.18794629314963737,55.91930795469088,56.43760293693621,0.5182949822453295
80.29685565331724,54.916649613888,0.8938760731521521,0.06697876456591426,0.4834122798534052,31.164524969006422,31.23458379616875,0.07005882716232747
87.79032953837607,185.85213799862268,0.7802055441746373,0.036244812165935406,0.48198676585279787,0.9752739287331478,0.32480403602990293,0.6504698927032448
61.61906080476069,133.19875481021575,0.48409138149698444,0.08788857279191291,0.33949345796967345,0.005908669912132444,0.1319682702803746,0.12605960036824215
143.4607255343053,140.6954736693183,1.5671713675360188,0.09991391139787933,0.5321696969019551,47.13982780618453,46.91648750571089,0.2233403004736374
61.2172301341024,68.38586789437822,0.9688483585087962,0.051382353725826814,0.17017988695767125,2.565989185293052,2.618274904521929,0.052285719228876815
174.38317118046788,150.81535069261304,0.2991557464997901,0.014318429947750379,0.512024779485348,32.67021193469495,32.18517241801749,0.48503951667746037
120.51497472480787,183.47223675038694,0.1414614836725539,0.02217207917098032,0.16513306203108483,1.2260863972389951e-11,0.0,1.2260863972389951e-11
167.39836031753293,122.38848245688574,1.6525166801302777,0.08465616672812609,0.5942043564801521,77.7117164476757,77.03180903517595,0.6799074124997446
63.23088698769722,80.13986366703105,1.0568426521142897,0.0809594573807604,0.2800882673182792,3.710035708301959,3.9794791351386536,0.26944342683669475
68.60564213561128,152.20100278731277,0.48498901880188233,0.022189738896100798,0.3426498272319207,0.0031363554720481926,0.0,0.0031363554720481926
99.46780693272537,96.74036391383552,1.8114896127001756,0.05305643692481974,0.294411597467775,21.210826710735915,21.022195669068953,0.18863104166696232
85.83364253516997,54.817756015709186,1.5337739343428884,0.0663252459598771,0.37881498240471956,38.09960971121647,38.35216662416374,0.25255691294727
120.96138302101951,170.80561047413494,0.4725877571856882,0.015203767187499507,0.33269351801742186,1.0060693467938737,0.9961824981237726,0.009886848670101145
102.82407438308414,136.87431388115613,1.2426368827575953,0.0065790225098386725,0.2223976621418662,1.9188346190708163,1.8599009179859003,0.058933701084916024
144.27149453073773,150.30159030875222,0.20318867988641093,0.07680034214415955,0.3019950303596636,6.214805304155789,5.8129415882649305,0.40186371589085823
148.3782428212558,151.85354904147468,0.9359065156819149,0.08908580855634957,0.49853757828819434,31.994265431714815,32.59367332290231,0.5994078911874965
67.74404336984011,54.81594155790344,1.2494618778444733,0.05071061229180493,0.17851074960276556,16.74452854457833,15.808430601630263,0.9360979429480665
146.86762629553868,108.95011137978378,0.6623415032145944,0.09266083094775207,0.2584103206392966,44.85949800754416,45.768468591311375,0.9089705837672142
136.3319880810565,155.807549356363,1.3574887939457874,0.028367092261673634,0.5514681877668689,29.65128768702275,30.17241943301791,0.5211317459951594
62.542453906627614,52.08732848478534,0.8655597878804829,0.03699983754627031,0.4193338091046507,16.056835305144915,15.964977107014597,0.0918581981303177
183.183289353049,95.69252955241323,1.8446688157428595,0.09139105446436374,0.5508221021533025,108.3846571042125,107.7768346802649,0.6078224239475958
116.63710234180816,113.87946938183843,1.7687852219570417,0.026165704652477906,0.24379091121808552,18.801708525616007,18.48970824471062,0.31200028090538723
165.80649371800934,52.30832543792248,0.665685422060219,0.04483012051947937,0.356658081513174,115.03627034845314,113.70022050377081,1.3360498446823357
134.816393027193,77.90724618724965,1.2366873639231226,0.0780045767422068,0.36414277018757535,64.99516007195592,64.97552352886879,0.01963654308713103
84.53170381690045,74.69784001946053,0.5249382863412015,0.07681245064372978,0.23029107614171043,13.901771952458411,13.889743709394121,0.012028243064289512
118.5534791444377,99.4185782310665,0.7435599827459924,0.08610132587513465,0.15340748062008916,25.491397605878447,25.137224886657876,0.35417271922057125
51.880281451771246,154.0412528181222,0.568327203317569,0.051607169061195106,0.4283762873966549,0.0038747583720139603,0.0,0.0038747583720139603
171.7822251061892,61.56307442236781,0.5834309345903509,0.09668753594692948,0.5566756582818536,113.66824785098257,113.37189564924967,0.2963522017329012
74.88603018148004,121.81796198722583,1.799167461369073,0.034743220096343834,0.4787871728812203,8.824936126900017,8.529728814966504,0.29520731193351324
160.17951278408827,57.367990203351596,1.4604860218723112,0.06863589052633999,0.5087102453094533,108.99277238316867,108.37329256387552,0.6194798192931472
129.8622979569304,118.76235107108617,0.8442464088264174,0.013511917441924017,0.4378526482422098,26.540474671042304,26.386288726573557,0.15418594446874678
193.91001279072117,171.26965062285768,1.5436072170127568,0.00943603710837676,0.2473984514622131,36.90579954299166,36.53154507381091,0.3742544691807481
165.75232398957064,138.91624244445526,0.7284507478542986,0.03920802104978077,0.5457243476716743,45.65161356552801,45.393800080364045,0.25781348516396463
96.70811550050672,173.3328249107293,1.3745918937217814,0.0261689063894747,0.5302891259147312,7.987277258767797,7.845221541616187,0.14205571715161014
142.69305331698303,112.19188238321101,1.3433214654883572,0.008499073972462934,0.5142183731911009,48.11875826913837,48.135463247022415,0.016704977884046457
83.41222219000772,141.96079817108574,1.119183640266732,0.06286100283096284,0.23439409796415292,0.31682083375486636,0.1991525774598415,0.11766825629502486
180.21453025144012,176.0471740544965,1.5025673155432566,0.012292805260277428,0.21055275496133877,22.056186410409495,22.098695681678898,0.042509271269402404
107.83958840560578,114.69553307409721,1.8895358944196332,0.0257672406672526,0.4682089179408794,26.698345838220504,26.48808489945504,0.21026093876546526
192.3310635723688,118.2567982664391,1.3863331026078454,0.03197914275706739,0.5593152740958587,90.39597636344045,89.54845315580098,0.847523207639469
193.67988445801234,54.86834782355847,0.3206920596892453,0.0330403701317228,0.5892840151165032,139.39038890245473,138.42157253795637,0.9688163644983661
101.54688885946464,53.469908930944555,1.0398337044011705,0.0815279424134979,0.5659705650517252,54.39299555259797,53.0987993979185,1.2941961546794687
164.29015916576355,115.83376830299301,1.7801991486047266,0.0768030510804156,0.39617916864222935,69.71319675161394,69.4430964825526,0.2701002690613308
140.03814695426863,101.8941951979851,0.9194600486491412,0.00866458163271734,0.21412380131898054,39.53493801843936,39.89396119990511,0.3590231814657443
106.4876831777753,161.59427178285728,1.1654489959271277,0.029041635042938843,0.11418094543492416,0.004107897332101346,0.0,0.004107897332101346
146.33938952205915,192.29575643586838,0.6835929372487659,0.07264794080660487,0.15393916176763675,0.33171312088400917,0.15402070488674724,0.17769241599726193
146.76227398507913,180.0494390496246,1.4402192508091922,0.01968213069390662,0.4416385944986193,21.28747041458739,21.07583937375854,0.21163104082884843
94.54081067265841,133.8205547743824,1.9203470125502975,0.04235244598853141,0.2688201549144146,5.554107939186775,5.60423891742003,0.05013097823325552
86.92637335892104,82.72567986831231,0.4805104998025053,0.09548019805055113,0.348612649736983,12.545108606118795,12.260232298435508,0.2848763076832874
177.78881033602607,118.7548449183961,1.1916155765708782,0.08755408591159886,0.15213797928459452,70.80643796404067,70.79360960347702,0.012828360563645447
110.63028204595881,89.96310932415113,1.04287883778613,0.08575137768239452,0.2939220016385059,30.791738267527208,30.329908461484948,0.4618298060422603
147.79406644964942,197.0795127949436,0.35980484980060173,0.01681824373668858,0.14113784599063714,0.0016473141706673106,0.0,0.0016473141706673106
52.734660948347546,65.59067935930895,0.5715518406115847,0.05904069726871365,0.5613813063950429,5.310226651676889,5.2603624643227995,0.04986418735408904
170.2151470632854,114.34297409259479,0.6041873957497884,0.02601010952654083,0.4659779186484838,60.785927962830485,61.025665114371854,0.23973715154136954
168.87769453105804,114.71776917230397,0.3316952106654922,0.04346663376271886,0.36597957378061174,56.12010709657348,55.9855062479398,0.13460084863367427
79.67834611786124,76.36228963210458,1.010214998759833,0.027817097327429686,0.3161574896344992,12.668489456601435,12.842043743073717,0.17355428647228166
95.53737578489879,197.55806840427482,0.14381299610264592,0.02627257024356583,0.41027260548502753,7.184036678788483e-06,0.0,7.184036678788483e-06
151.71679929881375,126.56344214714674,1.1359647173856027,0.011069028730749065,0.3225505585528281,35.13336318438205,34.227768761650935,0.905594422731113
121.969775413273,66.65343948573455,1.2717515066569238,0.053130532992470315,0.24999319437266834,59.741023152556856,59.06864190793427,0.672381244622585
123.28760680273,115.3110282587928,1.085757235597702,0.0859567843910156,0.47876440372083684,32.736028194246,32.11151127295962,0.6245169212863857
80.07931349017639,120.89437288998927,1.0731718474294818,0.017961948197376267,0.1401896629232469,0.014799306867034567,0.0,0.014799306867034567
55.23736877341197,180.20942812626978,0.5393020916128775,0.05341239007083725,0.18671293902126232,3.08930174613287e-17,0.0,3.08930174613287e-17
101.67443281184057,83.62171762390562,0.9849756240149382,0.09164396034696796,0.2470262591281884,26.564416017006025,26.374198752985535,0.19021726402048955
107.25552057510617,62.839912137382036,0.5633601808627945,0.012773504339350584,0.4070473377435152,45.2441530357824,45.056727189066315,0.18742584671608853
110.69085110390628,152.34457284608175,1.8281855391083341,0.011561823046052678,0.3921203043289464,11.982382070415639,11.475937816135588,0.5064442542800514
93.49407876661108,196.0224111270961,1.7738144341302746,0.09106804164054644,0.45427842964091714,6.639411930193891,6.541701088195762,0.09771084199812918
199.79142725178738,141.19893285901762,1.3417813721886627,0.043834173003745015,0.27516397548058913,69.13906956815174,68.8539507876934,0.2851187804583333
52.094167471039086,94.23255470684106,1.7357610564183885,0.0501375961140633,0.47828581588998076,4.91294961159285,5.354189782675032,0.44124017108218183
174.0892736725875,89.83686192471762,1.4156349887162838,0.05856471200630551,0.5907578039192969,97.42460457532584,97.09473215601238,0.32987241931346034
169.87326330352766,196.5525070812683,0.11945002100111377,0.07176659825650829,0.41156553533926543,2.2989835710266995,2.4863264327701664,0.18734286174346693
98.8114790446524,169.05545686184527,1.8571766922152089,0.05560454411472267,0.48190973489263034,11.946996634653463,11.946013635952951,0.0009829987005112173
85.14434012178856,91.02001720486098,0.6970580687705195,0.06945566438990193,0.24221894518152534,6.16222905434271,6.527211325612104,0.364982271269394
188.35843609934457,142.2374940319013,1.658084083870691,0.015698947233288265,0.10803899261178027,49.88344358530472,48.92096807143684,0.9624755138678793
68.88566873100329,75.5887953571604,0.8262175077782034,0.005157496848783316,0.583158079931418,12.079324970614053,12.768598727201745,0.6892737565876921
136.02887925626726,61.86137234341801,0.6791932826684585,0.03612712609208453,0.5167403569688277,76.07754861265923,75.89772555265941,0.17982305999981918
109.11315016705188,151.31282054525298,1.6391708612041362,0.02678035573457186,0.5474815062276902,19.603324409381628,19.12015613060828,0.48316827877334845
98.21601994768574,128.04036841005802,1.5586449471862607,0.061347195046031124,0.37748870317026184,12.165145483270997,11.893921987750694,0.271223495520303
121.64731543594561,189.70953412283527,1.4075192068036082,0.08333497031252436,0.21311079177402129,1.6623131998121838,1.4214815118422308,0.24083168796995302
57.764272394261255,160.07629754962778,0.1517791069844846,0.03137632303725916,0.2893992662077104,1.3446125050508474e-19,0.0,1.3446125050508474e-19
98.84179406026908,125.14033001675175,0.4211476613393759,0.09991515835979073,0.3546588005349368,2.7842472049929547,1.8993962744375992,0.8848509305553556
114.3612673980229,188.46524340327568,1.3530432217757564,0.02653140013827221,0.48222382318385615,9.060918758958262,9.089330781884943,0.028412022926680436
164.22616217298452,124.86616020299942,1.8875829967947086,0.03774612507088391,0.5896368947811831,71.78132317542472,71.61582772368224,0.1654954517424727
106.57170205335211,187.50409147354173,1.6784126303851359,0.00044228330203065496,0.25074586335099036,0.7592195246096987,0.437666566906465,0.32155295770323367
90.0957736587578,151.43689224832963,1.8013091776761212,0.07528967037702583,0.34082645730474703,5.515507097144262,5.48710366763153,0.028403429512732004
57.74564128129435,137.62318593740696,1.717635357287937,0.08202120032598838,0.46801216594303263,2.849561118432499,2.8351539744188585,0.014407144013640405
127.50413613193666,108.69452807531721,1.309787787242395,0.08008353130765912,0.4519746150364644,40.67103984552337,41.14570150995139,0.4746616644280195
77.7561174322231,187.26990332249977,0.1799876524842169,0.007104277805069215,0.2508748705689775,1.2336433477014773e-16,0.0,1.2336433477014773e-16
164.3885137943961,79.90225493133333,0.2581163673911968,0.09546516466641326,0.36443549233423866,86.43121118598401,86.44063350215987,0.009422316175857759
179.62080152307985,87.87550401526661,0.42685252118699657,0.015569399042795496,0.1250680600590328,92.32736749087702,91.71340662870979,0.6139608621672323
55.14286010802127,60.1209446379698,0.6172617694796676,0.004966031045403974,0.11848215018658917,0.5414805208218354,0.9368685903397846,0.39538806951794925
138.28283778192267,178.56894826354807,0.24529144251332619,0.05443847907368848,0.12771114975235745,0.00014716376009556685,0.0,0.00014716376009556685
115.411662028563,71.00630791479585,1.9835810582737687,0.02927571167092218,0.4885794605623309,55.558137590708654,55.62705816374142,0.06892057303276289
133.36547117110308,73.33396298980648,1.336157815625713,0.09867018451314395,0.5742273901959881,73.16029763772104,72.73803819443722,0.4222594432838207
94.14844622522504,50.15649756062896,1.1405730265246325,0.09055534789809881,0.44596872224874995,49.729680511847555,48.89619725172479,0.8334832601227617
68.66732725225282,84.55484144853247,0.660102724237803,0.062122675969187184,0.15495544261249453,0.4029686327025317,0.4122229757351761,0.009254343032644385
192.84597630221882,196.61241856383486,1.4298206089709604,0.08300155232245479,0.11793698294737917,21.900495067689548,22.531103879945213,0.6306088122556659
57.58039829750866,66.72040383929648,1.7100335865344443,0.053101002124726696,0.34364768588646166,8.94189860704823,8.878918851589187,0.06297975545904322
117.57089792905462,194.79132051047364,1.8530346394679913,0.038982566743447945,0.10030460455714793,0.004136923431646691,0.0,0.004136923431646691
72.39749756115354,199.29896344465993,0.4379274706975661,0.06150578205583795,0.14889303769522425,8.37879620207337e-24,0.0,8.37879620207337e-24
122.46944594556611,93.04126611592025,1.8858628547573346,0.013551263642628309,0.34242760624526813,39.502618902747386,39.71782910024861,0.2152101975012215
151.0282776592577,196.86368262158754,0.7318217030803673,0.050075088846059594,0.10418358733026536,0.024841375361714157,0.0,0.024841375361714157
93.12033924498881,101.19346345416854,0.31157991582494127,0.029430202025558273,0.38679169489583753,5.218826742550135,5.035603715701377,0.1832230268487578
193.53329004742878,52.509453960262064,0.3389246672288423,0.09400490512383074,0.3885023689577367,142.67044752889552,142.70282775374892,0.032380224853397976
121.60347422647706,77.28486894422755,1.9409344531066253,0.02660316767843507,0.12088191854122185,48.214036164163616,48.094979076596985,0.11905708756663103
124.85422126735826,63.961989578439514,1.4799666268355567,0.057136688860023134,0.13333972138245034,66.07852024550476,65.65000603570937,0.4285142097953951
65.1260882441604,197.87173565812608,0.17763516002476143,0.030578317741506423,0.2833753226281902,1.4678376727239042e-20,0.0,1.4678376727239042e-20
147.5684941470035,64.34602920573096,0.1224699034896429,0.09570186232035532,0.44749473021644715,83.97223650567204,83.34002280391655,0.6322137017554894
98.53601558740003,147.51373585230758,1.8233885587266903,0.04373582608462795,0.4573606830821869,13.293844621699552,13.016052810980582,0.27779181071896986
75.20252213319638,80.35398380808915,0.08979957742963171,0.03139883902418607,0.3892702992315402,1.6702012964908093,1.8798927630994804,0.2096914666086711
167.63045182885364,189.06194590382913,0.7911777800219856,0.044426874349099636,0.2898896558614654,11.474425444684925,11.231008108493342,0.2434173361915839
146.34465297885936,153.75065197723507,1.7583384384282652,0.07575749704652465,0.33620448450997886,31.090045748837795,31.26794902926201,0.17790328042421422
189.75577040997507,77.387333935844,1.323562055564348,0.013868567199449422,0.36471777536691397,114.03105299864177,114.23528815288901,0.20423515424724314
104.88937464012281,168.8096315352264,1.6542941516223604,0.09570769103236858,0.20818816742453036,1.8896605273744544,1.6542222480503135,0.23543827932414096
88.94514206326514,197.12003146575472,1.1525737541100614,0.05470323108411779,0.22005261226019976,0.008003805849411086,0.0,0.008003805849411086
158.42423930631597,145.92954290635896,1.9201558666886738,0.09980535576989513,0.17026881844441347,39.91744963551842,38.89708235334147,1.0203672821769558
87.18525347467744,196.84931478281536,1.1225683235353827,0.08898894686136488,0.5326071628070792,3.3465628960731397,3.4114563205437562,0.06489342447061652
90.9417219420838,73.96580623109526,0.6920493459554311,0.04144346414426706,0.1741702734114661,19.323942434568707,19.2050516158401,0.1188908187286053
50.58856793013198,182.6638792982163,1.1277133669492498,0.037779624363484116,0.1601944471356294,3.1089159015585865e-13,0.0,3.1089159015585865e-13
123.84600224352954,127.42227966251171,0.2631788667267478,0.08393959457353589,0.17540395351832863,4.0736501315451505,3.9006439406487594,0.17300619089639113
71.67862832990704,124.87464938356223,1.5806617454385632,0.08726464632512465,0.5164574800722683,8.763059455555126,8.599273545960322,0.16378590959480377
180.7391161071711,61.32630063444323,1.321939118496568,0.08869207907931442,0.1131694757763009,126.19754028503124,125.5080509839173,0.6894893011139374
96.24998059292665,169.0312900112731,0.8841075787522279,0.029674059923712137,0.20384514035744386,0.018220326406924947,0.46502538298352647,0.4468050565766015
195.83127638900098,106.37323425616783,1.9018532051563592,0.033906537365191135,0.2473107959089426,96.524826229746,96.30669412221802,0.2181321075279783
147.70659697425157,149.08920439713972,0.7945489534480658,0.010112640950265728,0.30470455603933455,15.871375967726578,15.746383924476095,0.12499204325048296
179.10011994331785,138.66324663092206,0.6724926825436338,0.07310608356250362,0.17149218163269994,47.20423844946947,47.46872441332307,0.2644859638536019
71.29197424402847,96.22671867853605,0.9890833989562335,0.0669454544065535,0.5228473657336061,8.762696420094812,8.56590490450828,0.19679151558653274
196.80700735347898,104.94949717996124,0.07851920350165265,0.03234607266453748,0.3817574841193583,92.12372143387063,91.50400937004349,0.6197120638271372
179.87439312987374,177.60007980400897,1.0010053836783523,0.06722577363201578,0.5930810901641733,47.62219512620517,47.01316272269156,0.6090324035136092
199.20665794311654,135.21088917113607,0.6293354710076302,0.08682012149545407,0.3709083850031579,72.54348865296458,72.35911595737828,0.18437269558630476
147.1179961536028,186.28136569572314,0.21386316208498057,0.011394975152356313,0.4860359059210355,2.8602462389534864,2.433577838186565,0.42666840076692125
143.41977840585815,142.72851781916097,0.34667016052027183,0.0023253646691692386,0.28318411804866617,9.910684015545513,10.257430769654022,0.3467467541085085
192.97298115692425,50.28241735204049,0.86418859313769,0.01133151604959002,0.3025365447689037,143.18055853076174,141.75002384180902,1.4305346889527186
180.57978289201859,193.3855821729811,1.283128245945936,0.06341614662550565,0.5710250581411906,46.668097403839326,45.281834868452734,1.3862625353865923
164.53178986001143,191.78838210632537,0.36739137140115147,0.05205888381214058,0.3687161921133618,6.6070231866683,6.028950769194658,0.578072417473642
74.47931405171808,112.42449439156209,1.011858627312824,0.05777050620275925,0.4202137476647716,4.1811491551513225,4.113311688753303,0.06783746639801969
192.83745737685248,157.12951508385396,0.39483071398907615,0.034708540556724475,0.30181381764296,39.86828306646777,40.1579704568025,0.2896873903347341
195.14680729060314,171.39827717725834,0.42071246187972144,0.01966246593816944,0.23028643207735408,27.769589078432375,28.02353555273624,0.2539464743038664
159.18213379977828,122.6277224577,1.4901591124731501,0.06669034372673265,0.10008220183673724,48.162494480471366,48.827823136414864,0.6653286559434974
148.81140356680055,131.5003389303168,1.172110727175074,0.07028350480693629,0.5151336913638815,45.43753108395731,45.65322626700672,0.21569518304941226
89.86680081800631,85.78827706631893,0.2984984465835443,0.010540925315262151,0.33583826392273264,8.816145402995723,8.955701656840837,0.1395562538451145
88.6782709907304,153.69349021883124,0.5819997871749809,0.07992333764057001,0.42585201796425776,0.9596708139156345,0.8629728952259796,0.09669791868965483
132.55632688817278,174.25769595774517,0.990997041345743,0.039826465326578214,0.4318373351523246,11.67235818068265,12.044108805793371,0.371750625110721
54.01218094727677,178.63731841855983,0.7005234710140222,0.025226874257997967,0.15719041735561726,2.315550856796189e-19,0.13640583111660476,0.13640583111660476
105.11960983570691,113.1868421718602,0.784548319867931,0.09511634931081847,0.14318202109851144,5.349087402105752,5.478775720731068,0.12968831862531616
53.49365900070399,123.50383577891479,1.9093695180427421,0.07567783128583275,0.39530087533896185,1.964378685059975,1.801015571989442,0.16336311307053286
102.37844523502699,51.41749566012956,0.1722934808700391,0.09394022822152115,0.5597145266083235,51.79208867549318,50.856532417895,0.9355562575981864
84.97902609436882,151.8204433223549,0.5423080014673518,0.05969820898908249,0.4281515436756752,0.5819142612349566,0.5649524095150369,0.016961851719919707
84.38200408564217,91.16922554313776,1.6907564984047674,0.09410965401627447,0.20363315287607717,12.251891656828953,11.725345420805958,0.5265462360229947
125.54493877746488,181.3822153281831,1.8309604369802925,0.028590875394300986,0.3713933053008345,11.7001894546097,11.768960433279002,0.06877097866930271
71.66770992789098,83.3995918811199,1.5561981435849257,0.07565232029490891,0.17882458208306004,5.314157944195415,5.757929123410246,0.44377117921483134
149.02808750477965,194.26144968780088,1.9284948641433,0.07051171995667598,0.24816046785243603,13.019068400226729,13.657664420948088,0.6385960207213586
177.78546237520226,150.3515013045739,1.0438724379859448,0.05988230771147948,0.28792722653663505,42.28941772687968,42.61538848037123,0.32597075349155347
98.36798739560969,104.93631160010364,1.349211238075728,0.04643995178588265,0.49128130248305524,22.01845493645053,21.418237881020033,0.6002170554304982
71.78932845851529,155.13787016155536,1.2964274528306092,0.09180543820590509,0.12120212926583321,3.143945770292872e-06,0.0,3.143945770292872e-06
133.62881481540234,142.63721059515825,0.11708996189081508,0.08170997285024192,0.5500529207068466,6.926986600285062,8.171350625886873,1.2443640256018114
198.8451981023375,127.23571176207419,1.400935593419862,0.04463679135984531,0.4263462911622433,85.56947393881599,86.26160444742864,0.6921305086126495
172.1710814046401,51.61724667162112,0.6975111057087102,0.08437863548948416,0.3589345157288574,123.50417239215327,123.23136408147232,0.2728083106809436
138.61606229563023,134.1891339098961,1.822666838485461,0.09406522117122472,0.4398289422577497,43.818970337153885,43.40852384395535,0.41044649319853477
177.03984158637533,126.05549956757778,1.7922409576858673,0.018182772309859953,0.4998674895809675,72.3124907883969,73.04735793839538,0.7348671499984789
179.08453329104483,89.07818608571851,0.7415163150868905,0.07843520323600604,0.2924530154357664,95.05100162498627,95.3723118518609,0.32131022687462973
98.83269895025683,100.62256945594771,1.3010798278795679,0.053640559370187,0.38990760480017383,19.562676671148353,19.277159135731832,0.2855175354165205
82.6034183835655,131.42592965445593,1.5746351207794846,0.044122562953704425,0.2972402944997041,2.761453067302229,2.8373451169631743,0.0758920496609452
137.63417900918273,65.67522563389227,1.1970765654687228,0.08905108577712835,0.10465780044072862,78.599750765914,78.60289330249375,0.0031425365797588256
192.73132897254237,84.5348740751653,0.3933237300615954,0.095935399757774,0.4242320420350816,111.33212367418274,110.75246939173282,0.5796542824499227
125.18497842894143,68.60396641163237,0.7008640169615531,0.07263108382191583,0.1989511318030426,59.98602166132281,59.51461252788798,0.4714091334348325
59.65314225748094,60.23137072060756,1.2399223332976548,0.035286367158993096,0.1221704800799571,4.280132411364129,4.317339587191441,0.037207175827312255
77.80629092037285,178.5953095353683,1.554030791356115,0.012867012284518298,0.4184542429825837,1.5353008413212095,1.00750829789353,0.5277925434276796
129.29230908878733,199.6398102919371,1.0426653230016374,0.02904150237677704,0.3470873690643407,3.5145212703542654,3.8992326883686808,0.38471141801441533
184.61994235160856,153.21055002116134,1.1787043928686758,0.0651300801082799,0.311833549026828,49.52484904961827,50.01795800951835,0.4931089599000842
129.98747147475623,164.01149828048705,0.35835500082586863,0.06572566323959897,0.24222872761506695,0.6993225360513602,0.5561034284097204,0.1432191076416398
116.23448420697206,166.55458227824568,1.2173471293925864,0.07399714178498591,0.5851049221556486,18.790394845377428,18.702508690237835,0.08788615513959286
181.08327468557022,185.07962486608196,0.9132999072279737,0.023187984142296503,0.5493382829860735,37.447991384848166,37.40806275936794,0.03992862548022913
71.74737997957139,191.03233549081136,0.36544912912683947,0.010061279041286465,0.46838849513146263,0.0023785461263959515,0.0,0.0023785461263959515
146.69240451854884,134.4182967565624,1.9432926882124646,0.08695346652110601,0.13154612002809488,34.041243099249556,33.67185924539811,0.36938385385144556
129.25679817319474,66.93130422568942,0.07899607606308659,0.09211791685751225,0.24209520777190233,62.810782115969246,62.809335065595405,0.0014470503738408524
64.00703132515223,133.81538433654794,1.9184094448462925,0.0958047847306189,0.5888368568149416,9.733029445513065,9.638274467950747,0.09475497756231732
149.91493303513585,59.26580363074661,1.0760096866571287,0.07832030122905996,0.5794354562205123,96.43687950446828,96.23777349078904,0.1991060136792413
154.59104927448936,109.20361271355404,1.413713941430101,0.07357309422320833,0.19177466013137526,56.42543396927975,57.2164838633175,0.791049894037748
127.7420019802951,138.3399987166769,0.8710366141945532,0.09506802873806229,0.5284345410662673,25.041075282583925,24.317890674208677,0.7231846083752487
71.26987820141758,180.7868062553382,0.3535616287548455,0.030806390620163705,0.270129929899799,1.5233189636767486e-08,0.0,1.5233189636767486e-08
95.86926837027414,167.4791424238124,0.5272368938052822,0.06566470789831977,0.1706461439573471,4.00529451666362e-05,0.0,4.00529451666362e-05
137.03513170637555,189.91485447242766,0.18171937504400693,0.03077022420116038,0.1552211169058287,1.2749490554337165e-06,0.0,1.2749490554337165e-06
183.79251833168945,70.43655836338309,1.6751503474280225,0.03565306802831166,0.33908036430686606,117.60292359024416,117.6104812053078,0.0075576150636464945
181.09873839103193,133.0062941204344,0.9091390224226336,0.039742224043514254,0.11843820760212645,52.8177809196379,52.88706923555532,0.06928831591742579
165.9692984227659,122.45585736370931,1.1393989736213301,0.09440263558738367,0.4867388692878498,64.38709227151477,64.1516457582524,0.23544651326237442
151.57639424949855,187.80561064703224,0.3473309727542737,0.02676104377973684,0.2720581299098327,1.279668796799065,0.9049856505407305,0.37468314625833443
144.14888717323106,167.55297628417273,1.2678735268928867,0.04139426907273348,0.5588415111116742,30.449374218479754,30.802399062777848,0.3530248442980941
86.46387777640507,144.03536542501058,1.2303080109642623,0.025250530863442255,0.458685611064921,5.091598986442687,4.959835394289698,0.13176359215298916
100.60902172864144,170.93670552474754,1.1591652312379315,0.019970621996788163,0.4364425821346394,4.280859141938713,4.840192923940897,0.5593337820021844
166.94155914479623,176.69710916123717,1.8613863270577085,0.09685072844548095,0.5753162567051909,58.26243004622145,57.3858763744107,0.876553671810754
106.86875916373228,105.96459379273858,0.8478489267068617,0.0519572923743859,0.4825474230439232,21.169050476171428,21.922865162760985,0.753814686589557
141.77852821567905,98.17705622320317,1.819529950436022,0.08521450545569423,0.10575741793815621,57.702909685707425,56.82773255102337,0.8751771346840584
144.29151603632084,143.76408560300428,0.3721211232959188,0.050806525012427044,0.5177868363372405,19.560035294707774,19.3348698618167,0.2251654328910746
96.0663531836979,162.93611144734547,0.6882338677849121,0.07965029823329373,0.16289340883635786,0.0009453337649814389,0.0,0.0009453337649814389
56.61268333062172,181.13897762417298,0.3965850746747665,0.06869323674583673,0.30516112399043194,5.247304728751372e-09,0.0,5.247304728751372e-09
93.20641872462036,162.55350483427583,0.9308760654690428,0.07537326918112258,0.4892861752766564,4.339012008533681,4.420403323321807,0.08139131478812622
85.8630848299502,77.65970102430265,0.19462545282806615,0.0725384490748813,0.594747503582701,13.912545419829094,14.400491301496864,0.48794588166776975
164.35818634772707,55.31009226003751,1.4682835736117767,0.02593862298991452,0.20366213930342217,111.11499557283425,111.0083542219931,0.10664135084114434
125.00084046725604,140.48056935452414,1.4603185946387125,0.07216075468957714,0.4882841595937796,28.460195631798697,28.03435560306431,0.4258400287343882
55.0882100804029,126.39581877412454,0.961759975531715,0.014694609147386418,0.17205526050370176,1.7529898188354016e-06,0.09498422829769737,0.09498247530787854
95.040786821379,135.9702097785039,0.17387905574733878,0.07509302714861647,0.4374631302123929,0.23196743538153397,0.0,0.23196743538153397
108.51985529967686,199.24127010842892,0.8157150044143447,0.010181678303274223,0.1509851462299018,2.3045297967325368e-05,0.0,2.3045297967325368e-05
187.82933679846784,145.1241337526318,0.956382125089778,0.038153212174254804,0.31168127134486834,52.2641685781162,51.84220454335532,0.42196403476087596
57.762461840582716,98.05706760079123,1.5681961579632993,0.04530658605190152,0.2980662646638267,1.4204360905771685,1.3358971681551033,0.08453892242206518
134.91324456805637,96.8439543806667,0.31688116559242163,0.08569983524763515,0.5693161001245785,43.0307865334223,42.288377683377824,0.7424088500444768
179.003567432518,188.19615383190157,0.9675324430260738,0.009214005244264956,0.37974846190000877,23.478907204384313,23.89278307993394,0.4138758755496248
174.36814597464755,71.44624711070443,1.8870895796834792,0.019796962113885985,0.48265551296781484,108.092301434934,108.47073647668233,0.3784350417483324
131.75521186146653,150.9896621958075,1.8975316115582932,0.09869889736625553,0.4101747108217396,31.96972514834667,32.270327437703415,0.30060228935674616
91.02360743617334,195.6004845867412,1.5154466412022318,0.012991374667403988,0.15215981945085036,0.00019352740032846285,0.0,0.00019352740032846285
122.92659402332511,169.93153775981602,1.6199738235644192,0.09751813348315685,0.3759395536354687,15.727341763015431,16.202737885619253,0.47539612260382214
120.33953106076895,171.1636425214204,1.1621700181919088,0.09384030181910838,0.3045256608721506,5.898353118505124,5.902499606864271,0.004146488359147327
108.84627360612569,75.22982744598363,1.6674416046319605,0.0008577156432303057,0.24354200592080574,35.37514159454587,35.811682855610115,0.4365412610642423
101.90013008570216,114.47520233390206,1.2634876185621144,0.0428714647373209,0.3344980791214217,12.624853874201257,13.10495141503608,0.4800975408348229
88.82523772776757,59.01773954673008,1.3048459310885743,0.07917796299322238,0.5513306403039523,40.538710262637494,40.02980770768056,0.5089025549569328
67.76586279263697,92.1620492823578,1.1472505648695523,0.017931838224353493,0.19485888439471008,0.6303496557800674,0.11054986065493466,0.5197997951251327
172.82956596430176,166.6073990222963,0.305819408615019,0.09025194294408373,0.30547184866137733,17.45418306454326,17.484809766746604,0.030626702203345957
184.73537446545768,131.91130316901268,1.8962065956842986,0.03574785668966655,0.4978611354695821,78.65330220435986,78.54721609707344,0.10608610728641565
190.77671884415986,95.516888812101,1.9615083208190307,0.041647042303390724,0.2626781385516097,103.054640117195,103.10911855229863,0.054478435103618494
133.97934530175382,148.9143749629746,0.35937111939122973,0.03925536238104095,0.44787451552052315,9.42729580682235,8.687016290454615,0.7402795163677354
135.86679082215986,81.29278342116945,0.7681723345302559,0.06912325568354086,0.5915673591339238,62.389411237771085,62.15382868840322,0.23558254936786227
59.10797600136837,120.27745423284526,0.8685578145084598,0.0651761990356324,0.23598860942683228,0.007540579119123647,0.0,0.007540579119123647
137.6023365764895,115.51680531400847,1.0045345923843296,0.027152144404902757,0.4457819888544956,36.87398613983187,37.29047584070694,0.41648970087506854
61.60721955257229,69.10683212825248,1.4667524889625698,0.031932183868768026,0.31060094392994775,7.499231579253234,7.275804199241598,0.22342738001163553
172.41262407901212,191.96095987620248,1.8825865526892818,0.052709847075907416,0.43893477790968405,40.27062907046867,40.35842469834328,0.08779562787460549
88.36709801374899,156.60289981857852,0.23179698317493147,0.06720507943038288,0.5319242619100011,0.1564283875590622,0.0,0.1564283875590622
100.00435504356321,145.70260436893724,0.6513401593297451,0.0048880176801486715,0.2341408598451112,0.20608923631024956,0.0,0.20608923631024956
148.51319191592825,161.9040801131783,1.7027163961412877,0.006447665596089103,0.335000520356736,21.277897188602623,21.6828659757385,0.40496878713587847
177.24114859367853,95.85884255856726,0.49894860326805157,0.08228011940563512,0.2057847938303937,85.2379782958904,85.17020913229743,0.06776916359297047
161.23088856586696,130.70503577718864,0.5457188728623567,0.041013139954925164,0.134210443645657,33.464645143172945,33.309165352133206,0.1554797910397383
145.08207044544085,149.78637924641924,0.757358481141018,0.020531928877522188,0.19081092802057123,8.529611578568321,8.74172830357902,0.21211672501069856
67.56288608061891,196.35713830392643,0.5553634400087442,0.04321300887036376,0.46724887919521185,0.01521307588345247,0.0,0.01521307588345247
83.39350457362843,116.51350373239538,0.9851509227997779,0.07887381616140504,0.48151155205406837,8.329585390459489,8.316874498891156,0.012710891568332272
124.53122397591929,86.88548387245679,1.8194366950344742,0.09293136519318546,0.2486648413086999,51.939645392329155,51.62813024382227,0.311515148506885
111.42535052965832,71.47204830239461,1.96842826206507,0.002013002473673997,0.15450852578769556,40.37216245361731,40.285834919763076,0.08632753385423086
121.87026386943683,52.754466891905125,0.3419338741997442,0.05552461781884843,0.37270524644765346,70.10810006024374,70.35661868876721,0.2485186285234704
165.84231258779732,121.98970793193068,0.0921697965950937,0.06125445525308648,0.46334363055719296,44.63044654734014,44.370418311653786,0.2600282356863559
185.65365501374617,122.84984134540454,0.7549014745461751,0.03670144996631419,0.22278694398820562,66.2734580212584,66.62705891062714,0.35360088936873524
90.75436209090054,164.73286900946536,0.6016954478028518,0.03760008805985509,0.46387936662772333,1.0134287410497338,0.6577965119055733,0.3556322291441605
171.42059522880874,189.49752042218066,0.23260512185848842,0.030376273969392333,0.5199814992856123,10.786513923412905,10.794011914710048,0.007497991297142903
73.58904900306275,74.06814471405647,0.5090925729152844,0.09237989128440785,0.12035805474220271,4.202190874563911,4.458507281428954,0.256316406865043
52.75084211713552,107.35947568998185,1.953253726219884,0.024646505277544875,0.48422829268911216,4.159052603586408,4.107636019294667,0.051416584291741785
180.595380346918,142.40841176329042,1.8157651283564362,0.012105727480287754,0.10745475838862836,41.6165863903835,40.52221022625941,1.0943761641240926
82.55694547373893,173.94016292465398,0.9723330252467499,0.028843936094654188,0.5763390908319026,3.2229949724689533,3.7285999176028852,0.505604945133932
84.97518998888683,110.83331592932596,0.859161847857422,0.01027272875578137,0.38626613861212034,4.75531767280647,4.031525312739394,0.7237923600670761
55.83662311613224,151.32262593561435,1.2976946177855628,0.04296807590384523,0.44606535429019645,0.5539430943455876,0.4854096912698651,0.06853340307572253
79.95337145595072,118.75060974991064,1.0131387154059988,0.028411754813705083,0.336299346949263,2.2829106202288756,2.249998999373979,0.03291162085489674
155.63140128656468,177.60214733496386,0.3266433990344629,0.07406621627665018,0.31925064499251254,5.116808503274925,4.5598364901625175,0.5569720131124072
111.68830239148565,117.59113041820635,1.0568500232875633,0.06909952960738107,0.5148502905969867,24.270614955005108,23.92430637436406,0.34630858064104686
139.87935193391323,107.61127467078451,0.9642038602876407,0.043117939929921315,0.2551529047212612,38.28714390446645,37.91887637950167,0.36826752496477866
79.4724920028794,85.78237533427566,1.543074568624432,0.0532741977225137,0.5872593488973266,22.791038238762013,23.45701886277442,0.6659806240124055
119.519834819165,162.07199725467473,0.7699087326820161,0.024059565263247207,0.5827926713202971,12.483227805152389,12.441600241721705,0.04162756343068352
112.55794564494697,191.18943600865873,1.9715981377946556,0.03277035052814571,0.2571525372414666,2.3667099849631033,2.390741399121808,0.024031414158704578
70.34394670487427,194.54662315933808,0.9943338064025689,0.0928645918191009,0.3960557013830118,0.14046473952328664,0.3186741078049593,0.17820936828167266
130.18279240317855,155.10310363173113,0.1510614773650247,0.0570204871938336,0.4302277939363006,1.9820141906523894,1.7889901182639,0.1930240723884893
55.878438564216964,148.7119319830599,0.7574029474506881,0.00014849283571635177,0.31190039131881053,0.0009380923788927884,0.0,0.0009380923788927884
123.26396306087221,148.95531798926015,1.941657077591119,0.07592705224700064,0.5186530409677423,32.945101997515,32.32858948952181,0.6165125079931926
62.537417302188516,160.45854898248075,1.6623944925768177,0.011069612547821307,0.27749623337366225,0.05428098283886634,0.0,0.05428098283886634
120.62251734257774,55.94119813652737,1.9897381013740172,0.044665228790505274,0.35388523786216286,70.11012874904506,69.26643230228174,0.8436964467633175
167.03603969283242,175.40968974829184,0.6955048339492688,0.025124461229118634,0.2221261088116345,10.035475059500769,9.884844915138462,0.1506301443623066
174.27088855672963,93.87683509064053,1.046104818376418,0.029768525777006283,0.13770525918399176,83.27242859833538,83.16962681298212,0.10280178535326456
199.66672021415206,91.33105977390319,0.3635225065964044,0.057284420546838494,0.17473045791271077,110.21788857354491,109.8778447284216,0.3400438451233043
132.12076919006884,78.86000143601815,0.3550844688956353,0.09568546943630625,0.26908359664775683,55.89637762649042,55.87946715802607,0.016910468464352846
180.34834879682637,57.57641265314648,0.8231549688639991,0.035917742660634515,0.33685178183817543,124.44976366808183,123.5621391964562,0.8876244716256281
155.19062106640365,56.8026104238465,1.9568689327980058,0.04284440454914334,0.5913856215561331,106.04338707999278,106.74146663634497,0.6980795563521838
182.27883352148456,190.178450129395,1.50215370427105,0.08939240173694943,0.25345539400044836,30.43569878664131,30.490404521677085,0.054705735035774694
82.6605516209969,147.92697396377395,0.9024716068822943,0.003444985781532284,0.2624376383336241,0.09392020326959227,0.0,0.09392020326959227
87.97769091899023,91.48747076786759,0.05946779535246714,0.07078030168757408,0.5814134871936252,3.6500730867434967,5.434416744783526,1.7843436580400294
193.54573769461692,158.31717209051462,0.7332749217461695,0.08179984373244652,0.49790106841497916,56.28084968183096,56.39022826610238,0.10937858427142544
89.45144554243234,147.60056246325018,0.33925781923173104,0.05719966947718263,0.39583918221182735,0.17449159010659598,0.2093399171552619,0.03484832704866592
195.16317174382198,119.44467074455332,0.712139645750448,0.01753805676080934,0.21661727904423353,77.22553963220736,77.33903581242687,0.11349618021951358
187.59736584318853,197.17346579787292,0.7224280865712066,0.021006579038409447,0.3914239466981094,22.052891998718863,21.86147858391277,0.19141341480609242
162.727934041909,84.21996302975725,1.5825265286370174,0.03184071437145746,0.45211501530353126,85.86417775953329,85.91058527854489,0.0464075190115949
114.41451167454309,56.030279837726326,1.7363582463061409,0.026523441418312546,0.3114295912427635,61.30145333133281,61.75102621105029,0.44957287971747917
130.04593583273657,51.44237262920155,1.608960304737729,0.046565283239120674,0.1936325254980437,82.31696790230384,81.97878567760998,0.33818222469386683
87.05553446519133,122.53880654205399,1.2427661013826574,0.058658085548950537,0.49053760325078155,10.704460442815485,10.261058894958623,0.4434015478568618
88.70794339579419,154.75183978737175,0.3293631073480661,0.089397860354751,0.3018543986487041,0.006556294699163384,0.10681755298475792,0.10026125828559454
76.39215306313314,162.41293352003697,0.09142118561194973,0.010795629951070296,0.554534960103068,1.3390432372721779e-05,0.0,1.3390432372721779e-05
142.01116598408535,132.13384189493593,1.0528944366711135,0.07446718323298572,0.3991693102526672,32.76243725031158,32.228829734253644,0.5336075160579341
119.16491452323615,168.57829102905083,0.17634191115581876,0.04738054899158324,0.4227358845887649,0.271123107671253,0.051227440577086725,0.2198956670941663
138.34455926750815,194.70380919564522,1.5671316874034582,0.0345648179304423,0.29584511441189154,7.337400561600312,7.4853196804238245,0.14791911882351272
154.13936534643295,68.3092169124468,0.5873974357026311,0.09637564054551273,0.26005011752581253,89.58979271333028,89.34873147515569,0.2410612381745949
179.52367006436523,193.44886012087463,1.740550631218928,0.09775179366784036,0.2874795557984503,34.744083866490044,34.78298906174538,0.038905195255338754
80.62829594630063,90.81683770407327,1.8736818194455467,0.04647283304768379,0.5756506112144282,23.817619041770897,23.856236210975275,0.038617169204378854
100.04294142388156,129.90761012038,0.2776439395190128,0.004852743002714022,0.35387185566024815,0.7873326513677306,0.26533393873909006,0.5219987126286405
143.7720820104822,177.57264926881066,0.7052378733344906,0.05747086269702642,0.4841797226643729,14.102920120550898,14.480459897074965,0.3775397765240669
183.67075661050075,80.05667278670063,0.1135816231073041,0.04400026301582558,0.5730461623854868,104.01321603110414,103.52871222368738,0.4845038074167576
68.65719529902915,166.4898070633808,1.7503427775583356,0.03323540464562522,0.32358170365480543,0.442590248788846,0.16883676482335375,0.27375348396549226
93.33315622643752,139.6110416364,1.0383540857456417,0.01121709957781404,0.41125056368661017,4.432544668490774,4.0283147432184165,0.40422992527235735
110.45555850517273,81.1614194191393,0.19944805849301434,0.009214024549562827,0.29489564917321165,29.481988588586816,28.894616538842357,0.5873720497444594
59.18505227253017,198.8438006290711,1.5021727381740302,0.07494483416336038,0.4585860971834589,0.5337475876698079,0.5468734203462162,0.013125832676408322
196.48724107539402,100.42460759858494,0.532496373434071,0.04464860432631323,0.4282738504918788,98.61826046818061,98.12731105020737,0.49094941797324054
124.3596633907322,101.15345933658227,0.17234706134612407,0.009790150399045983,0.13895634377933583,23.376979827839023,22.561370497735055,0.8156093301039675
87.6026180831389,90.7428981711551,1.8648683722894126,0.02292483939545478,0.4323922153258595,20.59423268708764,21.067830054194403,0.4735973671067626
184.0614693074408,104.85044835633992,0.743405579448277,0.07836126136552868,0.4187492509984567,85.98265813303328,85.87035746205086,0.11230067098242102
115.7626365299582,91.75570239522787,1.2603209807303908,0.041757068555937284,0.2506224997881721,30.991661516080413,31.41713568653156,0.425474170451146
124.29720610850364,115.88733888053177,1.9371232260130768,0.054851398918836794,0.5111506880111532,42.72824542986245,42.49188217305183,0.23636325681061976
128.51357717673386,165.34413326557524,0.20190406359484608,0.0636800107783252,0.1642017484858441,0.001697189449292577,0.0,0.001697189449292577
144.72416856882663,172.44810285574738,1.7805187867915258,0.02748120424049836,0.38945432827425985,22.832035332042977,23.575479448091706,0.7434441160487282
54.441093369291984,109.26467289508517,1.6042313455481299,0.02593156732255113,0.3145191792924331,0.6202449637911731,0.26393985440725487,0.35630510938391824
171.106383475568,183.912144215659,1.241492996568455,0.004388098016106856,0.5211292288010511,34.79089108926718,34.731817063633464,0.05907402563371278
68.56307054755169,141.8646527951629,1.2022084566210625,0.04561802432417177,0.3777664579022403,0.8609132034739346,1.2310898091509692,0.3701766056770346
147.07813052227402,132.974331233087,1.2116534747461725,0.09657202333377168,0.43187279667913847,41.83406082372204,41.57299637889875,0.2610644448232904
56.309966307959144,103.87594255976617,1.6269121155569124,0.037336936335499775,0.4084223278681154,2.8130580955596116,2.4977431874087195,0.31531490815089214
108.57274846527815,195.93449929881882,1.5324103611461173,0.016835230450913532,0.2770766767991957,1.017852725582026,0.642467903318348,0.375384822263678
96.76571881668755,83.6330488137244,0.7165147434111945,0.04142602158396939,0.3452299376123532,19.917631785568254,20.327523429521904,0.4098916439536495
174.52120343096868,175.63873838886462,0.356220256880116,0.01952823782280884,0.2173048392471885,9.071175967769719,9.28737873012761,0.2162027623578915
157.89387816778813,61.084102456030394,0.5163935745406023,0.06820889781128188,0.22572069938519143,98.92386833206317,98.04403081355252,0.8798375185106408
95.74332706237922,77.31437414197275,0.20270269687191317,0.0053401637494789106,0.3779864278725048,19.2317695376792,19.388723009153708,0.1569534714745089
132.04990121034433,113.8900949486274,0.8002698542328303,0.08265631209920207,0.20477507462224806,26.745621982736438,26.600648505880855,0.14497347685558282
103.7039374268812,142.07171476426586,0.7661540742926046,0.05260340549552134,0.41598378743602993,5.589815460359855,5.501695180960809,0.0881202793990461
71.30651879178978,54.723638223247235,0.9865649882605138,0.04153922879974803,0.39970279234836714,21.823693936148167,22.23392200817024,0.4102280720220719
100.43860819826803,132.39085487961972,1.4858524728963953,0.037396638076266545,0.4744131851585256,15.061929646836706,14.506300910221775,0.5556287366149313
96.95870028600592,124.06979110484643,1.300371045950519,0.03487195003071524,0.19248266128948469,2.2836024540273137,2.62320335049478,0.3396008964674664
161.37816401412326,192.92461294132065,0.6840545580707945,0.024304204030558486,0.29714132873197585,6.556386792097818,6.925895440922979,0.36950864882516044
131.3729432365862,140.81164815755017,0.4016853909996383,0.03338942031125924,0.2900188170333585,6.569397718147009,6.013153341997658,0.5562443761493512
84.68328306387774,114.74793782772711,0.9213172378553504,0.016181665203885764,0.5554564147956491,9.482906452235127,9.7321526691963,0.249246216961172
96.35409534239776,68.77449841007761,1.757468129528852,0.009396300445212192,0.41358177141712915,35.49778644319922,35.26508301987859,0.2327034233206291
180.008856110867,146.1526000538407,1.3186396118779264,0.009774162241388551,0.5214324267184898,58.51252214383254,58.50491119297827,0.007610950854271437
137.7787026957444,154.91301695157892,1.9756129928508792,0.09167119691131516,0.18007623445860474,18.13335569562561,18.103844255952648,0.029511439672962325
64.54804440154929,184.58834364687257,0.3456872819066894,0.08310716777571271,0.4546562364037193,0.00044010949065292296,0.0,0.00044010949065292296
148.17177637907764,92.32420635736145,0.899663872169687,0.023164659758694785,0.5729238988745969,63.82739823031241,63.672369145496674,0.1550290848157374
187.07086556944878,176.83328869219105,0.132260726081399,0.0068779550784203395,0.3089960973060448,14.380069735786833,14.2589013590325,0.12116837675433345
141.2188961947946,78.79214669559539,0.4194949167734425,0.052734811530944975,0.4876641002802343,64.4953909841437,64.09893538155653,0.3964556025871673
134.9964015396866,160.6169273081405,0.2525492756891683,0.02610759614482008,0.18172124879698684,0.17691908116739974,0.31562886551879643,0.1387097843513967
60.50053406912703,93.77240131018577,1.2786024277693426,0.009587650631824141,0.19429687590674907,0.16350467879856811,0.0,0.16350467879856811
103.99050590685695,143.15206504445948,1.1098385981375982,0.09152327312270009,0.46839293032692075,12.195953124657162,11.687817580227062,0.5081355444301003
190.95482629383167,59.00542686285437,1.306895345693676,0.016963269588418352,0.17924011573289958,133.2431103509914,133.05245226528518,0.19065808570621812
116.7898198999082,90.34100957597963,1.2824507564988172,0.06480434386367352,0.20796787946301873,34.422731157235674,34.02214728809112,0.4005838691445547
193.53411893026177,78.91584048019759,1.311606317420952,0.023271476096889135,0.10098611520846715,116.99063787455988,116.82947687221272,0.16116100234715702
126.04982270026434,156.7530660598648,1.6589455872822594,0.07320949404930437,0.38514881350052466,20.034981787993615,19.575161375286932,0.4598204127066836
117.39395877077132,75.12005208533216,1.0899332093344571,0.017431792462484597,0.24311830293608214,43.99518117444255,43.022884637940955,0.9722965365015952
185.28749942783065,52.25449116753562,0.6337880541164441,0.029245249728936495,0.39967664352820476,133.99282577204752,133.31889766067354,0.6739281113739821
194.18444639568764,68.10539794363181,0.30086090457524073,0.09477083269896767,0.24223388526605613,127.99350368530894,127.88789753584258,0.10560614946635383
101.17920234997288,59.33282615093453,1.5459225910306007,0.0680741732348215,0.2083326803059772,47.81507134878615,47.68862029820572,0.12645105058042816
63.11046120185461,105.89765380551246,1.1869096728960582,0.043588303256553385,0.43143573734628626,3.11793600013479,3.0295873409398446,0.08834865919494561
88.0308126048979,54.55452934987086,1.3862209999182116,0.06896286498882497,0.28340488080987114,38.829492122861666,38.422454249540166,0.40703787332149943
137.37110269985138,122.53069410961419,1.9262446502524544,0.01863835265759899,0.4830725439427682,43.937417478462876,43.75499451871049,0.18242295975238676
100.50509716089414,134.59105655966945,1.6072748787156586,0.020971775350715816,0.1612082272592452,1.1442025584556585,1.0846658920529393,0.05953666640271926
100.17666247959299,188.12108906797118,1.1784965734649204,0.08803390944247597,0.3343236682828453,1.5326767330196454,1.52093882225682,0.011737910762825265
159.42426317914686,163.6418847081722,0.6025717026346753,0.09657973756088595,0.32834887496989473,18.55394355690167,18.003781991980198,0.5501615649214742
166.86186925144636,165.40258481354175,0.7366321947975484,0.049431117421853535,0.3232414135963497,21.925810948059222,21.68154413276257,0.24426681529665117
170.4236556955952,170.34910166125027,0.6626472715432415,0.0954898256277193,0.19883083247489267,16.725695272844177,17.408852678253506,0.6831574054093288
161.67248099483038,195.42974223693682,0.6602420201232946,0.07893259410073822,0.509346230425998,18.072937815930715,17.816855349034693,0.25608246689602154
128.54407543170265,193.93930456530043,0.3279318284883218,0.0840785357173014,0.48752511377464114,1.6748475341990972,1.6232307793426912,0.05161675485640593
188.2291362478744,198.5918018741271,1.9934541915400767,0.07038359749730969,0.17292293382481735,26.434005960796796,28.08631859621142,1.6523126354146243
167.71875771715372,151.30671316749135,0.8239561744626815,0.06250052367297147,0.4243000695775705,37.64172726375773,37.577890422640635,0.06383684111709442
113.18480787030633,117.28954433551527,0.48248451090987954,0.019391674023699824,0.39279547455926744,10.996247655813356,10.179526868746567,0.8167207870667887
153.90741831841655,59.49320738756328,1.1583250139327008,0.05701816078266231,0.46772743773614256,98.5829123787327,98.22776422255619,0.3551481561765115
138.6373237222125,179.63204111326823,1.4979708786627637,0.042421702253357674,0.29907299285805666,10.40005500254005,9.971365484913694,0.4286895176263563
58.60986887308394,169.7572527057152,1.0731146973683094,0.039757196640311354,0.5812989916429847,1.0515919458906735,1.0792675357461263,0.02767558985545282
76.7058362544893,136.01395796698097,1.017421616930271,0.07748155548542103,0.24655050478833287,0.21382895138156544,0.0186812433446093,0.19514770803695614
104.4577552687448,51.66102977867924,0.4888291436184405,0.08451581402502306,0.40242083873532464,54.91264902807316,54.743350486563145,0.16929854151001678
70.49949811682454,112.2472383887548,1.4377107426074134,0.05159625750255262,0.5761324348836485,10.226934818353989,10.419653587682927,0.1927187693289376
50.16381114685129,62.42813344454569,1.9701437647433013,0.012741602515073126,0.4982325849039626,10.374708247208549,11.140581103859592,0.7658728566510433
176.10080228207278,60.313334783721146,1.7699802919810097,0.0026559538566374497,0.16936852423000762,116.07033823650572,115.616776021619,0.4535622148867162
163.9977517244229,169.9872590281859,1.8218588148256452,0.008927777517510161,0.5689471458550154,47.91271568587126,47.2549924126038,0.6577232732674645
62.33684375472912,98.75574934463802,0.9710004100780256,0.053175936023152875,0.33793825282935064,1.3395874277835027,1.070587103917056,0.2690003238664467
51.14220563338504,198.11010132191592,0.7612746998396431,0.06794033467755972,0.17220564411260267,3.610744806744843e-18,0.0,3.610744806744843e-18
97.13644670371619,186.45939166202788,1.40478968709807,0.04063014505600946,0.27230522404227464,0.5341863203028865,0.11566751134442654,0.41851880895845994
53.564438565319044,124.67710504118278,1.6370327701263774,0.037687724866882766,0.17649150587885545,0.0011807819227900654,0.0,0.0011807819227900654
180.305870638073,137.0129067574518,1.4641982310760502,0.09599928804637714,0.26197351174705474,63.31320470624415,63.44049952986771,0.12729482362355782
52.272922972591736,183.23058777852066,0.3909248795469197,0.08810751618665703,0.5937229412563108,0.004720551323842248,0.0,0.004720551323842248
102.39845162583067,54.24482601288283,0.09819107334814162,0.059851506368004875,0.5558629018544176,48.4718423785588,47.953639091061184,0.518203287497613
194.0671268006477,95.61942251703621,1.1601978068407048,0.01733352297031462,0.5394244036201863,104.17993303879686,103.48758146810441,0.6923515706924519
135.08867237408555,101.31277819514844,0.8288908620380661,0.06259857050617028,0.4503324831173323,44.17531698662495,44.11023595241411,0.06508103421084144
115.54071585211463,63.826777478960146,0.49021737538371785,0.07072955729502868,0.16909931599230363,53.88906836712748,54.11348143448708,0.22441306735959898
192.488443553357,107.26534618638519,0.7026394056476687,0.09211342379406055,0.5392023904169317,94.03183297296769,93.90167409064505,0.13015888232264672
152.45224346734966,57.60052653492619,1.4184320403864692,0.054719861863051056,0.48598280092608626,99.84662958072758,99.40858667674148,0.43804290398610135
99.73534960138284,80.24219880102589,1.5432549742806079,0.019768662354239287,0.5059276399593035,34.47010608962318,34.660553181291576,0.19044709166839624
130.578073149055,108.05847672046424,0.8995093250613243,0.0333748684773576,0.2522250403875659,28.429057447458575,28.635474642768326,0.20641719530975067
180.88508988523483,59.479350186121195,1.1137809991851046,0.008082052000369867,0.22818459757640921,121.93875648321023,121.76950232671079,0.16925415649943432
199.58947371342816,138.94249641047324,0.6048806325510079,0.049213155192342255,0.26697144142708307,65.10914718044666,65.17060967929018,0.06146249884352528
182.8446194438484,119.848803311802,0.9249467173165916,0.09466776754260636,0.20373601300662522,73.08389968363201,72.8722149348051,0.21168474882691157
183.3969305461501,50.34957797373301,0.1672818055115285,0.03393202915368833,0.42341918775008947,133.33233782247729,132.324476055218,1.0078617672592713
170.04254249681279,81.54472623411456,1.3635406562818464,0.07374813352180647,0.289261980001685,96.38034446157101,97.09835066591589,0.7180062043448743
102.99343241554202,69.2970681938988,1.8768143063599771,0.01882623876258066,0.4788589661859821,44.20748236088734,44.22300368142684,0.015521320539498618
166.83851989091556,101.45277633595177,1.8456716013196786,0.010180204387253866,0.2245676918778923,68.00095721819129,67.71344375996088,0.2875134582304071
67.89830141167562,128.8536648795755,1.1280862285948288,0.05606760977218314,0.26347609849499587,0.17999888560961463,0.0,0.17999888560961463
71.79087010490532,73.27413782510591,1.9860386441103282,0.07903338735769046,0.12168167636675012,10.549660671895495,11.667297230476159,1.1176365585806636
187.886543926854,56.12913087977735,0.4341230224036672,0.0903425550714714,0.3742737638849869,133.91617653809575,133.9373167134376,0.021140175341855638
179.94136601239586,177.83061304828794,1.6808864027618946,0.09756823029225632,0.4322823743746914,52.745613743340016,52.53887360725,0.20674013609001918
193.42811225804522,189.98318079256913,0.8017203653504011,0.09969442869544541,0.16592610766449525,22.221306674854688,22.990965268792564,0.7696585939378764
106.0047169971429,105.9405698729044,1.9422897717233933,0.010343510936008472,0.10128292886748716,7.052195965680767,7.583647404673371,0.5314514389926046
90.97807872513145,134.0298329882511,1.038638193506943,0.0691358356026323,0.4581640328008748,7.289101992085097,7.02229291028663,0.26680908179846696
90.91657191887607,64.48886552789689,0.24021377897962026,0.0948760575216539,0.4526896762859134,28.225289358772443,27.041623955225294,1.183665403547149
152.4922656770861,147.02733700827315,1.8294938869106143,0.047653305140282376,0.19182730015043067,25.336052615535195,24.809067326954313,0.5269852885808817
135.42783097095355,68.32612120698982,0.9457328844981898,0.06187287963753505,0.1053600023181511,70.98510082570249,71.4884257049786,0.5033248792761071
148.12303605998764,145.64216363132732,0.16680816646432206,0.051853452612868604,0.3944802474438621,11.375522385488452,10.813930546892621,0.561591838595831
73.1772350351431,160.84382439064387,0.8940685800654037,0.08635077356916472,0.5510761067599171,2.110618428485398,1.7129650864052337,0.39765334208016423
182.3378456239315,105.64829672491707,1.904417275475381,0.05584179805503734,0.4088227603406346,91.78640525338513,92.21217146094621,0.4257662075610824
64.38472172012615,180.83849279883069,1.0845928182096065,0.010159713002218851,0.47135280662275214,0.35019939965003366,0.7037597615472535,0.35356036189721984
144.35923660458252,73.25518143801101,0.10541982013039586,0.09946304909053155,0.4089808875163954,71.86815068942862,71.01603115716938,0.8521195322592376
142.36147182928687,107.87696373736571,1.2654477874768513,0.09606498257537216,0.542116666792852,57.528287127950065,57.46466911844027,0.06361800950979557
71.0260615991358,163.65035771640913,1.1815129009236294,0.054482632675209065,0.4288490949186581,0.9782907594353327,0.9169821500144835,0.06130860942084926
143.82172353709043,100.70418598168777,0.6047840645712202,0.06286858638626945,0.3940577788145021,48.55443366700764,48.63078159730003,0.07634793029238551
71.01347550921592,191.58961835893518,0.8635879090203061,0.07412224304848457,0.5826503383804731,1.0496016674399087,0.2513664406402327,0.798235226799676
145.61040657442834,122.85894985056139,0.24202101307931229,0.08941152396220703,0.41434887505382734,27.890889441353735,27.34074680613244,0.5501426352212953
154.4480562616604,50.77932904605273,0.6775010466823548,0.0679505857628993,0.17920089899766858,105.95344080560903,105.0196396238342,0.9338011817748395
100.38456975937933,141.51930709154402,0.4354589916507181,0.06761373991326772,0.5801737468543287,5.15966426596756,5.35645031740615,0.19678605143858974
112.03518969649548,67.79317923429369,1.138723133121648,0.0935316276512154,0.10918087163416482,51.09121722192844,52.01092410282264,0.9197068808942035
148.81384838101636,71.59416174996635,0.17371814680706166,0.02052942273224423,0.5841838952671742,77.48344492601431,77.33595272586334,0.1474922001509782
93.07612582937031,151.05560421715202,1.5306629099415363,0.048243190404781755,0.5068619312527146,10.756800225329531,10.430099536025665,0.3267006893038662
72.16927736945642,53.49261153288845,0.6431928346157303,0.08879035799702939,0.5547103138223208,24.81981627954628,24.91578257854639,0.09596629900011067
123.3724082356984,61.50502674914932,1.2880481374992925,0.043420371285790155,0.39902181705756024,65.9699279632859,66.40415968171516,0.43423171842925967
158.72568815833534,105.85495660267031,1.547890280878822,0.099589361319311,0.11654873326218504,67.99334716017576,67.83601410345679,0.15733305671896858
110.1273464083142,89.57611432951254,0.3544019079149065,0.08640322181198526,0.5963403430741463,28.442250906224864,27.22961860627627,1.212632299948595
141.73154089656043,108.9312831975524,0.4325647561111115,0.01264073404952989,0.565377103044272,39.667598452031655,39.634390424603474,0.03320802742818074
159.40256674282097,70.36673615127256,1.2259942147633376,0.09386334731400414,0.33244829869542813,96.7502161783894,96.5596081313127,0.19060804707669377
90.67050768391226,126.38878886388432,0.9678605221745861,0.03754007301923501,0.3496287055437707,3.870987092610246,3.5448044589227337,0.32618263368751244
173.99731084854312,80.24862516316303,0.5221555638815235,0.0077053046528873575,0.457567109148622,94.19171179083862,94.10116493333165,0.090546857506979
52.43856648390776,194.93284203257713,1.3075812742444197,0.08155924371319113,0.20758459670055787,7.752934294866024e-07,0.0,7.752934294866024e-07
93.9270258882063,75.04104783025963,0.6560369184969387,0.05874863523438565,0.2754331801704122,22.79455007791185,23.072914867681384,0.27836478976953316
184.31255300793904,50.62055095360367,0.8937278760107822,0.083263419993298,0.42846701808084875,137.32572537114373,137.3451371861927,0.019411815048954395
194.99725439446462,167.5056505111727,1.4476751839612607,0.02609199974786155,0.18835282503538855,38.205553783084966,37.37098587006987,0.8345679130150927
121.28941507432982,99.917214947049,0.23314168215695386,0.003860726994149977,0.20687881062700939,21.568727418405786,20.989621997024962,0.5791054213808238
133.2586396583414,171.6322373350814,1.2267844246390125,0.07597725972574942,0.20188029235050678,4.480414032242013,4.745291388695303,0.26487735645329025
112.97297428930142,105.65726993752146,1.7927134934353415,0.08714385851823771,0.2898445609907163,29.41511134645608,29.24984775525175,0.16526359120432943
129.29863071624365,105.09626035357542,0.2502069938996547,0.03527343272864138,0.5600910788286863,29.212913882253645,28.77666191964778,0.43625196260586563
177.98407629484194,54.89305144282458,1.1046875442655304,0.04773516569717932,0.5750751342170938,126.34625974783992,125.18405169900267,1.1622080488372575
131.35014961289426,83.46423248193122,1.9829644691483848,0.0382256113665449,0.1628267936062436,54.060855985390305,54.363025033385426,0.3021690479951218
167.66580817897767,131.0130259177667,0.7661894355728932,0.06307605568698638,0.5150161719907763,52.75320581760744,53.06870439694462,0.31549857933718073
139.30943683007726,157.56805525455545,0.9399105522365593,0.020375516335839727,0.17404143130963182,4.058228840055115,3.821103589681446,0.23712525037366916
197.45583072468222,72.51720453670477,1.7411277712378281,0.06986366877525617,0.4995147847990732,134.53381467261104,134.3555258188196,0.1782888537914573
69.98690123269103,99.4962662117472,1.9058656022644014,0.06290982095256477,0.34197398286903125,7.335582944873924,6.952769483209721,0.3828134616642025
83.48662167275847,79.60720375947695,1.169120237285598,0.08682850763974143,0.46531237141913206,21.8728273218871,21.380538750161563,0.4922885717255383
62.04204904939175,125.75088961018625,1.5381279222435873,0.0355195063146073,0.15807980985434486,0.001942133006000435,0.0,0.001942133006000435
167.08717062898765,79.4093598800899,1.0200673880802664,0.09065555940978451,0.5178047268120101,95.99771581045914,95.7080275632208,0.2896882472383453
93.74515348077747,184.4012127250361,1.3909005442371944,0.06477345203684196,0.25016090250295,0.3225903954263445,0.038147577742087435,0.28444281768425705
120.87030163467323,50.04312841797513,1.31307948638947,0.034336054892344904,0.5017195027022159,73.99070161896785,72.45667278898105,1.534028829986795
158.73833932614582,67.60448256822893,1.181608716054324,0.019553835522348652,0.5542560103691212,94.61536709114044,94.78219359660238,0.1668265054619411
69.83140054863034,115.89332054932254,0.6093070749494509,0.00941570458583082,0.25791380527636165,0.03742811698199633,0.037099004670828606,0.000329112311167723
102.75535862753952,93.49957023022824,0.9771550604134436,0.02779049564621018,0.47612903745900037,24.48950484283791,23.96344357798018,0.5260612648577307
194.65070078001256,173.83108485175953,0.9816880287426945,0.029139525331228457,0.5548131381459135,53.497778276835916,53.152426886225925,0.3453513906099914
176.7829511692031,76.700209603088,1.158884490959402,0.03224879842350886,0.42224349057509836,103.43167665658713,103.60489875745303,0.17322210086589962
179.2045705852231,199.49589247056113,1.877968508444148,0.06695798251047858,0.18295373210007845,19.402322553085767,20.882678566114166,1.4803560130283984
127.82213737307,195.35879717473603,1.5228716435242937,0.05893910449213405,0.29620337790021745,5.3409138015920234,5.128872141473284,0.21204166011873937
167.26355713609178,169.00956836079962,0.24208154505126545,0.029367577458445905,0.5936319021065868,19.17954495784639,19.575878799903375,0.3963338420569862
189.0716369131868,57.641209182713816,1.2866612190763698,0.06240387339719894,0.37627002380340957,135.89540602960017,135.44296526378724,0.4524407658129235
86.38414821767702,181.25831378883964,1.8686379613879187,0.015492469074471672,0.28652315748010404,0.6489050483871588,0.4759287321843857,0.1729763162027731
144.09632610536647,81.22516737619907,0.6429178967546667,0.0016864913939228288,0.10683677109452103,62.9591814590717,62.54929154480055,0.4098899142711474
62.913415132076224,194.42930332564816,0.6121078856689827,0.04063450536789923,0.5444231298883916,0.068858693941664,0.0,0.068858693941664
133.70008311914887,94.07261294816105,1.384533272509508,0.05979649871546886,0.2012961492250052,47.43439305882883,47.51945194716164,0.08505888833281006
164.48236309582313,95.19745798633025,0.7880078537261741,0.0570708638435556,0.2665541343019866,73.52878888077566,73.25580816596192,0.2729807148137411
171.23772080964528,142.36359326263425,0.08073148604553745,0.012657682684226524,0.5084887864957827,30.076750428278928,30.46343688377147,0.3866864554925442
104.01494457125494,118.33311521706999,1.162399812705882,0.029346872563802175,0.48201418411356245,17.57381951752336,17.334996359229926,0.23882315829343526
179.95444444131098,167.89993101865605,0.508574940516788,0.07830951705721591,0.3594197823301625,28.25163387036548,28.678670613623147,0.4270367432576663
143.49031850870296,173.98550400765973,0.52343375977364,0.024720171319715357,0.31000691514014667,4.205635116531564,3.8279492872216565,0.37768582930990746
109.36502148586553,65.78385876115435,0.9273698155290282,0.08068514371608615,0.24019964402846747,48.359077317386465,47.29651989488225,1.062557422504213
155.48590953592088,110.04298928451695,0.7350312215211039,0.021950753771575772,0.13704092940337934,47.20854100397382,47.40943997710038,0.2008989731265558
188.34997374729588,79.40941844957308,1.489331851057642,0.04559947417377034,0.4514360782490394,115.3377938235715,115.36462616693791,0.02683234336640794
71.25542810804232,196.0438227111914,0.661608220584641,0.025814378848141264,0.2222045315596873,6.666509927026477e-08,0.1781003687464846,0.17810030208138533
52.336271643031864,75.18583819688376,1.5127670281224095,0.002775294858347499,0.5010206185409262,6.541775151843112,6.2875097020645825,0.2542654497785293
197.70852830845948,144.18378964824387,0.8354121601625403,0.02826537346446222,0.31245155088002097,59.609768768474495,58.68397281336388,0.9257959551106154
106.70128676155934,81.87936010004051,1.1056934255744995,0.027976047935852833,0.33710114222932697,30.97174624949973,31.29967211384862,0.32792586434888804
133.81638794192946,180.75809046942177,0.12990096863239076,0.04914157843982342,0.3865853522389343,0.13479486319467382,0.0,0.13479486319467382
179.18560130276813,138.87920329869968,1.0643035111071717,0.06644192889732765,0.2139695247466202,50.82665405956929,51.08056955455248,0.25391549498318966
72.10973325245106,80.55464855912977,0.5071653222272287,0.07836492152602716,0.5304986774538076,8.74328563214285,8.461789629580768,0.28149600256208274
111.88573539105205,186.55374610035153,1.7494442237167624,0.0995825951492997,0.12454196186458674,0.16316777543411298,0.1622378606735424,0.0009299147605705826
71.52789431727601,116.55993137613874,0.8237506242910331,0.04499010261773267,0.21129303393179474,0.05360627786193928,0.0,0.05360627786193928
83.31511561715362,106.8193986226274,1.6686184043843302,0.03599257745490741,0.4530303764325392,13.579893427886752,13.409379782764486,0.1705136451222664
134.45058258713595,76.09069520769279,1.9514337395301466,0.09482497549768305,0.1285250603030539,71.21415121182338,70.32971203684214,0.8844391749812388
91.6734317172116,95.56390640269598,1.9007918203844183,0.009920203935970418,0.25837405270412883,12.081665952414184,12.968285146776775,0.8866191943625914
168.06051903910378,81.89073024181937,0.6917293158989447,0.08693496416668092,0.1415766149636932,90.94918013133916,90.47555333119108,0.47362680014808234
104.08476661637756,176.255341268356,0.3339316199157986,0.0574730605365679,0.26926374542642795,0.0030610388268062227,0.0,0.0030610388268062227
112.22780082892479,83.20977394599933,0.3838971628922824,0.07954071142063747,0.38300130570148017,32.36401948618595,31.924105289778552,0.4399141964074005
151.7968403294827,108.16327415191239,1.3065767932597614,0.0007374536665805898,0.3060077912022928,47.638420794882464,46.77792420689219,0.8604965879902764
115.19636350772336,157.7074767060584,1.9135578885951139,0.08389965256683261,0.4747421946694259,23.388112305074095,23.709932310192137,0.32182000511804176
109.28676547164842,199.69986259524856,0.20568484388631952,0.09728225137204963,0.26755018800608255,2.670989192196565e-06,0.0,2.670989192196565e-06
95.31026991696174,66.10593273735573,0.485188864132999,0.07436490476195848,0.2997427724690338,31.71475220730683,31.846395143261454,0.1316429359546234
143.83744618076582,142.12261966082207,0.23041931167123214,0.03136792849302751,0.3851664359097937,11.919109738957076,10.431090005001185,1.4880197339558912
62.85335679439968,72.10229491629994,1.6537503419026163,0.023612051935924618,0.14495083794789546,2.327929490256235,2.054160553088817,0.2737689371674179
147.183380249474,58.21419322233156,1.907354361090323,0.05654257846426897,0.524201167912583,96.99926988704671,95.96695434191503,1.0323155451316808
86.75666675778766,142.0900731851826,1.0398489109891593,0.051468580014185875,0.12127406956049705,0.0006221782987639694,0.0,0.0006221782987639694
119.89504208956428,180.78814907983553,0.8803213932506511,0.025273635406085626,0.39015677914074276,3.904389495220464,4.315741786907957,0.41135229168749277
70.48747767001288,56.23344885438556,0.3644291970342434,0.08114478441439711,0.32743767060936324,16.45785748620355,16.36465028291269,0.0932072032908593
108.56783796209234,189.02751819414226,1.6783491883271169,0.08612433315873351,0.2637949248931152,2.5320952016301295,1.428147639512499,1.1039475621176305
54.13669409611946,62.6818777938527,0.9580443000099226,0.044311358409549896,0.47863381595005916,7.861468997784463,8.280410922328972,0.41894192454450874
50.41904398119229,133.71313759347822,0.6573954808489901,0.09771194557126214,0.18318754812291413,7.832855238764206e-10,0.0,7.832855238764206e-10
84.51033124345486,89.1663627512586,0.8925922435962752,0.058984942851840416,0.2435490066874462,7.703028878007402,7.803233769918684,0.10020489191128235
191.09164972513378,146.8508201923023,1.555894038313593,0.09606942621553755,0.5905304634098474,84.49628763713588,83.57108280055043,0.9252048365854506
109.11261341228874,199.31559648018535,0.9397782130577346,0.05384373324075477,0.34557715022360536,0.9898292735737888,0.6740369555724612,0.31579231800132757
77.25943517178892,64.5941403425712,1.147272796665207,0.08616890393259274,0.5214225610916781,26.05486579723548,26.541887055840387,0.4870212586049085
121.88339193334664,189.78907343166867,0.08748631382679309,0.09629688103359269,0.16759536089055196,7.901143354292215e-19,0.0,7.901143354292215e-19
146.67531455269858,118.88461254916457,1.0015292961804434,0.06582926288151048,0.2799222516699639,38.42394454385435,38.50471919086844,0.08077464701409554
183.61887363177874,124.14046426088125,0.2788504856903823,0.028231446851643152,0.5103557960293049,61.68195954399327,61.81447099247086,0.13251144847758667
143.57005421382078,174.4431467473413,0.7887591297976378,0.04916332047606578,0.5996709833777212,21.929702143801336,22.813065374082772,0.8833632302814358
178.005418901355,151.5618594560675,1.113579256413431,0.01360256337692769,0.5265605404796313,51.905846152300114,52.29081608588301,0.38496993358289444
196.24440536356568,88.737448495123,0.9238459935473273,0.037427486007938895,0.5233125507628514,111.84842860760688,111.44004090183041,0.40838770577646244
88.59960307924749,73.10825285406379,1.0153896120336403,0.07954889690738391,0.5091004606047946,28.49620536290778,28.92250882787956,0.42630346497178095
160.151861237209,84.45734712721173,1.8804162248087164,0.08342931529549634,0.1512367192325018,87.95760968030204,87.5026067536044,0.4550029266976452
148.85189417974357,101.474524676491,1.6608487473055473,0.07155643690843795,0.1901379103070129,58.95806846767367,59.271541049413,0.3134725817393331
126.25291076704131,168.70483727246614,0.20812963492986591,0.08586297082671407,0.4991069898268934,1.8604631624501256,1.8891944153434999,0.028731252893374304
192.93931859390216,117.72633132928016,0.197350166996826,0.02720833881781111,0.2864865814412192,75.843623659428,75.18765984506872,0.6559638143592821
89.64824194774783,161.38107975681243,1.6549562623086598,0.010859692957524836,0.3436587984415731,2.4146089306380496,2.3101314956481005,0.1044774349899491
84.17983689648656,70.87764854159059,1.2149345787815564,0.05719057233538238,0.583550884636872,29.254301743564014,28.726588171002497,0.5277135725615167
119.06759844622123,52.88473948939978,1.848713185754982,0.0025601014155380076,0.3037551153705248,66.72325579039364,66.63879251558816,0.08446327480547211
188.54463099487805,77.52174179582829,0.7113553052510726,0.02250215192054891,0.26867131640743713,112.25410224573993,112.41630759567946,0.1622053499395264
79.904577183253,113.90960267696957,1.4341918888457827,0.09454399744116498,0.3027748624151857,5.370013188341439,5.4674715555431455,0.09745836720170686
152.55690694352654,117.28080228670302,0.5852356416694189,0.09038580081659955,0.39199752163201684,44.23504872766219,44.454842300475576,0.21979357281338707
163.97947660141998,59.30344759560113,0.812648344347578,0.048015883483315126,0.3302299150648822,106.94686419009483,105.53688966774551,1.4099745223493159
119.56001409893594,124.01886911755,1.1630399427310338,0.06626701070711452,0.37867351929838455,21.422479025998307,20.593780344309266,0.8286986816890405
177.4372090288843,152.79553163909281,1.481290242978752,0.027829051431557363,0.5438015476670421,59.08482309238343,59.571153526726775,0.4863304343433441
61.454270520891384,89.12902566482761,0.9393890230864079,0.07876758437137428,0.267252461536984,1.1416619871798126,1.01753640381434,0.12412558336547264
144.02374741763128,104.25154174523314,1.8230632917656024,0.026495734009042638,0.4663719976720597,57.26447463522862,56.814292394996414,0.4501822402322091
151.6363207874261,103.20053559384115,1.5482931249787848,0.005162283386633293,0.35244084668796627,54.70768381726005,53.94938470682331,0.758299110436738
196.79102513445181,180.23353164949995,0.8342081611612734,0.07239014596303406,0.25112373614994277,33.64579278356901,34.69228977161357,1.0464969880445594
52.05179664105167,194.10907901582132,1.1530815066109283,0.021679828223978483,0.40793821148800036,0.019566251853620126,0.0,0.019566251853620126
146.54336610621053,150.07590823412534,1.5072073652091076,0.017603287264869018,0.11973703823224144,8.774459208285307,9.293696404449381,0.5192371961640738
120.36481408668969,193.2765911697605,1.8640907049917363,0.0011626279456640853,0.11547779921500953,0.009481296640496961,0.0,0.009481296640496961
182.6764269667535,74.35035498075774,1.1527710657734564,0.09283827067944075,0.20378928095734625,115.87215562031936,116.00509204195451,0.13293642163515074
122.08398361983774,94.27279527789653,1.6075324917804672,0.07508219649157301,0.4292330689171955,46.26281553322202,46.41453935970421,0.15172382648218985
181.26262985811235,123.9075448854663,1.9587678613266903,0.07825015313226197,0.5951597811407673,92.36137047829537,91.17765000257357,1.183720475721799
121.60871419699899,84.13220190132799,1.9292318761775058,0.07557809655599207,0.5538281784254482,59.35188890513225,58.93702223659058,0.41486666854167
175.70378803931283,166.9922891245454,0.21757757738045663,0.05311396140574096,0.1312800282869205,11.467632145501938,11.569680728980117,0.10204858347817947
177.23157923223437,167.20194360078725,0.7336742727689487,0.0037099108331940522,0.5659023019442657,38.43310950543295,38.519275598653294,0.08616609322034208
50.01873598057905,144.4235535933539,1.866019248613878,0.099720112324659,0.21717026166920642,0.010472178995903123,0.0,0.010472178995903123
65.07830021250626,184.34105790119582,0.7236846071353847,0.06446731456009146,0.5268786748385405,0.2176194887652847,0.0,0.2176194887652847
59.43368634792929,150.32126064475557,1.7476383968328637,0.00811140716916362,0.5097619624839492,2.454366627132975,2.362555116193171,0.09181151093980411
133.07287124810887,110.78707412998975,1.8852542368437821,0.01908799190039373,0.5716204107304935,51.06535769060825,51.48252198283178,0.417164292223525
189.9477456450308,117.01498483950333,1.8845970899820097,0.04894551681197537,0.36061976199072554,87.40524490667038,87.2072054958542,0.19803941081617893
107.44969132540155,95.60340818217566,0.42371945155529683,0.061019700291800455,0.5254649789231247,21.918437808292374,21.233216585879077,0.685221222413297
144.01885762239937,177.68391000830366,1.0336768423184313,0.058935293165076265,0.4582155187568766,18.50457711807107,18.646737066141327,0.14215994807025822
104.32788598203865,178.4702604306603,0.2523753504943538,0.0567372824448911,0.4937159306314288,0.21195647529435435,0.10702101927839891,0.10493545601595544
141.6429561997258,174.9665764601145,1.5118009679167148,0.08218540683406053,0.24916462674376041,12.304443681860313,12.577082216531085,0.27263853467077226
175.98114240976088,187.48706995651276,0.382673656068775,0.05157890937819074,0.22291174173349323,6.457371790344467,6.096612470939625,0.36075931940484196
81.29202376009476,131.2791998742363,1.7213132034728367,0.00810492875106964,0.37282775017727243,4.4983761428475475,4.9772119584384775,0.47883581559093
92.71254122506855,103.38115459559924,1.2681281951789318,0.0777532187587861,0.10756753339449557,4.036348032170828,4.564690590627038,0.5283425584562096
177.86878999586776,160.3789265115015,1.2278320655744275,0.0722261694452863,0.2189935500607025,35.85928025979409,36.026745108788916,0.1674648489948254
164.4977690893317,90.33916761625258,1.0291361193904691,0.06303741767747277,0.13396163273829828,79.83321600137066,79.28992426844883,0.5432917329218299
181.38361896817457,182.27581599292276,0.3560296704643341,0.06749131818340386,0.4621975988363579,21.46958446813673,20.592348666128053,0.877235802008677
154.63499554685916,149.22287439100785,0.8098860019859138,0.07655279627302164,0.10357190048528256,15.426201179006284,15.90986203065766,0.4836608516513756
59.124480125204215,84.86766912502235,1.7216092905282216,0.05416609300735978,0.23782607713361484,2.264258727925302,2.27788373114846,0.013625003223157961
51.853511819340575,68.49738199058149,1.8234758235320354,0.027233126061666446,0.5795185376440629,11.863925650524283,12.54142961074686,0.6775039602225768
102.71639217992993,79.67357534295414,0.6592220304496601,0.046440521576875664,0.12525802211138368,25.451947269637472,25.43525922172189,0.01668804791558287
65.72088498223364,110.97467141761362,0.6645611121839647,0.08725553614882901,0.40097280998089246,0.9313267347801615,0.8912893798836876,0.040037354896473865
117.14219635802982,154.35702305968198,0.4534271233824793,0.06563581605975143,0.329990082274664,1.9817574277360315,2.3393371343536558,0.3575797066176243
121.28778073995262,145.56132081938802,1.0916248666863584,0.0034762877112594296,0.17395896626330867,2.069297636975101,1.840200662869023,0.22909697410607777
137.35552277270824,85.88119585858894,1.1988222236329786,0.022590848547383413,0.5311279257344884,60.40033639467787,60.244360687861814,0.15597570681605788
115.70401719060972,66.18899785376419,1.8459076938420411,0.01605208923170619,0.29718290022040716,52.55658119541798,51.813682849882426,0.7428983455355507
198.36012701160988,84.29037360849102,1.469531678888592,0.014753661732997282,0.5548054667924862,119.60657470787785,118.78539588238439,0.8211788254934618
177.02506625166978,76.81238267318403,0.5723669812883957,0.04582253033786426,0.4527514603548043,102.27577995787853,102.47202717443353,0.1962472165550082
90.39044170686091,151.46843144222242,1.5230852821731342,0.011577990669325577,0.32601743481359646,2.381227981491932,2.160506652952705,0.2207213285392271
62.88293141563593,114.70635825038451,1.8167591940195502,0.09097423150022849,0.20182110749157692,0.4885698193602681,0.3382140853889126,0.1503557339713555
74.90939486209597,110.79189932771811,1.7559043651290145,0.04606831851189121,0.14055877794879648,0.3217981616398049,0.5790383725773012,0.25724021093749627
154.32175197213118,103.57341153864341,0.17223570239144034,0.040835937872765266,0.20760740731772762,51.4742611446745,52.22631091548334,0.7520497708088385
56.06946197432412,118.25945339845062,1.6062229439376958,0.029437039946372735,0.14312199852633464,0.0001945313501802307,0.0,0.0001945313501802307
167.89502321759406,160.29600252618403,0.26811491365648976,0.01185168955521594,0.34757881757400033,16.2418699983795,15.95834235529735,0.28352764308214873
73.02888517653071,77.23459535927387,1.3959502471757235,0.07294452089401694,0.3155525039901156,12.272139477326093,11.635366448214434,0.6367730291116587
190.3062404889293,127.0672210435629,1.5503444230470378,0.004100677170141987,0.2862167588110609,67.43054661238268,67.35342819512589,0.07711841725679847
66.3923436671837,181.67526889369898,0.12849403253816666,0.05061460579916164,0.4495415133014943,7.320079498882525e-10,0.0,7.320079498882525e-10
151.459066507593,98.45441040323448,0.7640231635350391,0.015530041881401991,0.2943104026059732,54.70582373154251,54.59272934355502,0.11309438798748772
91.79090789501764,189.39617260102543,1.6233544023300612,0.08531514428959275,0.13155846807788066,0.0012263930097295844,0.0,0.0012263930097295844
116.82697470791636,112.47969373810008,0.2829484708151118,0.031115441965684332,0.32462747997915575,10.806264631288208,10.770952833893844,0.035311797394363964
103.70324156061577,150.94172866842968,1.4318070350238745,0.07124887240967534,0.39011861875284237,9.444617692915763,9.338798031431867,0.10581966148389554
64.51290247423583,176.20000439282558,0.09025283697904421,0.006888118172200964,0.5380465065311378,6.891936667325073e-10,0.0,6.891936667325073e-10
50.10352625971673,97.77934810460005,0.4329987172226041,0.07038540043715023,0.3500267301954718,0.013257388495377748,0.0,0.013257388495377748
176.42319649986575,116.63435200113987,0.9987413477824033,0.08856285677435279,0.178294161237829,69.67962154918195,68.99461491547878,0.6850066337031677
144.5305317513929,176.1076905750491,1.9633025761635756,0.021717686632668678,0.33115095829440644,18.181067872048963,18.202720131412406,0.021652259363442283
109.59059274336002,103.14707863827545,1.9067246499744583,0.047809919058659923,0.4974976268193094,35.733874041849035,35.45495808637253,0.2789159554765064
174.80115786045306,144.98520631101758,0.38511488078123507,0.08323188642175461,0.5893307126312325,43.982940900278564,43.48551777024666,0.49742313003190475
78.28363571654614,182.19001838895025,1.2873465001115674,0.05001298848614677,0.3265042038722651,0.2685497209504548,0.0,0.2685497209504548
62.54080774609656,195.45204802041079,0.06927458635547493,0.06268168881721226,0.27113278630751836,1.3926696250003355e-57,0.0,1.3926696250003355e-57
150.63820408309422,170.39555311317375,1.4390960760277884,0.0005469347326257035,0.37164258597327393,19.533379861992557,20.05819430764072,0.5248144456481612
145.4815255078307,112.17073606019046,0.5690660230608217,0.06922540061119235,0.508777355776499,43.56335401360694,43.265663096011416,0.29769091759552424
136.50980724028256,120.90642355793541,1.5794021283356032,0.053157349375029195,0.20212502705167076,29.028773516145733,28.87035624529282,0.15841727085291168
52.118986236478186,128.54172517779796,1.0663528975777237,0.042245552303562,0.4909914372753029,0.739333166539907,1.041714799487515,0.3023816329476081
79.10000667394155,169.60855526188217,1.2039418498301377,0.04102939785144885,0.25589292701702415,0.055546720349870404,0.0,0.055546720349870404
71.60953755383741,105.19881094873747,0.538438970689621,0.072014404443819,0.2679616279952267,0.26383269865529835,0.14864697550157757,0.11518572315372078
89.87141199125986,162.9421725785371,1.5737958749369052,0.08245339844962334,0.23851915839629792,0.8694566640711141,0.17285604517042685,0.6966006189006873
108.54705058498266,161.2363368046053,1.171831814483174,0.05269140256611855,0.48137904863958836,10.349710323495508,9.72620048322596,0.6235098402695485
58.64015755684622,104.74756815614279,0.680285448969382,0.04509481117493021,0.24972851435768043,0.018644837973287698,0.0,0.018644837973287698
51.6676565618095,146.28336890169106,1.751906224354243,0.024454571560602448,0.5781779865909392,2.7951499392525436,2.6701944026048388,0.12495553664770487
98.98202640076698,131.00731784452833,0.84637984468944,0.04075078487529371,0.5646574600339824,11.787762662431401,11.422526739395668,0.3652359230357334
143.343370091361,168.85566454167412,0.6393775586217697,0.010452030673112823,0.14118492937317353,0.6528969338930111,0.32475074833327966,0.3281461855597314
129.1093931096679,192.10929941843312,0.5334308270328101,0.08098164972672295,0.529800045744475,5.755728872854853,5.708794293891735,0.0469345789631177
74.1630517136278,175.93740714151318,0.4629821778095837,0.08818206725141896,0.5401673181626289,0.17721941296823007,0.0848666061538097,0.09235280681442037
150.50697977196972,97.08576641716884,1.8407661188304458,0.039230558437518416,0.5099024703240514,70.62025294442563,70.98516980708317,0.3649168626575374
175.22595142153432,64.81423458207024,0.789580759434313,0.07601031556526418,0.1893006443781096,114.18719790433299,113.49274389578858,0.6944540085444117
159.58108118514767,168.68641231814146,1.7995174660402644,0.04733971718120547,0.10651934528646531,11.483572566038532,11.721594300475804,0.2380217344372717
199.85600262583299,51.67604048001604,0.4003261589485493,0.019413183943871593,0.21189045424856548,148.5800114130351,147.25362858061817,1.3263828324169253
192.77849768254103,66.8648381494307,1.0806247255131307,0.09522172225146262,0.30718569610885005,132.45296713167824,131.7941347798933,0.6588323517849233
175.8408453347363,60.42936482085457,1.8636662200752863,0.061594376969361146,0.296021219132066,121.98397787784899,121.32856235612368,0.6554155217253026
116.18232569170715,68.22550408819114,1.4015806522122036,0.08079252510053764,0.47676548194004065,58.16968134878103,57.78575458641533,0.38392676236570367
152.4573429863682,72.41828314237067,0.9519930882883764,0.09711532749699786,0.159486112409736,86.4341773451857,85.3500679708479,1.0841093743377996
139.97523998098117,118.28140320494104,0.3213658880438846,0.00635177164381372,0.5370360166787144,28.93439474036819,29.219612161452158,0.2852174210839671
139.86177034315023,134.62201264555495,1.331552985545159,0.02800259209780911,0.29825845104059845,23.93447858237191,23.27376698529732,0.660711597074588
125.27072226141019,152.76444553752498,1.5711385419982373,0.051735091571049656,0.39366179781177424,18.85643179952465,18.34333401456243,0.5130977849622198
103.0557371281538,198.09725563293426,1.9969493560292777,0.028868567918871005,0.451980748952833,8.120494835543163,7.679430765414413,0.4410640701287498
147.75528527493788,76.97570269656961,0.36502092804323333,0.029479943728793256,0.4272153871331559,71.64751240657992,72.05474340317858,0.40723099659865625
188.54040046440178,133.06403448801197,0.3223135787053063,0.04147271431672257,0.1633880716815456,57.24338764318267,56.23425552140766,1.0091321217750107
116.8400044551993,142.87287700046596,1.6442727776563024,0.002423252688011546,0.2691478623129073,7.801150424545007,7.402124659319703,0.39902576522530353
147.1350013033128,114.96556111541625,0.3861931489995498,0.04205814186813442,0.3484802797835579,35.53778079112989,35.84877821616562,0.3109974250357297
199.6635971349291,192.26182485712025,1.8558157129589898,0.042541704261993524,0.3800933974598526,50.49230736975289,50.18854050806172,0.30376686169117306
70.39540850905577,142.05651005270238,0.56811011603601,0.018678557250428697,0.5639525617637637,0.9070628980695181,1.15279030582251,0.24572740775299184
124.90277088027028,54.34909081731763,1.4493467356675738,0.037605087026528476,0.49076644245956536,74.77986634231311,73.65970272805137,1.1201636142617417
155.66874320501253,118.98530660001273,0.6247899610160212,0.03800193420014386,0.20457696179852028,39.778240014556886,39.187448635913675,0.5907913786432104
57.243777615560035,183.24953432483343,1.6187962820778607,0.02018405356735995,0.5944859364263057,2.145109376220507,1.7885940070016773,0.35651536921882965
166.55576661620017,141.50334663270013,0.4146044212113424,0.07658539660599752,0.37917506640853893,33.90801816110435,33.9670776101034,0.0590594489990508
86.72821207905739,152.244537285626,1.0078727780701326,0.0015594207821229555,0.4245609831653945,2.11735878576542,1.7325518363471772,0.3848069494182429
84.28504106575024,157.03228658938946,1.7849379465113302,0.025071989820300056,0.5093840960665881,8.153047357170198,7.948345651857338,0.20470170531286058
152.06465916386844,152.3126529193797,0.179167734417022,0.03421020211366195,0.2813088052978344,7.5495956163702544,7.32258126372685,0.22701435264340475
130.4852020365634,94.16804525055346,1.980320942727257,0.06660614518961706,0.4876025230628459,58.352839417417854,58.755660151165536,0.40282073374768146
72.9315683189504,81.08019703984733,0.2420375545115392,0.09775284561024933,0.35697148084376573,2.7670161352538294,2.835954552866138,0.06893841761230846
151.74659126025622,94.78398876878245,0.13422130007666117,0.012282043523640164,0.1959827539882036,57.11872629878707,57.128713944852706,0.009987646065638955
56.94076524760418,151.9684313116876,0.6309967966588479,0.09257335309114613,0.5497222178507776,0.24067734300238564,0.22290362156601162,0.017773721436374013
107.66420753513115,61.21575317116946,0.09555760031078689,0.0711558268838447,0.1283333182969911,46.86327776738395,47.27659389879925,0.4133161314153
114.28963003334555,107.79830854061925,0.2960028289360578,0.08835540552641322,0.10134180126946815,9.437443852342,9.76271173000223,0.3252678776602309
172.86182616210837,170.472445446858,1.592474077291734,0.06043962420858692,0.18410207954132987,25.83062427524267,26.247532977316215,0.41690870207354536
78.05069394599546,118.39177098526412,0.2674944132075652,0.0983076478722103,0.49094214679139625,0.644286096748032,0.19944457505593505,0.4448415216920969
66.87694320085293,110.26706930670147,0.3164566483894272,0.0007415183992555808,0.5451467391127547,0.565301804244843,0.0,0.565301804244843
57.763350858168515,95.77590246904518,1.1638023064248586,0.02740225469444492,0.5228007770436862,4.5136956865092515,4.804261051570641,0.29056536506138997
65.87217915270242,145.62734195091866,0.0949523872743286,0.009332862171804767,0.30058994758681445,6.0554950038856985e-18,0.0,6.0554950038856985e-18
123.06623702584872,103.84594934170295,0.15477111637276086,0.005183990372240677,0.5218000937440657,21.933993345320076,22.602667599293945,0.6686742539738688
167.70633637822226,193.69653131564016,1.123130133645899,0.009567129952931009,0.4146647499514744,20.68866158088551,20.656201378182068,0.03246020270344019
163.44413325551756,73.83136283307607,0.20363708561237592,0.0059268045785910274,0.4547327785847409,89.7020976031193,89.54024426857552,0.16185333454377826
186.3573710840097,121.39344071575749,1.806759716636193,0.09459357962778742,0.5455628507259258,95.3747471090246,95.26276708360288,0.11198002542171537
169.03730177479525,87.78253876936346,1.6154652520643553,0.08341029045266554,0.27702316522490045,92.49159793308064,92.66096191937336,0.16936398629272276
193.83203688636206,83.69561674781407,0.7735782936547595,0.0528293454754076,0.48593041085185484,113.86544825487397,113.51483911291244,0.35060914196152737
57.79427996976564,192.9421550656618,0.676651838227732,0.042274726099881615,0.32605721057647075,3.307163950893644e-05,0.0,3.307163950893644e-05
168.7269623719762,173.37397226665468,0.08884645390012465,0.010842819782636383,0.4561358596384084,7.197491648714731,8.67881287383775,1.4813212251230183
91.42098028332944,192.44595899915714,1.8949385627042465,0.06446268969397098,0.4460269468932181,6.0386381067225585,5.9656065940450205,0.07303151267753805
168.1689275958309,79.51354962110034,1.6072184541001662,0.02906952177709156,0.11977262881885323,92.28488896673157,92.84544640030174,0.5605574335701675
120.03617385527357,132.3397975065979,0.0911200350695231,0.08970892322381024,0.2350756479244471,0.44112470357075395,0.15481593821268547,0.2863087653580685
71.6795565771332,121.15429456324743,1.1947452517255546,0.07420881152688008,0.5127878311688383,6.098994636735068,5.638527432070415,0.46046720466465274
125.82630845225637,98.21273399097245,0.28546530718256957,0.07212330419710805,0.11011309255783305,29.61497661576827,30.2151374177265,0.6001608019582285
108.87449998920047,185.81162584682775,0.7284807262457939,0.03704190705528198,0.16725715549931722,0.0009363980096860902,0.0,0.0009363980096860902
177.57813183820366,120.02806511523424,1.2005450261085133,0.009583489917865673,0.36622784251123897,63.6709740048359,63.64157239700913,0.02940160782677026
157.22561820773035,116.36484474850317,1.937972847736445,0.09354316330984869,0.19271855111578598,60.627172540642235,60.23043339138868,0.39673914925355547
153.7935647674563,149.00909673312316,0.09149044200211881,0.09488005698120985,0.28138059301121465,8.715784052730243,9.323827435208766,0.6080433824785239
194.27953523654256,188.45454255563212,1.2919540152749105,0.07995149358763975,0.5581840158614767,58.463083121490996,57.37290426207279,1.0901788594182094
57.06088011198901,168.56465038047256,1.2734146426939357,0.0433803376550477,0.5031394425831724,0.7301889912619415,0.4524012425482269,0.2777877487137146
155.75269695979705,166.24549236596943,1.4698583739100124,0.0048781880858155165,0.5921293739765198,40.45951839994732,39.24936837693575,1.2101500230115718
53.377826299287015,76.29697294672081,0.0576402913704852,0.09585953378883758,0.3268452619903822,3.78081015707277e-06,0.0,3.78081015707277e-06
109.40796991789728,64.17295980186931,1.3811643177435826,0.057454831055164184,0.4359664818395401,52.41294647532521,52.50802065370772,0.09507417838251087
65.62020314108378,116.98630039332367,0.24918537946629393,0.052700231271065184,0.34577411131741,0.002106179519210244,0.0,0.002106179519210244
119.2277324014567,133.4276659989147,1.6532980312010395,0.05482691821536434,0.21578754860111568,12.023119225211794,11.861086221127579,0.16203300408421484
61.95665523879482,70.47513702287287,0.19650080488341692,0.0658820997138973,0.46837200411382107,2.4527428007576297,2.0807526386464126,0.37199016211121716
153.37922327362543,155.78542140844556,0.8706962166588714,0.015914122790859454,0.1820158148771984,10.25817315246654,10.314174734092266,0.05600158162572555
119.9031720828328,160.30875377932392,1.8836920218932331,0.05403959545423545,0.3018944257091747,11.449614044205525,11.261275636337508,0.1883384078680166
59.129387480855186,57.1650982937864,0.5685688957489878,0.07580676397158297,0.5529580764301075,11.74836786594376,12.130057733230519,0.38168986728675947
94.45812331895186,199.3393557461561,0.8090606869828338,0.05516052740093698,0.10680768497527529,2.2823481940802004e-13,0.0,2.2823481940802004e-13
183.50220112398824,136.49254329837845,0.4611435534176845,0.0063825315105533915,0.2734117479930187,48.07490946033175,47.60572480370437,0.46918465662738384
74.22828976554689,76.80930747671889,1.8745461083296513,0.09980636732082598,0.2813178553003727,16.60177335077976,16.507939324316926,0.09383402646283301
105.72535607400839,197.7015723426907,1.3253087873961051,0.006823690931554927,0.3706322996550844,2.001498694814769,1.8156096388122585,0.1858890560025106
178.98596679362518,152.18707218715554,1.472996383826324,0.06770616507989262,0.3125313432220187,49.80411221444561,50.665776680557954,0.8616644661123445
82.8590698277376,124.92240730672414,0.8768118632588878,0.05689451510435533,0.2729081686968824,0.9016174544640094,0.8970815531955338,0.004535901268475584
171.2164239524322,155.8091433894913,0.28088755663217174,0.06362077915180021,0.42677820365278885,25.43192851419755,24.95936911927999,0.4725593949175604
134.19717251129237,54.95896224589882,0.6157474639514595,0.018241804169825817,0.21705550990799935,79.85207439396261,79.93479918373896,0.0827247897763499
119.69539249163469,124.51869526302228,0.3235900332797846,0.05706808370528896,0.39168453333720643,9.505537616935769,9.188913252051929,0.3166243648838396
91.61509884439073,126.63977043433792,1.2350758822731054,0.030178662726607432,0.2734217145452632,2.9598561514431054,3.51493908676526,0.5550829353221545
175.6434076857998,60.42991157049943,1.1857953016273686,0.031554304142274135,0.5469879395076694,118.15708717867133,118.42954651673979,0.2724593380684581
79.5954745492725,173.61566606557275,1.922750163228083,0.09603352467567873,0.1943152775682415,0.13651165398914578,0.19226100385033362,0.05574934986118785
101.74578577523992,78.0331694566267,0.4227595386611868,0.028653331641976722,0.510423656833608,27.93940060012786,27.50925048484411,0.4301501152837517
53.989857781228466,93.69562010881984,0.274567322709629,0.0941447993542648,0.5017429164232186,0.1563242075088609,0.0,0.1563242075088609
143.11473839920006,161.50636419069178,1.0627364171997429,0.054553026122255655,0.4449601292872325,22.404865251766466,22.135147841251722,0.26971741051474396
185.64892760877083,186.11665781762912,0.9185980558385429,0.06702159764884676,0.38082575889602754,31.772422531352035,31.70538256096728,0.06703997038475507
98.18381473382979,124.95464375589647,1.2416122623999697,0.007754159004623818,0.4210792614818252,10.193338927018942,10.17165627975649,0.021682647262451837
159.91880308094883,166.18973089791092,1.4640848765713146,0.02692807558085497,0.10998213943447746,8.556837942464313,8.55062343912483,0.006214503339482036
167.60123148007926,144.9611170661273,1.8050031404694815,0.01254553232037885,0.3174297128949124,41.01706459258173,41.871296520490006,0.8542319279082733
196.59475426105118,106.02088315823465,1.7862777371815406,0.07147167364886109,0.1858796646043531,103.29376576802177,101.98842277816777,1.3053429898539974
147.5817585283872,185.1927208656595,0.6655463072881683,0.030326138691312655,0.26008407027026337,3.0239983027393755,2.572955166956387,0.4510431357829887
87.75509169034281,144.77732129673498,1.942120863704793,0.09463802210393174,0.5188746952581,15.665961393211582,15.439711613661387,0.22624977955019432
125.73617246591054,191.73180966471378,0.9876216784870511,0.004949617077408009,0.12323584562087739,0.0016089807025153613,0.0,0.0016089807025153613
147.47122836092882,125.95074473622145,0.6800757126935466,0.052655422404296326,0.5995481254445364,41.17594305054422,40.709521598662704,0.46642145188151574
136.63393251777683,61.966114457412814,1.028418714753156,0.017350626152978287,0.5849360039782433,77.84900202994956,77.83415337713407,0.01484865281548764
89.51834402840338,170.70500987767372,1.5427703582535872,0.01362702023567205,0.4664557045922135,4.94359422430473,4.707729021921242,0.23586520238348818
95.56992827106039,111.98309617646201,1.1501427560976467,0.08321713265597798,0.3642603966144802,12.377841460614853,12.32459908157761,0.05324237903724338
78.46442702817993,99.0099426242034,0.43731927725176706,0.00747748117053817,0.4101724745754173,2.6322331060729134,2.367838603161637,0.2643945029112764
152.40930362907883,89.20728070415186,1.6679832054905372,0.025679662757504718,0.2878187157569696,68.02135548449675,67.4155189831792,0.6058365013175546
157.09164476209813,72.61841025038984,0.1272165690700076,0.07807411639711974,0.3742143838830031,85.1909337843766,85.23683605073435,0.04590226635775707
88.60584695827191,61.38425590683068,0.5590366773694534,0.019126985461457503,0.5563755654193416,30.854479113093547,30.929209404219876,0.07473029112632901
57.47653160518121,174.634913965306,0.9121037437156241,0.0937015000131855,0.24723489026854442,3.307052047673794e-05,0.0,3.307052047673794e-05
184.49234777831936,156.60175958623356,0.4740737474787644,0.08584926840590427,0.41570358965451004,40.7394351128377,40.12802532806189,0.6114097847758089
193.3342835703279,170.29412237471092,0.4451247468404953,0.0029172930245324417,0.5076160645363772,37.774006716597725,37.59491548438782,0.17909123220990608
107.9519653036703,180.52695976006515,1.684811878400514,0.04313047823826746,0.5287862177839626,14.055537717483976,14.37871915068629,0.32318143320231485
151.68553775922715,80.01966733996109,1.0912369752318587,0.06867851663986384,0.1121659418422816,77.44369502860101,77.9439081452827,0.5002131166816923
137.36446023832673,79.38520600890772,0.1859387295036496,0.06367121016858368,0.5531845197258539,58.99171542562364,59.57196531413997,0.5802498885163345
193.4110344216559,177.74775692906496,1.3643061860107506,0.023563732585926714,0.10307975826200674,23.227421037894345,23.268756196787287,0.04133515889294159
189.46886088864278,162.2919933907998,1.9460378012038422,0.006442740140982228,0.3907156886360088,53.867065714126085,55.2372293953123,1.370163681186213
154.04763459815706,130.34550677260012,0.23184493313788318,0.09756413390520047,0.5158342570441434,31.054702558183465,31.137391116133408,0.08268855794994323
98.34519063337554,190.04393280340406,1.4371654616431524,0.0004076887355147996,0.24555983444875987,0.1759240774298827,0.0,0.1759240774298827
86.75189020582498,85.281775419457,1.8197946951954584,0.015443457176385122,0.20234206047770234,11.251409537365753,11.582123961921212,0.33071442455545963
63.54503701562214,74.20961813847316,0.6234305713655858,0.026219468277608272,0.14106846516040591,0.38648747807096306,0.19449776982156664,0.19198970824939643
161.28602431507136,111.73790092712892,1.8316344844594925,0.09942395583907515,0.34715726588429685,71.53143857612271,71.02959208334723,0.5018464927754849
147.07062219316919,147.56065718450543,0.579086830252049,0.030025640246570718,0.10105902389371577,5.5809152379434295,6.161599731708833,0.5806844937654034
108.66960439018456,139.52780259358758,0.8274746390428659,0.0035575179614882103,0.32469141218517106,4.066357489991187,3.5440888285571717,0.5222686614340155
86.25058102704205,192.6539403509335,1.4335119372214902,0.04077909948966623,0.26619089742346247,0.1292296850816772,0.0,0.1292296850816772
147.61984422768228,119.6867719619028,1.802955454331679,0.021753509797900396,0.1492965996420704,33.87577992441594,33.6108515617506,0.26492836266533715
123.45983060129824,171.47332857389569,1.99053189352198,0.01238690414877456,0.5590984219027981,25.744059960955113,25.91795159050789,0.17389162955277726
173.54484396362096,175.277797585156,1.0076394336964423,0.011280638568570546,0.1900968539956461,13.306394235713896,13.204692474989162,0.10170176072473325
130.38876068492817,124.68183795986668,0.2621204286782211,0.06718430032941508,0.398164383747618,14.682061084972275,14.319050280109273,0.3630108048630021
140.9945099661375,184.69069970455683,0.5532083159219623,0.0666916385078992,0.5974033235342139,13.228380263683157,12.685313995371914,0.543066268311243
99.92372934726487,55.211326312965944,1.3087658426275521,0.041484778858296545,0.17471167093512882,47.63241348439928,46.728530089866325,0.9038833945329543
69.86770972163066,154.892474515016,1.0862307924121273,0.07896047802034273,0.48968214697919776,1.8555261597427908,2.2269426633374323,0.3714165035946415
136.81171986779106,125.29725843600227,0.8460044290781125,0.03707381399561166,0.5340384493851075,33.46131637046286,33.61718553900178,0.15586916853892063
161.46735710228148,139.2465680666723,1.3897509130855379,0.06375466042228159,0.34625823159052527,44.12066757950508,45.1767725344409,1.0561049549358188
90.63072774664093,63.01870279943275,1.5261493928273957,0.08187507210916267,0.568449046341762,41.94957073397326,42.25490866117984,0.3053379272065797
182.05529093042963,157.74259508114116,1.9406518310214285,0.048751460798514196,0.5642307861211838,71.17171769033135,71.16862231455045,0.003095375780901577
106.16959046734065,128.09315303274863,1.7417499986655656,0.0494222357780988,0.3782707833019231,16.813108093988596,16.754040037070506,0.059068056918089695
154.22321543551902,50.97979770992696,0.9327954945717833,0.07416361702282935,0.4756403789734608,106.71484198167025,106.44376124822328,0.2710807334469649
79.8180517902862,115.41140875501327,0.2536609502014215,0.08711037540808332,0.40598347184598205,0.357573494181918,0.0,0.357573494181918
161.56642748991567,138.83647290444355,1.6751509622191496,0.035299728109589715,0.3739627723484167,45.857947128072155,45.46070964306577,0.3972374850063858
184.20318303017226,186.18637186603655,1.120364753280045,0.08529433943768933,0.5260174718923049,46.67994462191143,45.94901909273257,0.7309255291788617
198.1334082776946,185.21730975804343,1.5416477279486223,0.09916683062099778,0.5732335684973912,71.48416772004589,69.830967837445,1.6531998826008873
181.61793721294333,120.53635007330519,0.576454268174884,0.02975431611495645,0.5138791516351079,67.05114232046014,66.96077764619024,0.09036467426990669
96.61104016646854,73.51194713184677,0.5253773384104268,0.020997215195270393,0.3323821228149626,25.08000795837694,24.88181887178526,0.1981890865916789
191.4146889031721,89.12488991379274,1.1910066605556582,0.08698528914080877,0.4529461678834721,112.01556244825315,111.57262920268153,0.4429332455716235
62.40949998836579,171.65723975704074,0.8840272032665553,0.09383696447039597,0.296901119590427,0.0031522062047681723,0.0,0.0031522062047681723
163.70316247254604,51.04277581444189,1.5873762488820349,0.013523809606066074,0.34356045357389664,113.7799044268317,112.83259343032373,0.94731099650798
188.13217796062455,172.440137046561,1.5959144834916643,0.07451399411538528,0.31965649216953784,48.22985897929766,48.09601827176995,0.13384070752771038
164.7526998397962,128.75769478334504,0.9832958640242558,0.057170598951274104,0.15417930420747025,43.22692985702919,43.41434304547434,0.18741318844514865
106.77388094507006,171.2550940525307,1.177247814201673,0.0979935996881796,0.12919499029440548,0.030876443067168413,0.08055065714814447,0.049674214080976054
86.29809507543112,150.99101121931673,1.9098792545927537,0.043048625190573245,0.4788425713447252,9.68666751806957,9.127892395566661,0.5587751225029081
131.86974286091953,77.9663974270282,1.003372006929952,0.040568692428913304,0.5190974343523317,60.557193341245885,59.38872079400569,1.1684725472401922
161.34769241269652,194.08209862295527,1.7557956651435995,0.017432381226188978,0.29396972896883966,15.60351488985318,15.518517615671268,0.08499727418191227
79.19423174073835,69.96020167240643,0.9200974800587945,0.016696991892147028,0.1026591705264435,10.558396664164967,11.053481865088663,0.4950852009236968
103.68551738708396,169.74445418838616,0.7392219568746361,0.04271813422634936,0.2387785100520132,0.11394281719063137,0.22571129008836266,0.11176847289773129
115.23927141645687,193.44236196156314,1.6022036617748154,0.06548738858724341,0.21573891763676603,1.0943639480630498,0.5645379880309704,0.5298259600320794
85.56311947718851,156.58361845860986,0.6495664812540138,0.05671802837554604,0.37153595508953874,0.37760345445945553,0.09521688380262816,0.2823865706568274
134.2074832070982,63.20490147717348,1.5904124356878635,0.00646472199197895,0.4103716664910432,73.08540736989377,72.71493247012472,0.3704748997690501
150.06871557534402,73.24221194517605,0.9083334259491576,0.04382413652239356,0.45987148577624926,80.44115739931001,79.9751582350778,0.46599916423221543
149.32887336921138,169.77637958889886,1.2577845666720493,0.035591761538082,0.12408539623559647,3.647157375215315,4.00276350044458,0.35560612522926505
150.68471199628888,164.7598383293013,1.04482933541918,0.00030339402056067666,0.378686498332497,17.817528303725815,17.988320596741485,0.17079229301566912
148.49567192233823,128.5792670203145,0.28667404017341863,0.051737716725833875,0.4027007452736213,25.765151019378706,26.09130072402796,0.32614970464925364
173.9437886291537,90.80123620612065,0.21069717910237634,0.03346995340094579,0.19595364884937203,83.78063246706593,83.75006406554425,0.030568401521676947
78.0038177421898,134.0801078687865,1.2778751000053483,0.02530731840765471,0.3707731621414706,2.2594812400224615,2.4492721462188634,0.18979090619640182
177.46167882342894,140.13544542850414,1.728079942193859,0.05129888419829565,0.4938515625634936,68.06571442052406,67.98293260506304,0.08278181546101848
126.462375997787,87.64386068825988,1.7946384638958646,0.038941568745865754,0.4694038623302219,53.70563125277062,54.217037583222435,0.5114063304518126
143.89037067645603,169.9345158209356,1.8921139681244203,0.030329112258081804,0.4302974218615395,27.71236569270888,28.272861088226442,0.5604953955175631
115.15238723379436,58.22371864516994,1.3912180587581053,0.04642291145129064,0.1821824246725577,60.57125284978016,59.391447859079456,1.1798049907007027
55.653454357257516,148.99961131864018,0.9724694322903427,0.012852942149596182,0.5322507287244062,0.5780367695892248,0.4916928887791059,0.0863438808101189
136.1083258672732,111.33435645531259,0.5463043020691193,0.062228597352675157,0.24199053279212887,29.450460953533963,29.66849053598382,0.2180295824498586
160.53854709159037,101.93107246736236,1.3298250472331903,0.07443373938506012,0.5654250967992916,76.6931440239343,76.33300379652505,0.36014022740924645
139.2289725542517,179.0896061848589,0.49969890869470945,0.092516294085066,0.4030050425647709,6.020289974897054,6.523386927427456,0.5030969525304023
179.26289522755457,194.02813757596925,0.7442191418732098,0.06909341049917754,0.24001539224614862,12.602717638021403,11.838331980761353,0.7643856572600498
59.5725884156263,67.94336154670131,0.857746334687417,0.056744873839537815,0.5560350274683191,10.215120249677184,10.585176014290969,0.37005576461378453
162.97370285313144,121.30274017066797,0.8449134482609746,0.07635033972028576,0.13876498582450122,49.26137287857097,48.6557659249326,0.6056069536383646
66.92605149760332,158.1454009947958,0.25913531334346035,0.027200427455223677,0.5500443235198832,0.009237847761944501,0.0,0.009237847761944501
89.7067565929306,167.68318621071722,0.6893237683151211,0.08981043136242513,0.23000402743148093,0.010248638394401571,0.018752950186069484,0.008504311791667912
144.04587076978595,176.98986477113726,1.8250405192460255,0.04803797740437225,0.40150612906373484,24.436846407064962,25.309674426184486,0.8728280191195239
82.87188949605007,92.25742964726139,1.5653341885208982,0.02004006733311351,0.2313969503703199,6.982468967029753,7.129599362207724,0.147130395177971
145.31828888485478,178.15861034902588,0.2931171437631592,0.01029283983255841,0.3422735671438788,2.105675074960029,1.9414602133844099,0.16421486157561915
108.80636927927843,60.276916226543726,1.7486884085161223,0.019016477036199353,0.46159245434133067,54.27042188993009,54.84456212149706,0.5741402315669717
192.9805661762973,128.42004491931175,0.1361620515656093,0.06952940163553266,0.44001860355284306,65.81184270998794,66.23156726439572,0.4197245544077788
145.8398593889856,113.48211874441822,0.6765102006935613,0.045938675776734474,0.44190787720033353,41.55010943153462,41.48909735495802,0.06101207657660268
110.71148730069007,169.6484001802252,0.45018638461823585,0.06371091265142025,0.5972651688164808,4.5094011722692855,4.9888566083117105,0.479455436042425
134.5124934247112,58.1896528446032,1.448859456612799,0.09943218317528851,0.1889381327076616,84.13000420854524,82.69321361925813,1.4367905892871136
65.97279296625905,108.27490826561689,1.1728408771878338,0.006916406663527719,0.18790230570401864,0.04713880847992502,0.0,0.04713880847992502
59.56596972656622,154.305152112872,1.4476999096022962,0.08681961151006237,0.32600597728344083,0.2211343795542009,0.19675556160266439,0.024378817951536513
114.39972319066426,70.00163363299144,0.2240995037513951,0.012624428705730096,0.3418425106232964,44.60042181194504,44.12670724516205,0.47371456678298784
120.93299032878674,179.09107802794364,1.4507655161966653,0.04055345706604413,0.49306721922311114,14.868213066496239,15.448772842860478,0.5805597763642396
159.9806916603134,114.23763909112076,0.7582967064508317,0.0909430228115809,0.5877138615345556,61.33815507151468,61.256494141718505,0.0816609297961719
94.15710788345316,96.58800164187676,0.1981286749676242,0.07136435345539043,0.17235346941494692,2.3917227576382203,2.1518036778687737,0.2399190797694466
51.71149929286305,177.34782820384027,0.6879792780290644,0.06521062423130868,0.4494116019316192,0.0067108526365388665,0.0,0.0067108526365388665
151.08418753770036,70.20715449413042,0.05904818069936629,0.0590764088367893,0.21429648637056528,81.12151381864122,81.19955765031864,0.07804383167741946
137.79648568782855,63.28423263238818,1.5508874276026907,0.06264373937356112,0.5864050182853747,83.86632729731687,83.84399360686925,0.02233369044762412
130.0323812007509,100.74621691330461,1.4286008314673833,0.08556848291006584,0.45014911904975863,48.96815150688663,49.0842550075309,0.11610350064427166
90.16083757130693,156.9956454725169,0.07651314139362338,0.03525988786087465,0.3613642066056757,3.4027530061864885e-08,0.0,3.4027530061864885e-08
194.30215457282898,134.96479715916362,0.2512368407028201,0.009406239354002744,0.26423689877517875,59.67396943298684,59.4703884157436,0.20358101724323774
117.28353376731462,115.90563168527001,0.48072149938256226,0.049412385355134696,0.3192854516163196,12.335804771069519,12.615037904186686,0.2792331331171667
79.7547478580175,141.7380098357097,0.6281448924047686,0.05866613962248828,0.2785116678462385,0.055569625274142664,0.0,0.055569625274142664
137.65828125347275,102.40320037835448,1.92561006463962,0.07614239918518106,0.40205119634475606,56.54169143375382,55.82557848890926,0.7161129448445607
187.7028833940174,58.8057417805476,1.8257966028861865,0.06579935595331537,0.1282653952593222,135.55397449370082,135.90732726170774,0.3533527680069142
151.44229225966512,195.6809560713503,1.8757517631358094,0.01653561958923714,0.27668878479395964,10.82735022609809,10.920018921683937,0.09266869558584645
167.4488017673636,52.613508572956015,0.524935008354011,0.07796092422242618,0.20125674016372183,116.94500659729023,115.90670859693323,1.0382980003570026
58.970181390880896,128.57609210973132,1.6705016191453714,0.03942550619090521,0.12566298279333118,1.584284434538605e-05,0.0,1.584284434538605e-05
147.68628931740216,119.91232870835123,0.3635753342053881,0.08863389545930628,0.423498626389211,34.66822686868011,34.33782451627294,0.33040235240716953
161.79217582318583,122.12004900555245,1.5297865996940396,0.04254184365173448,0.11358453102740165,47.40910423996576,47.226573310367144,0.18253092959861306
84.68961644631104,71.61776784651346,0.4575091308311953,0.03972203103590083,0.29010128611963715,15.751711239138672,15.528523146310985,0.22318809282768726
93.39802041535017,181.6214966546329,1.524199049679572,0.015911994517077543,0.2352352166846843,0.17776297698669352,0.1256550986047742,0.052107878381919326
65.04310977428754,117.83078636700643,1.0735803372266315,0.07727921485161125,0.152316862296658,0.002114928443155882,0.0,0.002114928443155882
159.744052314535,144.88279983711598,1.2207026528677334,0.04410311768196427,0.2808943342889667,31.6591852175505,32.0238755062565,0.36469028870600084
58.70596185585835,60.61643552828024,0.1487706424040553,0.0304636663789829,0.40955809591134196,2.985664667708953,2.3733025617169545,0.6123621059919984
68.84375683274821,195.16430879976832,0.0930563998010781,0.01012546788450095,0.5071244796218953,2.1690941304571364e-11,0.0,2.1690941304571364e-11
158.73286967272008,67.57256859556935,1.9208956127328065,0.08672381127394237,0.14154790421169497,101.5293907806028,100.91021519531597,0.6191755852868255
193.98520966955837,167.07801739287999,0.8516053800477097,0.05745820536243789,0.5394728412693827,54.79655172756553,54.57505149251185,0.2215002350536821
132.29788039140982,187.08588370383853,1.995437817804691,0.07875543426609471,0.5133706702893913,28.902488110126036,28.311489745801047,0.5909983643249888
65.09266928952825,120.86278885580683,0.22142613354677054,0.058810426764827645,0.41556331398178814,0.004618013074584537,0.13063091588065134,0.1260129028060668
95.40373212153779,105.59197953662944,1.37585156273959,0.07526473640624222,0.14512247991162916,6.564257682975374,6.661759133890964,0.09750145091559048
159.68040988346962,148.2761117680348,1.1173630789052282,0.065021840515108,0.4017185659075799,37.367997116854326,37.83790138492133,0.4699042680670047
149.16100654648307,128.17832829666185,1.001018177054415,0.05189579862318414,0.3519765754260803,35.695790392454725,34.86195859012476,0.8338318023299678
143.21876097529162,56.922644917817685,1.7724564845218118,0.04682003724523706,0.4731820561038833,92.06247725954569,91.42341276891662,0.6390644906290674
55.83807961798601,117.84156857553943,0.0739622891252402,0.09134249965614007,0.5940682524250058,6.060974218426098e-06,0.0,6.060974218426098e-06
98.86873116463259,61.16731215839387,0.27859124418574627,0.029903795929167067,0.20136866718051036,38.20888673925937,38.17961671298638,0.02927002627298947
144.8286173213424,181.81805274551115,1.1308168630964726,0.07253398446495232,0.2925835267196899,10.020454603601635,10.242195719421957,0.22174111582032197
148.4673077099273,130.60771343430753,1.0023340639517222,0.06891004654709444,0.5666891134992514,45.2303731111427,44.5177776982576,0.7125954128850935
193.20573678590475,144.2447276472435,0.537902217786702,0.03856379273991886,0.38058584738678625,54.93642991093799,54.71278536767562,0.22364454326236682
60.86824603938078,158.5174976033377,1.2769999555236777,0.041326898071933495,0.12691765870069324,2.97393888102892e-10,0.0,2.97393888102892e-10
136.889635185545,187.9236802944823,1.650029154121949,0.02659364759157087,0.4713858908417369,19.821473824411058,20.184089635780513,0.3626158113694551
148.95387178116778,54.08888256945141,1.0802961517052823,0.007588136129910073,0.1829583708947459,95.30656701255043,95.1222010565995,0.18436595595093763
156.41623407938658,79.04301476286776,1.9984836206741161,0.016536928820539233,0.5799126455442624,88.93581766686822,89.29098369185542,0.3551660249871986
150.27205967516198,128.80153486093897,0.6846348824923251,0.07785016647653588,0.18367591822992144,28.96887164532781,29.676306517005283,0.7074348716774743
174.10002870180807,64.57996284706147,1.9214274816854922,0.013484917021931121,0.5219456097052351,113.78504091181057,113.73906737829316,0.045973533517411624
83.97192475429024,154.2213888745328,0.19033677079233807,0.03506398586985441,0.44649701877351156,0.006174841508490958,0.0,0.006174841508490958
131.85021311587667,108.08626930823638,0.06824059282185557,0.029833063254931513,0.27234319584536093,23.98975665310101,23.641987733413995,0.3477689196870166
126.01981202984076,105.30794174925671,0.25704847221260174,0.06337205701896101,0.3961849731013689,24.412160136250876,24.62026632722581,0.20810619097493444
68.0243633357598,60.82350222081638,1.1181336595330151,0.08636569152638324,0.5296031937952327,20.89240723401127,21.623323939257748,0.7309167052464787
66.7181803115969,153.23062379116135,1.6839483271871558,0.07744928449416158,0.12036871861907608,1.0853107336889335e-05,0.0,1.0853107336889335e-05
68.40102044179761,100.48914383790883,0.4601248660541,0.01682154081468501,0.11576500533209708,9.93908663332439e-07,0.0,9.93908663332439e-07
79.0906702273944,55.324451146942195,1.6221846805815772,0.08864663772027018,0.22577182567881524,31.465483794607927,31.048280933167607,0.4172028614403196
186.1450967999153,194.0825668987066,1.156809801929186,0.03277531653648304,0.3575290295044423,28.079182424412593,28.026747162546425,0.05243526186616876
82.33560654953276,152.9799477176163,0.2422086246877258,0.09632579026236905,0.2541969344810002,2.5377995858082017e-06,0.0,2.5377995858082017e-06
124.37546315500049,148.1541648937715,1.392878697368511,0.057986096329270355,0.16549208222403886,5.165424641283934,4.950539238361788,0.21488540292214608
101.3912213773927,88.54330154628104,1.7759460841543082,0.03323891397065564,0.5042037388555225,34.250697696859255,34.168064096632364,0.0826336002268917
118.54043325559017,114.05155932848926,0.907309177104393,0.09230566375352772,0.30620184018545415,20.892373409208098,21.2061068969277,0.3137334877196025
187.4520083571114,159.85600234845427,0.6818882378303032,0.05423870073351577,0.5922293286662481,52.24307061208525,51.473431855114676,0.769638756970572
167.07567256255916,108.95634268479581,0.7549528696438322,0.019830915641745096,0.42412292744621416,62.47166313346568,62.79859963363663,0.32693650017094456
104.92558526984897,99.64629012249344,0.12585139018799496,0.07215940104532761,0.42889799384474325,9.74956261840083,10.244957164289325,0.4953945458884945
111.35526980685947,104.26378764802972,1.6865682007731333,0.030549538118389175,0.5974103703682695,38.2680023929868,38.13553017752169,0.13247221546511412
131.99750133130024,165.3138496530574,1.8016195450537387,0.034348820340791286,0.4067606620423171,20.54914770047393,21.315890649311527,0.7667429488375959
167.15521959188067,103.36889601922582,0.5715489170230387,0.032201620931676216,0.45952065571667533,67.18540402713937,66.74135088179685,0.44405314534252227
73.51965472529047,62.8056275813605,0.25221141906152833,0.03061535882440455,0.1828454287463355,11.285917283893802,12.351949918467543,1.066032634573741
55.94675228901064,143.15160189650175,1.8652641921597717,0.04327123687205438,0.32303227274025503,0.36411053843863517,0.21397927798570748,0.15013126045292768
99.5799556891923,56.75306603305562,1.3436586060483104,0.006097306163323169,0.27967325033069745,43.669461973709474,43.241551080102425,0.4279108936070486
82.14913910859028,177.31284727244653,0.7599849180418586,0.05192770984748272,0.5102107225749997,1.0895181731104993,0.849676386131712,0.23984178697878722
162.1050605399452,129.58272029274985,1.0838134648303013,0.03324112230225984,0.144979940403579,37.47900313591025,37.68518905017739,0.20618591426714517
142.32750421372268,102.22196893046342,0.606122575512034,0.06761349820293688,0.5394011146575044,49.257369102392076,48.75192041769846,0.5054486846936186
75.45453983627982,97.92816415724161,0.38768200384575807,0.0469082947954019,0.2857420748834947,0.6007527062193416,0.08402202382997359,0.516730682389368
151.63670188719587,142.04598731593535,0.6107403249949374,0.04829059171762961,0.19911912263480128,17.45085557492618,17.256750717659106,0.1941048572670745
103.84589206746408,86.33471363995093,1.0945862150330685,0.03906229053490933,0.21596571505586878,22.840861440527163,23.386347992376656,0.5454865518494927
121.42189826456868,195.2811850012098,0.9182183806781099,0.015105122357315105,0.5930922690301187,9.99205716305164,9.901158068537342,0.0908990945142989
142.81943410064093,158.25209997959593,0.7704131673108392,0.08744241457249623,0.41160305968464406,18.376699928275798,17.225225544910614,1.1514743833651835
78.98889516715488,133.85582034993917,1.4650838603267549,0.0826460206702093,0.4521849855951462,6.889335860163541,6.843063702170575,0.046272157992966356
101.70429800790073,189.02813761534804,0.31698137994327424,0.037128809981949916,0.33569807591548273,0.004509406385213563,0.0,0.004509406385213563
186.99774452484198,89.82816644484706,0.6617774002809376,0.012318255114480859,0.14019021966447107,97.89887552459399,97.09112435025412,0.8077511743398702
87.97537395196895,171.38079570361776,0.5303380109395129,0.09493293645490647,0.19546211931558086,2.6644819626002307e-05,0.0,2.6644819626002307e-05
146.1806144636205,183.50606847093462,1.568262809338289,0.025967423420074257,0.3101670364009236,12.586566985388032,12.45068354760977,0.1358834377782614
162.6328320041933,70.50076642286878,1.351289795201718,0.08707443654408252,0.4450828840132087,100.60971290464063,100.12997411939521,0.47973878524541647
50.28945618100092,139.18192810717994,1.5593060894988862,0.013642516493646551,0.41267514629157953,0.42026870882712397,0.07236333329447575,0.3479053755326482
137.91640758715496,183.19391465998885,0.6420403986294387,0.008810612530192241,0.24417197643218755,1.079098206193697,1.0263629012580893,0.05273530493560763
125.03112917115641,178.90583435126464,1.0572359696805615,0.02555073067067697,0.18412920922458717,0.4505102712478779,0.3907443175297516,0.05976595371812632
162.5194835491381,94.23269371993916,1.3922240925989589,0.07140978131689403,0.5550822474293837,83.60870987928408,83.3932934601536,0.21541641913047727
130.1567664895416,57.27757825339511,0.48725706660325674,0.037522682020058956,0.5053256191992043,74.00326053876441,73.79475302150409,0.20850751726031547
99.12433466188182,114.69557702556017,0.7527125335635668,0.0744603343932345,0.501877443359211,13.6002605695058,13.581544535501457,0.018716034004341964
101.47983371097152,198.39331301269985,0.3626467786581362,0.02749546747715912,0.37673841435028876,0.016613538084914448,0.0,0.016613538084914448
163.16467913404705,144.885554743865,1.8343942419687287,0.05674444145477833,0.1089911934870482,33.21803560382064,33.562619359296086,0.3445837554754476
112.21313362429623,198.58744787936539,0.28786637979478014,0.0015372750650469724,0.22540813352887804,4.245454896833117e-06,0.0,4.245454896833117e-06
196.84643879756158,136.2296292427597,1.633029084840831,0.0036853196834452542,0.2524933662784511,64.61648688173136,64.68130049232848,0.06481361059711332
96.1653666577358,125.26119003545433,0.16021858587039478,0.06783707875644275,0.11032945530655455,3.777254860694255e-09,0.0,3.777254860694255e-09
68.27487569427967,187.51482642216493,0.6532726442778646,0.017041891488973337,0.5315226431138071,0.1609958395979234,0.0,0.1609958395979234
54.50299809821924,77.35981927927935,0.1965204410035269,0.09387890500855628,0.1644147403901026,2.521686761242965e-06,0.0,2.521686761242965e-06
148.0595708865381,86.68053727913404,0.27546852461519505,0.03658898900433218,0.34975318629388186,62.25701991232732,62.232276879792494,0.024743032534829013
191.23082851071484,110.14026615888527,1.2124842914347282,0.06980356373034068,0.22307303922408891,90.07997921440119,89.18564210969896,0.894337104702231
153.24932966283876,53.259487420344186,1.0160995322212678,0.023996989051638884,0.2398613331468558,101.27279819529605,100.21361821404442,1.0591799812516314
74.1239543461829,164.96169103341595,0.2306249800944502,0.04031143886502321,0.2650768608650176,5.646489218409738e-10,0.0,5.646489218409738e-10
191.44889563699607,126.7299797996742,0.5196896247331237,0.0595849593151228,0.5749771299606723,73.1460430900812,73.1982779920049,0.05223490192369695
104.17961110946734,111.23278856847607,1.940487007925799,0.008761376743362836,0.1734925085739407,7.885212597134938,8.113156959506778,0.22794436237184001
152.64587295196426,146.38644443061753,1.0907185623488305,0.04491704398944665,0.5372107855535092,39.29871740639667,38.95626140701897,0.3424559993776981
69.67327537770649,164.6360202035861,0.36278619449352817,0.05090619841872151,0.22206346394554696,3.3880928208805004e-10,0.0,3.3880928208805004e-10
51.733516411243194,178.29840975515734,0.9777549303060254,0.09719511691153498,0.21773050901501415,1.9464418417581268e-07,0.0,1.9464418417581268e-07
68.48954686786524,51.008135672750676,0.445074364058706,0.06252646122665982,0.18983736075914506,18.89411459658075,18.942591556235772,0.048476959655022966
174.89000564475214,50.83661451122675,1.8393593118537839,0.01860865445008828,0.4644891134912148,126.22114766176227,126.10856167104569,0.11258599071658182
60.95040388558452,55.080678292147326,1.8554346585926393,0.04535544801008073,0.5193345468047106,21.084332347108447,20.672072753365363,0.41225959374308374
122.60265165388903,146.10596805629544,1.3934500897023072,0.03472603562578175,0.30778609035517124,11.695905388260947,11.987812857810656,0.2919074695497095
88.87623765395037,183.77864011213455,1.401997099233416,0.04349670345467377,0.3749481001514502,1.5880094784943797,1.4917768370163067,0.09623264147807298
100.57464996172206,178.2124628896679,0.09209960351425846,0.03409999176925732,0.2765389330042213,9.596649030761059e-12,0.0,9.596649030761059e-12
174.79734113039018,167.55079523969073,1.0659333774899467,0.02687401880042292,0.5656345112489565,45.043476754525514,45.8327549591219,0.7892782045963855
178.17346045482867,169.00366083126042,0.5287797023558013,0.0762042168190133,0.30037415395223577,24.04763871349219,24.459037876257142,0.41139916276495114
122.41283963191078,151.4384197912746,0.32158350686438003,0.061243504239746,0.5219466062430802,6.138834767189323,6.236848926482633,0.09801415929331014
166.36866296556357,166.5118840582741,0.19950438986775265,0.05428795945943138,0.2388045308497633,7.896959889501758,7.053037043905594,0.8439228455961647
50.41527136458692,128.54167311525455,1.7253567851409197,0.042660030952993123,0.4885944317590918,1.9917409887409807,1.7601930681645825,0.23154792057639817
105.94087071323437,183.82712460357254,1.6830398592010263,0.020855602010635466,0.366465113610272,4.520319127677276,4.711567579700315,0.1912484520230393
157.8930293557181,139.69244035221521,0.8328743241393924,0.06617946399382706,0.37321675874871985,35.03425170152234,34.92030702488505,0.11394467663728847
85.2628495400694,142.40684620857806,0.536180031228251,0.029772966715477134,0.4338308150187249,0.8691187319911302,0.7468730020529435,0.12224572993818672
78.57795904811042,191.07981470665328,1.6886525596344193,0.01050584096617534,0.23282241282719493,0.021226488092561224,0.0,0.021226488092561224
126.513891987324,93.98121040373192,0.3171293671508672,0.0005139964377983031,0.33515728336396533,33.052597226088736,33.77332169296043,0.7207244668716939
138.52183890209312,69.40109340891127,0.9317782480133674,0.036252886289159306,0.35521919491763243,71.6291694092284,71.34814125020196,0.28102815902643385
195.78867516706165,105.57984393521879,1.283647815422376,0.08983464606674074,0.5992997222122346,108.05196201872114,107.90000796385279,0.15195405486835512
69.1245636449841,152.00870095601283,0.6471270919738391,0.012126994147274018,0.5189919519239772,0.5024316375521942,0.36024644053316024,0.14218519701903398
116.91924678543751,160.82426406297307,1.7077269125101386,0.08686190927367493,0.507279441626257,23.368113643108586,23.074850373226276,0.2932632698823099
175.7955702182968,87.51241555072923,0.8996217465983597,0.04518628955451157,0.525010449976165,93.57450447089252,93.16727681579582,0.40722765509670467
81.13328287264488,189.84589246317844,1.0469935285521816,0.048294101107799525,0.2134096979551888,0.0007989666434921223,0.0,0.0007989666434921223
149.67685102240736,178.95724460599035,0.157443299438927,0.034062017328720655,0.5548528408465946,4.402549617392886,4.984086455344599,0.5815368379517132
74.42165767648372,135.44107010215384,0.3583945361794131,0.031392667288015944,0.18791871159609155,1.7757494712964312e-07,0.0,1.7757494712964312e-07
77.16070563578315,156.62343124515803,1.096609765482661,0.005288537596311771,0.13116988723648834,4.384836835115862e-07,0.0,4.384836835115862e-07
175.13527772435634,164.5651788226963,1.5364913006215368,0.08679418582454303,0.582592083933849,62.11635185741585,62.298503820384454,0.1821519629686037
67.59491543297234,127.0341540904256,1.4650193197209833,0.0681573771929452,0.1608181130616452,0.016508684542629493,0.04481663724965301,0.02830795270702352
187.03139725294838,58.18184786553577,0.7962086355016488,0.05072744515533764,0.5829718715768347,131.3300095583242,130.56089305745957,0.7691165008646408
184.25223136933164,79.0291842906777,0.938570062346168,0.08677097436102255,0.27041001894304084,111.40561167590641,112.29836774505883,0.8927560691524121
170.1020636458773,146.21520099136245,0.7648853921840547,0.04333625642164514,0.20159172859663874,30.733532631756106,30.348337547516085,0.3851950842400207
56.65959453658852,102.54344303749136,1.8662301862178723,0.03701073859707108,0.21545030963674752,0.32195485162857773,0.53413045121804,0.2121755995894623
93.01740137582463,116.43134214539236,0.978580688308846,0.08536340926265089,0.22484744256627262,3.530889280274291,3.1441434660630456,0.38674581421124543
190.0413444487372,195.9263415983375,1.331297451330486,0.06150935161666685,0.5429317765798869,50.46656874232555,48.97855747116353,1.4880112711620157
164.3176851111191,175.17285037766896,0.9051416099881888,0.07497898341068264,0.5435910938012242,33.78307017604149,33.47306597285191,0.3100042031895782
145.8875510534255,90.69079090420482,0.3658787621661769,0.040548732231599265,0.20884705017322144,56.53248347110805,56.511649754038245,0.020833717069805857
176.83169638310065,186.46121919636593,0.12490299822788699,0.0232348712229851,0.22757264897680876,2.3672408360272144,3.010890672607779,0.6436498365805647
106.99956956642046,107.5648189059324,0.7282998669788338,0.0642762999395896,0.32103356612020906,13.728503817554625,13.310001010818567,0.41850280673605766
111.52890466962931,161.72093151476133,0.28093912277915895,0.012261177856551854,0.5977274651321014,2.553286057606714,2.3682630305161148,0.18502302709059926
106.17074122961128,59.729778966693885,1.3454501064744218,0.050781381905143474,0.33357062781421776,50.97265786944232,51.900850559963914,0.9281926905215911
157.3014457780664,192.8262988641461,1.2391094321517508,0.09297641947243729,0.15063626057944643,5.214910034183589,5.591086454439061,0.37617642025547227
98.89350196927576,161.0825496295586,1.9712160137686319,0.01215718137646511,0.5214188052285901,14.049936610731208,14.141833095491872,0.09189648476066381
80.36079192556434,73.81293380193435,1.4511002643077995,0.08096550026338978,0.26778291297003054,18.479705926911684,17.730176835015115,0.7495290918965694
127.9324397164541,132.73391590998284,0.7858657522776717,0.011312886967860415,0.31284685988403715,12.568158303182564,11.639132087317847,0.9290262158647167
175.09999413926062,97.41390587564848,1.6981417756841748,0.061723343792204954,0.21600894648674848,87.45915804155833,87.59390517752506,0.13474713596673382
198.34840416500742,162.9072374915243,0.7847866224025124,0.00011063199921058643,0.1973474084670279,37.49617593754925,36.78521534903002,0.7109605885192352
154.10675197792204,155.73121745754315,0.7982002940037858,0.007147177826853735,0.24744734545447541,13.230355238227446,13.419505186232808,0.18914994800536178
81.79319166208138,181.7883611293969,1.7383193874049885,0.0454768070401441,0.5178821393733909,5.789863773012414,6.005317222940533,0.21545344992811977
62.37770432312419,112.30398942717176,1.9723009245342153,0.009212709737877856,0.18125629835840487,0.09179980854022696,0.49295824081279704,0.4011584322725701
136.44264810481297,177.41499887219038,0.09600196579847943,0.05818878103811921,0.4785189161329717,0.3868374997906896,0.3848591601990137,0.001978339591675926
85.54498960958037,132.74769520554293,1.4392263000709722,0.07754798549221427,0.5336940746837675,12.201946060462998,11.866068740547647,0.3358773199153511
72.79189271103928,61.664485169058665,1.406603050911232,0.09637301828172085,0.4150327699458918,23.955724152122862,23.254655576380376,0.7010685757424859
160.0236196294905,97.36707330022597,1.405248607046415,0.02398901545505886,0.2512101292787219,66.42599438890585,65.69078940391128,0.7352049849945672
182.52947546355614,168.10541192958294,0.5439754311076235,0.08625697328637695,0.14812107649478698,23.21430273075356,22.66911292698477,0.545189803768789
138.28447175371662,109.70146865973365,1.2336677493412376,0.01726575519389385,0.36797263902635446,38.95207040512918,38.36678413552956,0.5852862695996208
199.45268372818433,198.59931883092437,1.8978826237463875,0.03407658394840769,0.4776982028719321,56.62950165510294,56.24889974941513,0.3806019056878114
141.32902334964183,149.78186274237095,1.0724444831331157,0.08079351682459354,0.3285345803276304,20.87691966303442,20.639660849304498,0.2372588137299232
62.71372185723387,109.89447246372039,1.9085626987940714,0.06296866435280277,0.2840775644174942,1.985610249999084,1.407242409018771,0.578367840980313
154.7216961726285,56.04937832125538,0.4070773195968503,0.09618954751027747,0.10058996721617006,100.82460686301312,100.05376647265868,0.7708403903544365
199.22347601213352,119.50949328844605,0.7969992417972175,0.06457009007508238,0.17794799799837455,85.70982891962355,85.48075260450749,0.2290763151160604
53.03301364453805,81.79373126735229,1.6247655481721992,0.04683124076944926,0.10933152583749825,0.014509200223806085,0.0,0.014509200223806085
122.27583598692648,110.49132113706911,0.8776171632511446,0.03187175927320065,0.266206271989357,20.30254266319936,20.697561139040083,0.3950184758407218
147.4068961421708,58.98733285030329,1.5940712358333242,0.005854907860124015,0.5127943026758838,90.95821899846274,90.54873327839672,0.4094857200660158
157.51665028085762,73.74820047680817,0.5586784184054209,0.03460797605289041,0.4406364304875251,85.28638034321187,85.9456831719561,0.6593028287442309
139.39409149116767,195.55128780777247,1.8535538696227545,0.07456457297484786,0.40758565701139504,20.505548113488395,20.118902967012346,0.38664514647604875
191.61730258000674,168.44864226434777,1.3444499868910378,0.09528459328203433,0.12814761719201864,43.84797684863,43.91709812239402,0.06912127376402566
196.68909527961353,70.34790769345094,1.6428196112173545,0.04893552307548724,0.11033438848369218,131.77525835607332,131.98412007846207,0.20886172238874678
91.53933671206988,57.68988528097332,1.3984402723546474,0.057648162992151364,0.5614899017356911,43.55272177759103,43.017928863350434,0.5347929142405974
167.3425885255339,89.17490802278698,0.3887077919476396,0.042916032081062684,0.30893252396827664,79.64533922224098,80.11003358672102,0.46469436448003876
125.34168677133982,67.17945077524988,1.817795878550928,0.04676201291033141,0.1873881635298056,63.653285146964386,63.65501241638296,0.001727269418573485
145.58108717354816,58.39726557252887,0.09711653642515428,0.09964800623341469,0.314187221526645,87.74623358987454,87.72872629703724,0.01750729283729413
168.80348642446594,112.07242691647247,1.7598329647981872,0.019279983033210747,0.5112312581557117,74.18399469949934,74.42949021236632,0.2454955128669809
80.68548346137194,75.53470079696852,1.6548053065280581,0.0999098929443849,0.505466781910675,27.88274346639315,27.45271232667205,0.43003113972110185
183.9445654845541,162.91376481223722,0.8539665384713531,0.037352930959681556,0.5277877941164819,47.57127910668453,48.17484690060077,0.6035677939162412
82.33446265353763,89.09271978822811,0.9116618480255645,0.06170524349769107,0.4829043479728957,14.259327154540905,13.839286339270423,0.4200408152704824
123.98673121169261,142.90268475670075,0.08299325835403089,0.08045089405831979,0.32936811468184923,0.4353840616889162,0.0,0.4353840616889162
151.08426582094722,194.6105085294551,1.9374220515350227,0.05693049425184015,0.3237271908255025,18.81628721673996,18.646636521182458,0.16965069555750034
189.2162380421385,79.41314092515431,1.8617439262701356,0.04926900973677567,0.5475552913950839,120.68315137112796,120.62410316915633,0.05904820197163474
66.99734088542436,198.46851106386097,1.9337318864273063,0.015834485076125115,0.478559699379117,1.743470434333518,0.7009752677151582,1.0424951666183597
53.54920303013967,172.42665760894494,1.2878311088740593,0.04404189751425508,0.5176214163086764,0.5955463330261805,0.04984288609971088,0.5457034469264697
59.901990524422246,146.22915848193068,0.5383652834193755,0.04709463868816728,0.3209194025281439,0.0006028416876801609,0.0,0.0006028416876801609
153.4070680505222,120.30755145535122,0.7469606265665705,0.08102171509802225,0.3277630176190276,42.856096736796616,42.796440576872925,0.059656159923690666
132.301038463102,96.18458310194188,0.21665245856462423,0.06282570591733198,0.5952831441327364,39.14818454450432,39.28655807128733,0.1383735267830133
60.69568012772681,152.03627349827937,0.3755387509666544,0.008831260668189877,0.2607049344097214,1.2922113433016558e-08,0.0,1.2922113433016558e-08
73.21936918757413,55.262453410751824,0.9077066865646393,0.02224926799001933,0.3594877033669336,21.286489423549654,21.713597777175295,0.42710835362564126
60.07041379762521,69.4913126529615,0.6374917166589931,0.09171377035352958,0.4387003939995169,6.261092247147403,5.0807268002670085,1.1803654468803941
54.34413951219476,120.24058859105713,1.8824463690174038,0.06306953075629412,0.5368426224130025,5.238405296086846,5.981086259624323,0.7426809635374774
136.9676471292684,189.54281779326328,1.589324791908324,0.05734214061420032,0.3568383972923951,13.112937846600552,13.063803062125391,0.04913478447516084
164.52657321495371,153.19790267280172,1.1096266947602624,0.05330918594012527,0.342140449238841,33.56763245842683,34.178003482563376,0.6103710241365476
189.97814628022803,172.913323184707,1.4419654110243885,0.09295032044895507,0.4835927504886697,61.22359384042727,60.416595345293274,0.8069984951339961
156.65149613789436,193.59919609178323,1.0507927802235144,0.06535170704668126,0.2891591877459415,10.077515251113134,9.708852844025106,0.3686624070880278
164.39285808825915,192.58365618721066,0.595134353903686,0.013368717557234634,0.32903016114479555,7.6514435839036,8.371679726563766,0.7202361426601662
72.50598834910008,98.91384313409358,1.2104159275256112,0.09245478878543989,0.3920720887482291,7.178449164260954,7.461477546550906,0.2830283822899524
128.01480682106717,155.66758920840982,1.225835526457721,0.023742676797847185,0.5574411773393837,23.424677480533006,23.189452192367526,0.2352252881654806
113.42052213357772,74.49123750511315,0.9407481987214359,0.0656567667769676,0.2495299482732007,43.57701160468824,42.19263716685056,1.3843744378376783
153.6402551649105,167.68362764557395,0.4029555221215164,0.08994276254148799,0.40045831416384126,12.231121010382665,11.674507331951222,0.556613678431443
67.8336902187285,167.86686627126713,0.42471048014172985,0.0648379758978919,0.3305381087117605,0.00011341832655523826,0.0,0.00011341832655523826
74.97361115950432,168.51656613421653,1.5748096385402561,0.02505744427429615,0.3962936554591383,1.402475648347571,1.1265338211822922,0.27594182716527893
120.2347108540376,66.89838555252842,0.12809553019814846,0.0579924883122175,0.4065963618385118,53.831508811374576,52.953577953757886,0.8779308576166898
175.73954591583134,101.2583096049834,0.2738244854495279,0.004932212888019084,0.5910253971346627,75.22044712136464,74.96492804937132,0.25551907199331936
146.05625148764977,166.00463333139763,0.8225788299038128,0.018448673111063952,0.13851644932139043,1.953609096683632,2.135185747051832,0.18157665036819992
159.84533302614406,84.71696093465269,0.6123276018174765,0.08404136854382999,0.417236038326225,79.6132531492436,79.40348940469798,0.20976374454562574
143.56543514898797,198.23043044292947,1.5786746432518233,0.04754764766430432,0.38166030786530913,14.803733198596326,14.719842979721097,0.0838902188752293
110.10599566435152,53.047918227330264,1.148016096747656,0.0551281882177913,0.18876571056233596,60.31149347124882,60.15117208036071,0.16032139088811448
118.4605786852768,127.6432607291068,1.8933286928072561,0.017984156517622665,0.316508528940725,18.477715391590664,17.79984919724783,0.6778661943428332
137.36438413615772,164.11742506224124,1.2055581236610478,0.00930044512337671,0.30846930446095067,10.049981384917722,9.944143819078835,0.10583756583888615
91.71110595800344,63.57093740523001,0.06663099834355345,0.06471598341901452,0.26677188454518586,28.413702052225872,28.27222981261259,0.14147223961328237
91.09834200973543,136.59186401647543,0.694221727358899,0.06234010063940698,0.21737615235370092,0.16846153280328213,0.08339454517021494,0.08506698763306719
86.1465740394676,70.91938738886488,0.12357977473597737,0.053197101564828514,0.16538984173707946,15.692199708389225,15.96969414375074,0.27749443536151475
54.25156558570977,120.48417471289481,1.6375930500327727,0.006841555397202681,0.534639631863038,3.287094735602521,3.142292588212481,0.14480214739004005
132.94926804615432,111.79818983412079,0.2232365002624498,0.045322102732255246,0.25264219505467667,22.66640402102658,23.04139477155462,0.37499075052804187
59.94805543614672,50.30321372144495,0.6516844887432578,0.04360369730905026,0.3592661528247677,13.273794764702231,12.988962146735087,0.2848326179671439
188.72613197667422,149.5385799597602,0.26575369846511754,0.09707035750778664,0.48606221092788804,46.23703807886176,46.73096775734421,0.49392967848245206
84.62634720674353,139.78431583472343,1.575568154018311,0.09879302557156022,0.46443182017464246,9.76826792919167,9.97095711325921,0.2026891840675411
66.97083209222895,70.24234476279526,1.6127647632352895,0.09150657482173634,0.2395795955845231,11.304169483061607,10.759636760733613,0.5445327223279932
178.69345643999387,119.0737733240698,0.4668894048523929,0.056435897092211466,0.32833277070467803,63.047490166408664,62.33256111974588,0.7149290466627818
117.99198747502452,114.51518983719427,1.0394112104537347,0.016792248841549895,0.1685337301127666,10.917479503907003,10.934055605891874,0.016576101984870917
175.6075217458138,66.5255763681531,0.872654851379109,0.07881813817705752,0.22838469887332016,113.50383143239185,113.22666795503737,0.27716347735447755
54.97592777718893,157.75111483864492,1.4978134682155784,0.04672282140718334,0.21817982210439693,0.0006553566157919358,0.0,0.0006553566157919358
199.10141981028693,173.23738529305038,1.9180876292917302,0.005805577586328248,0.24386657421679306,41.118937189036146,42.44752920525938,1.328592016223233
58.954502695755565,158.64040882284266,0.40475329249388653,0.03767520461730372,0.4672171130866105,0.003895348834497235,0.0897337042794959,0.08583835544499865
152.256305499412,53.01104489369357,1.381283772533812,0.0986578172229817,0.4484213696138746,106.17533693259787,105.90272664507384,0.2726102875240315
93.21231094034613,188.97162519463348,0.3861829560561998,0.08870030635895171,0.3681312585735268,0.014023139391690254,0.24214000616552056,0.2281168667738303
119.72306651609655,144.62699041968264,0.17699665610825216,0.0590295619791409,0.37625356791409104,1.3425663837955177,1.3367882108875406,0.005778172907977108
72.77025996182469,76.66042869761151,0.15330603343427443,0.04226226856463362,0.3638103429704328,2.7451618685375863,2.499638366746815,0.2455235017907711
143.55706045592632,83.49792879318092,0.10286786740246584,0.09585703118427019,0.3696554200664973,60.87843019739098,60.964400167552675,0.08596997016169183
181.2423558137802,149.09312126541084,0.5553745315167313,0.08640312473396528,0.4743330872122702,47.33210555393471,47.362354880616195,0.030249326681484945
125.37745092024869,181.40306628016674,1.9384738457583628,0.09252903948121087,0.22640943468772953,7.248514681965268,7.202070083904076,0.04644459806119272
99.06683840317422,182.61250215847232,0.791593778468016,0.021019206046501083,0.2750453776672085,0.08031109521436963,0.2271391651065926,0.14682806989222297
60.01996961428953,75.10953145626408,0.6791371401607563,0.0831089488895381,0.5809599020312753,7.646242633504865,7.495682990989042,0.1505596425158231
104.2511905440575,149.16162335562439,0.09143568579468778,0.010793319541535708,0.19310553242406833,5.36741182087831e-10,0.0,5.36741182087831e-10
89.91641570438061,171.73343762058923,0.49240838746557974,0.037191729971899457,0.24099093606442898,0.0004990501896958623,0.14766718101019904,0.14716813082050317
170.3862003115046,158.01340774399767,0.41306012439719,0.05735256688759324,0.5654325217636464,32.298438527540355,31.96902815790732,0.3294103696330346
65.61615627931162,181.5428431248083,0.3360587699024457,0.009302688924339676,0.5426651562872893,0.005723735518931239,0.0,0.005723735518931239
192.40855927881748,118.01447819637684,0.33153545212770896,0.06442225298758754,0.1959502827106034,76.88794853736148,76.37538444727596,0.5125640900855188
122.53249736461149,184.97958466688797,1.3617125660497182,0.03552800604974119,0.30454534481328865,4.123526802630906,4.396401184141286,0.27287438151038046
58.59544318107892,139.4917883979209,1.7056675963946741,0.040492161319641076,0.37407474237743654,0.8948876410064699,0.47110803206813756,0.42377960893833233
187.7932458703498,82.63425337321195,0.1962160912744182,0.08537056459796424,0.42987879475882407,106.53170282454826,105.94155648107858,0.5901463434696836
78.42070386264285,153.28418332599438,0.5815734920840607,0.012242940778238355,0.3270480460940186,0.03283131018733321,0.0,0.03283131018733321
195.99900860813977,141.1844292053997,1.397783913552353,0.07595496938398774,0.3023165607893694,72.07085947012709,71.40587748947866,0.6649819806484345
97.46902136228701,147.56632419900865,0.8159911341554165,0.024679263961110944,0.16308370371504297,0.019836098477334918,0.10754635281734437,0.08771025434000945
76.83435381619151,175.65826298107777,1.4927229766974206,0.02361735585333895,0.2480651941261887,0.04827686374259621,0.0,0.04827686374259621
58.65390074996601,111.1619629684129,1.3254099930513086,0.08156171609875573,0.3580909006482411,1.449623239149492,1.3058250877109465,0.14379815143854557
66.44838487875474,55.12485085454222,1.4913635475539688,0.06324474532029033,0.3181282775321582,19.330616046578413,19.485441010109014,0.1548249635306007
75.19069708982954,170.24334313859873,0.5722411865375421,0.09173025754102615,0.25712461212190574,0.00020613365927916062,0.0,0.00020613365927916062
109.24944652588445,118.2118235192924,1.5599271659462357,0.09149986288931565,0.5566828834823528,32.281930465892984,32.62410087215567,0.3421704062626887
146.63893972824127,105.78420118703062,1.0059384031191916,0.04236128741679232,0.5559771165167662,55.400582327957494,55.912500826102125,0.511918498144631
50.98678487941846,146.57537860155466,0.10991891694818168,0.01425531488991979,0.16176188046024895,5.50266971779882e-87,0.0,5.50266971779882e-87
142.3599221335807,180.9702377031947,0.15807108987198973,0.028250132109807737,0.17682660431031996,0.0011835179189785272,0.0,0.0011835179189785272
85.69797314489043,188.57248244033133,1.3344997596853432,0.002991350204326515,0.19267689202904967,0.0014847985937778765,0.0,0.0014847985937778765
66.907409949179,154.09904729464657,1.1372759766632108,0.07505013786210184,0.587485367977071,3.3403629934982284,3.63461989530909,0.2942569018108614
187.18905141506806,177.6410320209943,1.153422369619686,0.09393147850906106,0.528040790040529,54.07942367508393,53.153770782900736,0.9256528921831944
144.59761995130458,130.94730982968503,1.261550459018881,0.0023111147423959255,0.26460626262339126,24.20984407674821,23.331158213862075,0.8786858628861367
71.09849570303548,124.19187863573187,1.3753534338714275,0.03593041907051581,0.34967735483423845,1.9158300580896164,1.9942304839974128,0.07840042590779639
124.14718003019266,83.35920139639006,1.7838787664063471,0.017343345993963557,0.30384611194917477,46.31805495675761,46.108361258729985,0.20969369802762117
64.10318032532456,199.68278403339968,0.633017543505226,0.042688054293679424,0.5874184993570477,0.15033357631326816,0.0,0.15033357631326816
55.80223902441001,75.10813363471848,0.9948437766901588,0.05565359833524476,0.39872559885735215,4.126091892850329,4.066656004659226,0.05943588819110346
117.6106381727431,106.87957691006007,0.28457619300502207,0.04373416440406946,0.5635659912707223,20.205018057994735,19.621696642524732,0.583321415470003
165.18062982856935,155.2185310112993,1.8319101847400947,0.08258814984211542,0.5489389909132508,60.820478192784556,60.18868953916598,0.6317886536185782
139.3820210567407,98.96181242280721,0.31609894617419015,0.029697190281230947,0.48275971690093245,42.79118744847659,42.7755702821504,0.015617166326194365
179.86847694839278,55.92183214818635,0.90283378950601,0.01082437628967331,0.2018199114676366,124.49048550596672,124.28510975940834,0.20537574655837432
199.0314495180271,188.3664435857276,0.29684437095405486,0.03961847487414319,0.12147731442381712,13.908714938447929,14.302039755965296,0.39332481751736736
181.5066195896929,129.37954629942874,1.9467577694765166,0.013557945929132688,0.4148440048212485,69.22658743596185,70.00106425245959,0.7744768164977387
165.52804241662744,123.04401914886601,1.6991247827551519,0.03277185022368725,0.19790259938533336,50.55558208857619,51.425922017289295,0.8703399287131077
56.48816530212483,120.65280973484815,0.470554160055873,0.03335494100487013,0.46181802391782645,0.082119592049548,0.21499501307476265,0.13287542102521466
145.4612513161665,197.59774292319182,1.7893767096358928,0.047628324224707586,0.468957124884985,24.63141671960225,24.116806837058192,0.5146098825440575
146.2888642413979,50.2496681447584,0.4208609442739752,0.025465394665856067,0.2528137686302573,96.574865772071,96.48540534467966,0.08946042739134441
178.97750852983012,101.01833831194575,0.17664978611307663,0.08528949935388476,0.2545181405638832,79.46974212036149,78.93527359382014,0.534468526541346
109.60008263098112,63.2521905796676,0.1432010886691052,0.06681612279501663,0.5088259522154582,46.95868510237432,47.01649252161773,0.05780741924341015
146.34176062385967,69.4470739105416,0.5875981180234124,0.018571035080002518,0.3042204215896328,77.65206086301133,78.0969200061187,0.4448591431073652
120.87501324206293,52.838587038466045,0.27715174252096053,0.07430507812552843,0.1732744639228466,69.11344453594015,69.23294977485136,0.11950523891121634
128.5673554054813,114.28322745827707,0.516786951947316,0.05436898123538976,0.12564342695392608,17.692466456823595,17.19400306789886,0.49846338892473696
143.41402547363558,143.357601429142,0.5168086887782413,0.004508463117370654,0.4060663240497334,16.81581305730304,16.371008904776485,0.4448041525265545
83.29310593414236,184.29940042645867,0.837212185475278,0.05401974807021276,0.3209925308082806,0.06044142331821167,0.0,0.06044142331821167
99.8759457241928,128.70081285992308,0.9661491070224266,0.04534995520690699,0.1516974658887009,0.596410860226273,1.2498826501201918,0.6534717898939189
126.02404493263246,80.8731159927746,1.2328242622698562,0.0822525666808164,0.5109097418661968,57.71335249957707,57.531487484376385,0.18186501520068532
154.0258136534091,131.25521072338006,0.8450783622336157,0.08928153771477132,0.3984476681083695,40.12365535113524,40.307949079942304,0.18429372880706296
114.6807877669737,102.7369147608891,1.2059972000642845,0.0279549393651928,0.46216943618757045,29.94469654377162,30.040858012658827,0.09616146888720678
58.98019209651905,77.52064926342997,1.9202360651853168,0.028573342849591968,0.11138343626395605,0.3590613511292169,0.7813489427682825,0.4222875916390656
164.60565138975898,86.73092010784345,0.5943302400443576,0.021902302017665076,0.3076691499130859,79.02105944442185,79.63904847697529,0.6179890325534387
148.25197724028882,120.95671484087737,0.44084267619356576,0.09356651099966856,0.2619166384601693,33.00395259206252,33.730186336251506,0.7262337441889883
63.23439026800483,122.39018897040145,0.7590949402142935,0.08260616625656136,0.548567503411961,2.0195580827147683,1.2791386464426466,0.7404194362721217
133.55404120811465,87.11964081607417,1.7314022415646375,0.0981637407607862,0.30318896993913846,61.20133306932355,60.55735919085848,0.6439738784650757
172.94632619918482,155.7997067058386,1.1037573635186309,0.09073172064344232,0.5065110344650405,51.2641556946426,51.43577262828107,0.1716169336384752
50.66735372132945,141.45150300168268,1.3648617836138033,0.05016395511538703,0.13409477146814056,9.51718021502974e-10,0.0,9.51718021502974e-10
118.88046847761795,137.16996966055729,0.13573633628875809,0.0018896834811932828,0.26388619875339103,0.3897208523617923,0.32111874668041196,0.06860210568138037
65.55745930002439,126.58298108819004,1.6561969328299153,0.07462893352728735,0.11666999900195416,0.0005922339738300055,0.0,0.0005922339738300055
52.5828339736467,98.84941545054697,1.9268074488153484,0.09725890396741187,0.5731518076004112,9.04604820936817,7.670004213364706,1.3760439960034638
116.91093393803392,132.46448532323683,1.1251899372415057,0.08909782863420551,0.42160245949284236,19.51644490043416,19.409529238707854,0.10691566172630473
60.62476949560088,155.12740260654866,0.9054342942431723,0.08131821401495147,0.40854137605887353,0.16169034787793057,0.20886779113248366,0.047177443254553086
154.49068113768556,154.02607508173895,0.22531708643784543,0.0012794102379029672,0.41302780610329703,12.300390960720122,12.074602682878037,0.225788277842085
139.28192606200577,88.30373385279412,1.5556053796011655,0.050177397677325646,0.4635473713585324,63.391280108681656,63.38801784247492,0.0032622662067325336
50.36589206079011,135.91933877117788,1.9951572561922575,0.006208954848649373,0.3659289724409065,0.4617639956034183,0.7206102225429092,0.2588462269394909
184.32568657953266,170.42108656255152,0.08732046844855372,0.050774403283970974,0.49615669392533646,19.27806474000667,20.925489089209947,1.647424349203277
109.95227510729868,55.8010156289059,1.8302828453985673,0.04413471641953986,0.20729091477341713,58.503264234979426,58.57025951438839,0.06699527940896388
54.50818681417682,87.90425916458605,0.2978440406153085,0.0866167893366503,0.5047499139023202,0.3939430872889469,0.2898402411092036,0.1041028461797433
191.36451643312495,172.02463653356932,1.9352643705120882,0.03305968069886752,0.5500886765919268,68.79090371693445,68.45113507298575,0.33976864394870177
173.39097458443229,69.77780682611741,1.139089176293887,0.002430202345412902,0.3533063143454249,103.9101882453688,103.81213862941789,0.098049615950913
155.75124149487922,153.08012102084058,0.1178427778467992,0.01746279361736498,0.5348685333922395,12.838968188764724,12.630926211383144,0.2080419773815798
159.9241159555898,67.52477883532922,0.3209704229653616,0.0017970762029356103,0.14498854042629242,92.4382747429016,91.6175449538072,0.8207297890944005
135.21912064232558,105.09978730768628,1.2700931788352037,0.05747394283796871,0.4116987982477667,45.01736316122671,45.829437083586924,0.8120739223602129
50.39438900892764,134.12386237616212,0.7172355611655422,0.0072369135936869895,0.4878537604139357,0.10311366084880447,0.04431794179122761,0.058795719057576856
157.637570583042,162.68096345656798,0.6841042807465411,0.03788793497514734,0.5909508525672758,30.08171007682901,29.837439281344643,0.24427079548436836
164.54508677134527,111.0730243494258,1.8757844913103487,0.062489555984508505,0.16079465215066976,65.85497800351929,66.32413012622581,0.46915212270651807
135.60959091803693,71.7243322571194,0.48463960373755954,0.00329592322188107,0.481277612111382,64.35531728995996,64.32230904375048,0.03300824620947651
189.3863366009225,107.40441798537628,0.602691806941227,0.050825711808157675,0.150179910358987,85.2220769654179,85.90392130148807,0.6818443360701707
126.38139346154308,176.05452090952167,0.9206188412249614,0.051378363756983486,0.16566661823426362,0.33998789398489837,0.0,0.33998789398489837
77.96553319267518,177.39590937305036,1.7219822599675076,0.00032904049539576045,0.2948681946763748,0.27183837979310055,0.0,0.27183837979310055
74.00797989067135,74.88847434618202,1.2358076471163357,0.07035395239265084,0.3816226325277928,14.84469278735994,14.810341748854896,0.03435103850504362
169.61807451028852,57.326641883383026,1.518655704549943,0.022323107744809858,0.472456703197512,114.77332922689087,114.67465144011207,0.09867778677879357
194.67783292088026,81.40879403929456,0.6272980166716245,0.04514757071732037,0.5730949942870878,116.03258777402775,115.83006933785255,0.20251843617519683
168.03222521204003,149.81919937818287,0.27974866592812137,0.004437730726317313,0.5531293142867064,29.09182387687372,28.85661972961996,0.23520414725375716
178.95204518629805,65.33101888982866,0.5656260768915677,0.028047347849808515,0.49275745277869576,114.68315314540067,115.0504562219954,0.3673030765947374
62.681371635358744,192.61703861826885,1.8026211132462793,0.04232383178769631,0.22284746506922679,0.0018531154867422635,0.19813495038091844,0.19628183489417617
140.31333193729637,122.9593806219207,1.8547767287464425,0.06935844083177563,0.1123837200941317,32.538207524450556,33.398817959978544,0.8606104355279882
107.79706307714474,157.7113505546727,0.5763997006490035,0.07878544911296076,0.22465070633150078,0.20217829161187373,0.3045793417940317,0.10240105018215795
179.8735258955477,174.7557836036268,0.1319141481831805,0.033489518047573566,0.4699011800889742,15.20345651379003,15.37333697128484,0.16988045749480918
196.58832743658414,156.30296400254457,1.1734526201102553,0.07273035511148739,0.5978773542682365,74.49468988978688,73.78129895426694,0.7133909355199393
102.81241919513883,124.8638917822277,1.6927065255693539,0.030718871971939832,0.35409615609235856,13.235904034200807,12.713715266154214,0.5221887680465933
129.20549712685482,79.57301081183849,1.460102415439916,0.08855605701360696,0.4748737466418278,63.148677376688774,62.78894694077124,0.35973043591753395
117.72755903439987,183.36169706912784,0.8670750335801268,0.030835843242207395,0.494671373912694,6.551505114639841,6.559466254694161,0.007961140054320026
191.44111367180565,68.02371822875598,1.988051476568052,0.045884896751212205,0.32927087996513493,129.47279840176552,128.85859152566894,0.6142068760965742
168.11663251080387,112.19751669882527,0.19606016318570663,0.08621915662300748,0.5062886962198121,58.154105092424956,58.03273094681659,0.1213741456083639
71.30796449646546,131.4299632823839,1.6201004795898506,0.02043744852089915,0.18409811066838497,0.04905121601821938,0.04168189372526854,0.007369322292950842
156.0018824713726,189.7896916891435,1.78320376762865,0.05322722111898748,0.4837001334114054,33.803454956659145,34.2059286666717,0.4024737100125577
121.021310299149,98.81668596022047,1.4245003717436937,0.020745902009592344,0.5873510039099066,43.812356051593596,44.01319400712441,0.2008379555308153
198.86205259668995,156.86734705886437,1.7031242639867015,0.0665506538007164,0.5041503203944764,78.86198412950837,78.792339686237,0.06964444327137187
75.9480212074224,196.22396122017634,1.495939614576046,0.06658493786925145,0.18033147792411228,0.00034730389528067444,0.14767444180039035,0.14732713790510968
190.94629510127007,98.93076536718718,1.3771619267478943,0.008860885942178499,0.24790976538184792,93.35877854883371,93.72220106413349,0.3634225152997743
50.8596351069682,164.11550834695458,1.243707649187273,0.05728784194683918,0.26385545079456374,0.0005656162879631608,0.0,0.0005656162879631608
143.031364808882,60.47381595742667,0.32941363236948157,0.07230018862674083,0.5230659179116408,83.99340134664223,82.78574483225796,1.2076565143842686
110.56590848586528,146.32327365429293,1.748623567914413,0.007817418612167282,0.13957892869592473,0.7729566354073238,0.1315636819481938,0.64139295345913
163.6315949899862,79.58187855575073,0.11511803863251627,0.020450807400793403,0.20859638368728403,84.23685224656485,84.13247985274967,0.10437239381518282
194.70162469085906,174.88098780104323,0.1757452371983625,0.011210664434376107,0.22908538647794155,21.289298520480457,21.6221845808427,0.33288606036224166
128.93119467485246,194.5426158905065,1.8391200305725621,0.06851427650946505,0.5693904987894021,26.737689154234296,25.81676868578526,0.9209204684490366
97.79962018264041,147.49197253022413,1.6519546173254567,0.03504919624974201,0.5245368035785856,14.56294916701873,14.437300615593987,0.1256485514247423
112.42425201009362,141.84463664674678,1.198985072309218,0.05718648797028484,0.5292826564042464,18.981521037769383,18.331160815980756,0.6503602217886275
140.72368371142386,178.93929963527717,0.29931563187112803,0.016870366195630936,0.3036040899122072,0.9283091894506406,0.561108244721801,0.3672009447288396
137.84493260030013,118.0292140530842,0.35999279634121245,0.08050760883225988,0.4872218890355742,29.054659238145476,28.181266510233485,0.8733927279119911
80.13470019217203,167.34266262132644,1.7516084979579778,0.06743513129169326,0.46154320441483887,5.270300263615528,5.463957517368424,0.193657253752896
69.59678840385536,75.90938246551308,1.8458049802190275,0.07368611378302466,0.2441858932028542,10.716533855864206,10.285273989440899,0.43125986642330716
179.96924323218389,66.99949123511935,1.7485381793454944,0.00015117773121836597,0.11042739354238815,112.98746030432041,112.7480967992846,0.23936350503581139
138.764268573773,74.28286048745784,0.26411301028911105,0.08208977850721223,0.21215930895417032,66.0745998054499,66.3964602403857,0.3218604349357861
149.69837691273193,177.21772578948992,0.8367646070180941,0.04025458034201616,0.2889782058644178,8.194714844179039,8.40218026803991,0.20746542386087086
115.90250927843375,130.53804551454033,1.8941140310100386,0.0742561006135571,0.14854667610773217,10.63355821892187,10.784608294526354,0.15105007560448414
102.92027455419606,109.02048032267194,1.473362337083505,0.013969545825223896,0.13399136354712463,5.031363379532323,5.231732362195672,0.20036898266334902
63.52954355121834,86.93248902990706,0.24488890833785076,0.003926528260592222,0.3025564869178565,0.07413411935400882,0.12093864286138256,0.04680452350737374
86.68672241738552,143.50267195830185,1.9110047248698936,0.07035663021766761,0.41611505364163437,9.224694709929228,9.100232434045285,0.12446227588394265
158.02106713494607,128.4605892386038,1.6674978916503593,0.06537634268823803,0.46281243065045063,57.720910752439494,58.49922554770473,0.7783147952652385
66.72552576887588,153.4232036922245,0.6374124305312221,0.03791741595900823,0.231449798065426,2.3374540014226963e-05,0.0,2.3374540014226963e-05
188.85459001543768,165.19263906397344,1.8635043589901399,0.0652168371716696,0.28217676888582255,52.201036140620886,51.64720591273651,0.5538302278843759
146.33786278519904,183.22375336203558,1.23203068765228,0.004317686284855027,0.40413812424671225,14.54821114257961,14.562951840148283,0.0147406975686728
83.30961290382706,75.02797302756134,0.39024254516735063,0.04198431598121164,0.5541756478109412,16.192543902100134,16.101641485556012,0.09090241654412168
110.15846958995796,189.83600384713338,1.6171307542115636,0.011634859231608686,0.5489421401366829,12.605736470253635,13.235853981146679,0.6301175108930437
88.27797684403131,108.67704723011155,1.0469098130979713,0.025386020099905572,0.1555240053415929,0.9737175581210362,1.4114757382519159,0.43775818013087964
176.73917705000952,91.04727165865447,0.6858006862939664,0.08057606467015543,0.27465832495483467,90.59262507309418,90.75724824211645,0.16462316902226348
61.58336336280018,88.90172706222391,0.2881240085842825,0.05525608467643185,0.3339267769204478,0.12405899450612234,0.0,0.12405899450612234
101.72987046879467,155.07226961030022,0.3253251206277846,0.06471346329423201,0.11778910602366574,1.662234130063663e-09,0.0,1.662234130063663e-09
193.18517703092218,178.00965968581943,0.1535242495791927,0.017136138479209286,0.3478339373475978,19.761443565715282,19.205098841530376,0.5563447241849069
147.38497328679634,196.46487776350065,1.7560520081328759,0.024244587983532795,0.32123817497830187,12.30158907241966,12.31764115107391,0.01605207865425129
99.2849526311678,140.93378220736332,1.0422669951485386,0.09233496595392705,0.5886735646945175,14.761395557560668,14.149981681739085,0.611413875821583
144.34220257441658,99.3964118816303,0.11377326411563905,0.0686695483281943,0.32245384333769234,45.72007739258538,44.34480495144447,1.3752724411409076
181.49858672524417,74.35963129691781,1.4139402530980176,0.04109270517690074,0.273094098092588,111.35421400310098,111.8142037060706,0.45998970296962227
159.01169151275118,190.4150293511297,0.5195952533995337,0.08455903100804536,0.55905967275407,17.156639279028717,16.25142122846364,0.9052180505650753
79.17824367815541,50.21645114901524,1.2553620585365681,0.006554128356918288,0.10176700758730148,29.37330665427036,28.539272540197594,0.8340341140727645
126.87374217294028,174.02555188166986,1.8714905923623304,0.08944663889002315,0.3764831318317381,18.808631611098413,18.37297838242511,0.4356532286733028
90.54637683071434,85.50546999252872,1.8857557448728055,0.002085877814595516,0.5129550462697102,26.964328507355667,26.8002809567966,0.1640475505590686
63.675430329912864,198.78568772818446,0.9448350046764674,0.0878976200081919,0.5778272258063207,0.68629811414058,0.7294432404800091,0.04314512633942913
130.4770785580482,150.44880043586568,0.8053523001911095,0.07062461250520656,0.4767412569532641,17.71430211824562,17.499553219635438,0.21474889861018198
56.32902901775203,71.59723179376033,0.15816536326767908,0.021311586840181175,0.46936831124381884,0.5762157367093037,1.004804895744634,0.42858915903533035
125.13030942901534,54.83435799735134,1.8816494885199795,0.08210646643910989,0.18616334467488274,78.14592348803633,78.60795296938578,0.46202948134944677
110.10527785233593,96.77817618754237,1.1896564248938262,0.042909986049041386,0.5765432339775322,34.985716288597466,35.637435773782784,0.6517194851853176
116.72536389227928,159.45182746251064,0.8985364292680393,0.06108016971865146,0.3837930771129683,6.75989478504831,7.106161360397145,0.3462665753488352
72.45338367171962,178.89464663210845,0.48257791744449646,0.007244944909186535,0.4834511346417497,0.0425554598947237,0.14100730081037227,0.09845184091564857
183.48485106084965,187.77633266111764,0.2577175186623858,0.0030329700041656807,0.45411080935498904,15.03502758163414,14.763917565630319,0.2711100160038207
179.42279377391782,189.38470783818562,1.5017572330857842,0.08442062447198584,0.28669245201980276,30.94591207147984,31.31696196603439,0.3710498945545524
56.65113838831645,51.46509638536897,0.46850235567762816,0.09309683321546817,0.5927808287382118,12.696691537395136,12.204690169818004,0.49200136757713153
151.86700498581018,64.39207463157243,0.9281184376737727,0.09577698902918778,0.14551743866667202,92.95186098431356,91.97359237803703,0.9782686062765293
170.8985873578307,151.82103607744403,1.0125281799301635,0.0079343649737583,0.4035028575514009,37.231177233426635,37.13589815100822,0.09527908241841487
50.59152363284168,140.27343545150904,1.557670188187132,0.07809233703377279,0.5956661133198518,3.103564850183316,2.756076250972974,0.34748859921034203
63.966399628779634,112.52538657189842,0.2351062742030629,0.00358915514873297,0.43409828376830095,0.02014191609843352,0.06260640280155627,0.04246448670312275
64.11079446340938,178.6601354427547,1.0899496357574545,0.048146351621659436,0.4691846536616314,0.44064230971854323,0.0,0.44064230971854323
121.1850278686497,167.70318878762833,1.638716124652719,0.06093542930494558,0.33923649232154285,11.185724331988744,10.84217326106451,0.3435510709242351
114.46660992612118,189.70671860166118,1.802306860214591,0.06455011980969085,0.5439386018855126,18.43560586153113,18.537593422106056,0.1019875605749263
66.12863650576672,70.93256790862091,1.832192873282868,0.08534496588989235,0.36887645289801774,15.412263759938778,14.772429529606622,0.6398342303321556
157.2965261052417,146.2068018784674,0.8920748217894202,0.041188647919767035,0.2010548111718329,21.29041714380007,21.7632914832457,0.47287433944562807
139.7251820061162,81.02850417925833,1.6825667721240434,0.01736837275721478,0.12733492170746255,61.031456629992434,60.78320299618166,0.24825363381077636
135.11721703239851,163.7606287939572,0.4411252185566037,0.04186538052295218,0.47355666739826663,8.384907664959094,7.833906552034158,0.5510011129249364
99.44772084045215,185.89333131732215,0.6559618081131722,0.07767170116092581,0.3321496885074443,0.20723581600641738,0.7623985146360894,0.555162698629672
147.47699023322298,171.39648467801567,0.3365882535881705,0.03376741302623742,0.2854187729695271,2.9297245520561397,2.561410090038077,0.3683144620180627
140.72782881570913,118.81034534620031,1.5663145569968593,0.06368828322085113,0.24282414512975806,37.026971223785,37.39172533765331,0.36475411386831524
86.15516835855374,80.10864310241054,0.5486930553602547,0.09705995457163952,0.4823240274718309,17.291275037038822,17.281627249397047,0.009647787641775096
194.70337699728682,196.33830487500552,1.7622831008613913,0.032693471269471024,0.21180868271126788,26.247402722242256,27.16518270533501,0.9177799830927533
129.57126848849487,105.88279325730196,0.503471708017382,0.05413121943826872,0.37664284789001157,29.86783022017812,30.45424148869312,0.5864112685150005
104.8254947332036,77.55740437051918,1.426421459134886,0.005495020627462422,0.3215121793120258,31.938326827794803,32.250366975104484,0.31204014730968055
115.61669007498755,127.05155743397762,0.4990439003100194,0.0708465513606663,0.4552926401433708,11.96196074759942,12.046463102984756,0.0845023553853359
80.23842662935446,58.9026450078264,1.5462826197780712,0.013511677733281192,0.3270281788735261,25.772743478890234,24.97587063746157,0.7968728414286659
127.05778117505808,139.01165157457612,1.733726804812024,0.008411754139440874,0.591892677386645,35.24099921092385,34.85220516009591,0.38879405082793994
123.64489775441207,130.5970263336934,1.1127141968930714,0.06715994833838071,0.3929692021567214,21.3495304774124,20.610842079614834,0.7386883977975671
103.31910704998941,143.33738355943495,1.9726791546842548,0.029023064689898972,0.11163998725954208,0.3200317211174726,0.298679178535906,0.021352542581566603
115.05177303864019,195.13531337761802,1.9120247652605715,0.09416599450660679,0.5497490499873675,21.19513911701094,20.388407438467645,0.8067316785432936
113.15009794015515,157.0981544098578,0.7536793369251756,0.014535065162309558,0.18184257541182233,0.17292631157847937,0.15462380154285427,0.018302510035625108
175.2441793262524,98.40138452175262,1.7459105463812727,0.06239440487647463,0.40779357068430266,90.1479507311453,90.21829215594504,0.07034142479973582
86.46742466515283,80.26307643111903,0.8485932709188001,0.014033390250706934,0.3831680082333987,15.531165775515625,14.872692893185107,0.6584728823305177
198.07794980625408,194.07059555525427,0.9395438087861934,0.016020519595250204,0.2557767508915758,22.849347725295118,23.161910562778573,0.3125628374834548
190.55771460057602,166.10224325594004,0.9590225755374183,0.09021441254387855,0.561347451493983,59.188792636462225,59.64291517522448,0.45412253876225606
120.62682403987611,96.05952065423244,1.9450956340692256,0.040274380263993596,0.5662812242105087,50.30249096376774,51.23789925439408,0.9354082906263415
109.23505879867828,106.16899390892344,1.5929791665811883,0.055663966247686936,0.36268592360176877,25.317044455968677,24.923777782434627,0.3932666735340504
65.99248615494304,153.16077733773668,1.6120737419037914,0.0984987156635754,0.5153924153050696,4.495582146444768,4.349785615092031,0.14579653135273674
125.02657284155191,81.08451098582499,1.7239776121995007,0.003469016672873859,0.17275373265894842,44.65383014745386,44.76679412816128,0.11296398070741986
52.1458457732688,76.34461864145024,1.8156381371733228,0.09802315408877033,0.45036084108579255,8.70045695159913,8.207491679888708,0.49296527171042115
178.48627657237859,131.33749928922353,0.1734478014873308,0.04535895248578259,0.5020883995472074,49.09929997874397,48.610436955090336,0.48886302365363576
170.99886964053456,120.0284559766245,0.963203865868633,0.09128783140810104,0.1419018509828963,61.07758214689689,60.59757492546327,0.48000722143361685
191.3895481767894,60.28666742118631,1.7103277873989746,0.024369140588612816,0.1384657446131903,133.56393819282053,132.97156780227527,0.5923703905452555
54.737199603949776,157.668883023047,0.8892397530642047,0.0689910703160041,0.49905925577526267,0.25543639920185846,0.07122980895659481,0.18420659024526365
74.17150456149497,89.97930183311104,1.6125841031692347,0.05138175986827975,0.34869850473371744,9.84543833698871,9.5907897712517,0.25464856573701056
169.34066321735054,118.67048105948872,0.32808067560606236,0.01997088801101279,0.2396396684746173,51.470256590399615,51.821957045756065,0.35170045535645045
180.02630936208138,106.23849203089337,0.9895205850212772,0.0801510840648705,0.12246728973876317,81.88824234737523,81.69942081013542,0.18882153723980366
52.706761759142054,89.12271595542178,0.5365587285106017,0.09090449463927366,0.1285527258280547,2.4315147540258873e-07,0.0,2.4315147540258873e-07
175.74853869438599,136.2310786696558,0.49920298013315173,0.03970666092383225,0.17523861052237558,42.27932293103652,41.331492244600945,0.947830686435573
103.11365969693466,82.21122123046779,1.3279055890293667,0.07927514097623256,0.24665137161464143,30.595443281001906,30.038227501444112,0.5572157795577937
164.53456457113663,107.76448738117766,0.9968835420003902,0.06593999964752258,0.24519277777051154,63.894463606798894,62.96243840371711,0.9320252030817855
68.57655229150562,84.86647729120367,0.27395069315721843,0.007364462660060845,0.2915147044327089,0.44110573966238587,0.11253138088378023,0.32857435877860564
135.7762964781664,104.55657770734236,0.3103558533851738,0.015807327496437262,0.1416953787722771,31.732311658547644,31.790319428630372,0.05800777008272817
146.3771790228148,158.83041680028066,1.7530691986001095,0.0414193820083706,0.5177304546965287,38.77693099379489,39.16098004633541,0.3840490525405187
176.6811560763795,178.91027707754182,1.225845490707175,0.053881650868987545,0.46387309513251285,39.66194024970463,40.1687750789398,0.5068348292351743
183.28953557139323,129.71564938022811,1.2697639454698626,0.07304449452467282,0.33474406470530593,68.38714908772296,68.25672794062771,0.1304211470952481
152.38396901487496,196.89375305244874,0.3711106331968225,0.05372700803288199,0.1780877432240335,0.09658085824942653,0.0,0.09658085824942653
90.2631826941929,157.68030111635346,1.190990106321367,0.06875477409152912,0.4994572099491347,6.436225368733034,6.430330833303874,0.005894535429160186
195.81052656963286,109.04159461462993,0.23119671181844276,0.027885411192443966,0.5552296705241455,87.64941779008377,86.96758458793443,0.681833202149349
126.56250725899343,174.02041248546152,0.24771403383570811,0.06695182844304272,0.5642837532195359,2.961703282445928,3.487921954772254,0.5262186723263262
142.52419720273633,186.72327921138563,0.9130972361384765,0.023973518017751452,0.22113556884189436,2.0067516695669525,2.1292441948821796,0.12249252531522714
109.47557700870458,109.76778950359102,0.7809277823309788,0.02891878053813607,0.1070916239450225,5.260609142848217,4.580107643233781,0.6805014996144365
128.06518089067114,172.43529343782726,1.0171497339469613,0.05934731962630732,0.5034130780758892,14.99525591460145,14.651448037066757,0.3438078775346938
178.21467742162696,130.36894387886366,1.975398171607068,0.08489414300015377,0.41457717423104057,77.14308986173468,77.59985515673856,0.4567652950038763
185.54460186292118,163.29023691654317,1.017785584196668,0.026675020983203103,0.2947240242111906,36.34415280332033,36.10491081103762,0.23924199228270737
92.47558042002251,163.51619693529298,1.2691606662894699,0.08608589420141814,0.5177142112268966,8.104487098759506,7.82172491718044,0.2827621815790664
83.46684847814421,77.90426917937047,1.555640988972884,0.05452472962655583,0.5062089944738224,25.701744508504703,25.41069118933862,0.2910533191660818
67.9265847294792,53.01893042870559,0.9417194739408166,0.004511401953525884,0.13953614414965268,15.231327928925403,15.341687918047217,0.11035998912181455
124.04147942179344,171.48704589659818,1.718631727925389,0.08370037146715965,0.476805188268248,22.53193188749895,22.040615652464442,0.49131623503450683
195.79915140526555,196.6683019190124,1.1086704949788002,0.02981474421613478,0.34362371086045906,30.560576654736693,31.082000062028694,0.5214234072920014
133.93093110514164,50.18722041860563,0.6557553958209653,0.06821389457378534,0.1283462331905201,85.93919692411106,85.95270963673636,0.013512712625299628
149.95316406489934,61.090394642026354,1.808559597236022,0.0695101396287932,0.26281812629931856,96.09671427518138,95.17492473637643,0.9217895388049584
55.908258553222,183.7385008466622,1.7425169789499138,0.04960566794362206,0.5885393665690437,2.506505838748039,2.7778523059372837,0.27134646718924493
164.24885947927,110.99864123926032,0.25869825246886075,0.056956596292749885,0.18237632332707662,54.87376050988574,54.93193137035189,0.05817086046614861
105.5674386796922,124.73095419176805,1.4221260985680426,0.0019448302971667665,0.31482773810448805,9.296564945597481,8.853433143104517,0.4431318024929638
161.8033497920395,51.145292595971995,1.3703574549216575,0.005494268768618327,0.27682142553243383,111.04293451735157,109.60258853831094,1.4403459790406288
140.86695686808406,171.44122148917452,0.9509218996903973,0.07554152722138519,0.22962741458730215,6.054578389272379,6.01205500144696,0.04252338782541898
166.94848229220452,81.27055174145879,0.5674881654747228,0.058646924721429176,0.5395206677689044,88.90983025604719,89.18520501381123,0.2753747577640411
132.25164284388455,139.79201060472505,0.6589685864871776,0.07167046958360278,0.3085261350926357,12.695232085512025,12.683285369820922,0.011946715691102838
117.4403951169318,70.7432521414573,1.3115637212465425,0.009131167862776901,0.5703534052081161,54.503258758813324,54.49418839167417,0.009070367139152324
87.64470622447655,81.78488903347701,1.2183643778159572,0.09102635122221482,0.2625695057600118,18.20458428983271,17.790471388478434,0.4141129013542759
91.43692115508674,72.68017968587226,0.9776342996876267,0.07677875247046353,0.5731553054751248,32.1378690740917,32.36686062067788,0.2289915465861867
111.45382747918512,108.87407674875368,1.38821969676263,0.054015145556923876,0.3165065528342075,21.472792064370793,20.703988182071043,0.7688038822997498
177.01801234984362,121.58944354406175,0.5397447206282784,0.08146873734789618,0.5222027338398831,64.43956363117766,64.39184945718145,0.04771417399621214
106.58780109743577,127.32775606683491,1.6654595877842782,0.030797864209555128,0.40308776377352273,16.831576929249728,16.473717742619538,0.3578591866301899
169.21258376263577,65.10927422435952,0.6105901854746992,0.0389511448929884,0.16731479384537293,105.63354648343679,105.46783809493779,0.16570838849899872
60.29147265804408,99.7473198645977,1.2478848444927724,0.010688995263786883,0.3598193714598479,1.6467106852300128,1.5645583792214595,0.08215230600855339
150.26328744970257,195.30336353299458,0.28470731164132157,0.03729501531745349,0.514457047396501,4.532108154549626,4.05435727654724,0.4777508780023858
59.06953608880474,60.21828897487316,0.8851308256361129,0.06412931377896676,0.39656717881689363,9.710432495936043,9.139607176663013,0.5708253192730304
100.14101175715726,90.20742301430451,1.9482901215725807,0.05701862754044123,0.4284716700409018,32.287700161916405,31.856475740701754,0.431224421214651
183.12683228028862,57.85363514545235,1.9254132072555503,0.07904429969781308,0.280563040280878,133.4446539456984,132.63246579686,0.812188148838402
97.57083392340729,102.48047241172097,1.1010426968919322,0.018126397782002004,0.16608715069066707,5.528600277312911,5.163879381122456,0.36472089619045533
177.30030307209938,173.25979235606258,0.3247789932384177,0.08570249515108318,0.463326837266391,22.893116201439156,22.262035466302002,0.6310807351371537
116.98950351762618,177.0593973874524,0.4430532920644392,0.09624651294257451,0.3091214346845441,0.4051859283575805,0.0909140111942861,0.3142719171632944
120.21280721833898,183.41196793813728,1.46598949115332,0.07837728777587599,0.4957950245702698,15.955534510771876,16.59588637434085,0.6403518635689736
173.085600456547,140.88762096543445,1.359759562142456,0.05348467081699487,0.2948813845126118,48.14168755360592,48.46267173127174,0.3209841776658209
97.67309420982903,188.66635309475802,0.5782020952465964,0.05472162751082038,0.3899937539923747,0.24484815459374065,0.0,0.24484815459374065
76.41461439025882,113.4473425638365,1.725199807817909,0.03657571803525922,0.35260815724976946,5.712262815230126,5.7760156538074305,0.06375283857730452
146.90296542414154,199.6334515291674,1.54486113855876,0.08706478080154305,0.42805654001811666,21.613647252104293,21.40240692193573,0.21124033016856458
115.5407195292768,166.19349195005296,1.8375772728256863,0.06397651034827621,0.22802995571253223,4.857432696290147,4.512047328338166,0.34538536795198027
72.01636317329456,182.63314174891497,1.0040633948658673,0.03849545895544685,0.18292977880217312,2.234070703106299e-06,0.0,2.234070703106299e-06
126.38166979338473,153.98831311212598,1.6404055400472988,0.06554123780421549,0.3888553119514443,20.48498100975226,19.64166242970994,0.8433185800423217
196.38463105518446,93.90375031996084,0.5483285774531069,0.012104195503577365,0.21817239406104336,103.10207226563082,102.4788982592846,0.6231740063462183
137.4023692596138,118.3525927508287,0.7867793460965999,0.08083816201736232,0.4196091765970372,34.38465728980161,34.19135093775499,0.19330635204661917
195.55042870692418,195.92887539455887,0.14205579421705947,0.07927364528871378,0.5900609340464733,18.15665001333366,21.630446926724353,3.473796913390693
136.804323826084,134.58461519034165,1.7727108606517021,0.08972753136147464,0.41582851914776275,39.76722557539117,38.897547233387876,0.8696783420032972
72.81183915229276,187.24452293828145,0.9857849496041403,0.035496012133330535,0.1849784445475328,1.4471791388633923e-06,0.0,1.4471791388633923e-06
135.20155238801019,176.9774039882759,1.9414804352260397,0.054242233545579305,0.24711139555006342,10.294532603844601,9.912051323121677,0.3824812807229243
57.9987627400011,188.1048543442823,1.0040194719046729,0.09628115641547719,0.3759358931687413,0.022409910302933517,0.0,0.022409910302933517
153.63547713312872,93.01715067867316,0.6670032987080756,0.04408878462823251,0.5998605479197932,67.31943689340582,66.47654275988901,0.8428941335168076
111.69211289312395,144.48383553429358,0.922933015541141,0.010052897678931805,0.11891946592867028,0.07632059622643217,0.3708477554336653,0.29452715920723316
78.5650586043862,179.92117008859924,0.6075895445928764,0.04161285037925355,0.4063084473331646,0.06583463064097106,0.0,0.06583463064097106
156.4441236745679,50.25114745668319,0.9968469536881607,0.053088711655693226,0.25862075773650284,108.78319925694478,106.677650616677,2.1055486402677843
60.9284676883555,141.3724735148466,0.4946277926654376,0.05059079213755632,0.26760355339160635,2.587776131844925e-05,0.0,2.587776131844925e-05
51.77952926612412,105.8959588323769,0.6401247845603637,0.06438131015438399,0.46243083958009523,0.35734391334672244,0.6336348183135954,0.2762909049668729
171.53839816330026,81.93879167686616,1.4833023521841129,0.09575249977692792,0.5170387494873859,102.91699413317754,102.59273166296528,0.3242624702122612
143.59237942991206,117.61717566001379,1.530658024203481,0.0932852022481548,0.4738172591029166,53.62691962030255,53.78948255031683,0.1625629300142819
144.28607380211193,187.93734665597736,0.9773519942331668,0.0686097524580942,0.41242295890359304,13.032715504737673,13.264482639757418,0.23176713501974433
115.80876025802145,187.61931402162264,1.7403081853525522,0.01995527612607996,0.27404963882116296,2.683776482493231,2.730421715505237,0.04664523301200596
106.99975917708372,84.83845837575211,1.6666924222050903,0.00032313818080416113,0.4518840919411635,34.77832985331561,35.467038431914816,0.6887085785992042
175.69695473511015,65.19180462583728,1.70987840263114,0.05710224702240577,0.547577195798253,118.51545512604275,118.99934485352117,0.4838897274784131
168.47475546596394,185.33102201771902,1.218290453123833,0.07989765016762002,0.42837944736906597,31.621885819728277,31.53554254263571,0.08634327709256695
141.1312664931242,54.13820780010129,1.030129705936728,0.057014966791945815,0.23299950034431902,90.08120949583412,89.29975300813612,0.7814564876979944
104.95032328348044,70.58965967621894,1.6381672660594357,0.07230537387174807,0.4575245336153785,47.07088323040398,46.88083699640411,0.19004623399986542
88.0826612675678,86.8999868005233,1.335940214866786,0.04136234653975116,0.12800108087267678,8.480431474087347,9.159606732084828,0.6791752579974819
79.01436038770892,131.5031368699154,1.2018719868524985,0.04328482559737108,0.13485822158172275,0.004006039583019205,0.180105039073446,0.1760989994904268
114.61953871160836,69.09940132605342,1.1479710125714653,0.025515254235836206,0.17300490535786425,47.52389494673437,47.81905072400182,0.29515577726744624
65.04939767675725,169.2076838499719,1.5814035638654278,0.048813455114033545,0.5457698076741064,3.1574326414529708,3.6886978452058727,0.531265203752902
117.33756448137743,161.4201354738753,1.9641846906347171,0.0855637734506206,0.4616335943491139,23.47361044737115,23.514570707067406,0.04096025969625572
102.20471351142714,166.10243079759798,0.4344786559938656,0.09283551969258642,0.5487434848882764,2.403387523702852,2.163988615148991,0.23939890855386103
194.0034886925111,89.74756161873256,0.40820701593151576,0.05020241473398036,0.5925253847254727,106.40014886394394,106.26709906670882,0.13304979723511678
136.28845310563585,53.453430233712496,1.2261457885647786,0.04646298468730279,0.5050903425907396,86.47912829220851,85.73231441253822,0.7468138796702988
91.19987894141173,147.33681047551306,0.4886591114769698,0.06559635942289291,0.44551420507079165,1.189075754974123,0.8939638351601431,0.29511191981398
156.27833389208058,74.40907351254752,1.0425445679098844,0.05087377694214449,0.5516110812602305,87.76788673827431,86.93604159099536,0.8318451472789548
127.1478999672025,175.57320483448558,0.634383497011045,0.047562027734139714,0.2213097712086385,0.5216871178423599,0.3296894802529522,0.1919976375894077
76.40649798398834,169.46760585353903,0.5257884908060743,0.03403369190892108,0.5292942759392201,0.3350769282743631,0.04067468678798747,0.2944022414863756
122.14015261061205,128.58377601125503,1.3223807281401767,0.03578285389590097,0.2064100033187287,11.313661590163925,10.988471498319193,0.3251900918447319
174.36313750038542,53.458374891422544,0.7375417030726069,0.06251272793913568,0.5511222448755454,123.37836918030901,122.89080538674123,0.487563793567773
148.64240655702363,153.21304463374813,0.7063308920832589,0.012916878660591581,0.4957495708906521,23.23366240451395,24.052679676314035,0.8190172718000852
69.57013321586423,63.55611340766822,1.3530853529544071,0.04349667873446712,0.547774251726658,21.433996607065925,20.92436897989078,0.5096276271751456
148.50209836296145,93.94560035440432,0.419235298586636,0.08148623852759618,0.164769521385045,57.71166385380481,57.93307349340192,0.22140963959711257
61.1860966556128,120.31640939303442,1.894994589979418,0.0034672722443837346,0.5792681408114292,7.284392897532404,7.261448583419831,0.02294431411257314
181.2507413351913,188.28177424213737,0.1962963817977667,0.07450721554793202,0.4207676372129,11.578486530868147,10.428907796762182,1.1495787341059653
150.96015731031304,159.2619671834911,0.5451549190830849,0.049181026538381,0.2792159770830869,10.62236504397439,10.136044906968213,0.48632013700617804
60.38978130750211,69.96545616770214,1.3294771270217927,0.03645358721107911,0.24611867254089134,4.460695264100906,4.151941644138031,0.3087536199628751
179.739323120749,138.70755959475883,1.2748976509782313,0.03577061891180031,0.39760621928833306,57.331969622111885,56.766493082602594,0.5654765395092909
98.73307601193278,128.8255702617781,0.17430732351528977,0.035671279185535365,0.40761589754922456,0.526039984524882,0.41256694376657066,0.11347304075831133
111.77651604514605,94.12761394859407,0.540052460365995,0.09864158571254952,0.49660192673080183,28.4593971346399,28.446953300686463,0.012443833953437178
179.27376491626146,154.16965266812048,0.28950191231052663,0.004360332658342936,0.39360110667924986,30.15631493234767,30.290468447678982,0.13415351533131314
62.74621296886077,115.78599355355884,1.0748217727410412,0.0822450254722372,0.2553113984209777,0.19170422231855655,0.015804382776650527,0.17589983954190602
102.18059925816023,72.0711531789359,1.3516819449957338,0.055869183830560644,0.342373614016487,37.7305799123675,38.85097676173057,1.1203968493630683
95.07366527430038,121.86195918592468,1.0739341100256852,0.04343021046269527,0.29854138493092175,5.008106666286022,5.4822982226512735,0.4741915563652519
170.10694603317904,121.28632327606769,1.1252493972360642,0.08721755851950917,0.49052237358000617,67.98394381582204,67.97390967283431,0.01003414298773464
87.8629209577076,172.5008815468275,0.9140366955521254,0.021353162318425246,0.41122104099860624,0.9375187867552714,0.6583801065625039,0.27913868019276755
55.991969842643975,120.19936283610832,1.8775567626157659,0.08536019729483124,0.5183356704446742,5.695168918325065,5.597483609303705,0.09768530902135986
152.1128147071687,167.78453196597536,0.46387791939915546,0.07306970558599246,0.5340499721370221,17.987145475387763,17.41775217636974,0.5693932990180244
63.39469520724351,185.38178052897507,1.7041874791702625,0.0221523259198259,0.4739518874731573,1.2392556527022025,0.6095339705213405,0.629721682180862
109.10782864797943,187.83152641198086,0.6939642286538625,0.019123297779286442,0.3424903475259157,0.49671320458651635,0.1862042492885152,0.31050895529800115
157.44482434544196,162.14661584144417,0.613736041957977,0.07473337346722746,0.2922420258837406,15.552284097563586,15.554427413826886,0.002143316263300221
127.46891039534614,193.78778702093058,1.4191425447162755,0.04433499924219367,0.183303399784687,0.7164505990899332,0.43862254545459933,0.2778280536353339
68.98456881859404,110.38806507987607,0.4808594247035263,0.03396594812523595,0.21668022829783565,0.004617047332132557,0.0,0.004617047332132557
168.13333772948252,96.92132826739402,0.24189843329619365,0.03306631662061065,0.27926862212584935,71.98425252868898,72.26203006135789,0.2777775326689067
63.42193653141989,107.04756925291144,0.35984507254549136,0.08688288282083603,0.2410330028892055,0.0009978884388311127,0.0,0.0009978884388311127
126.07851789738935,173.35143123007862,0.5814056661788088,0.062460060154754464,0.17083796879161225,0.1016942918674828,0.0,0.1016942918674828
97.16599703063943,82.70167430671755,1.820794740088741,0.051873886386445404,0.1447526725126427,22.661970101019435,22.170822824674865,0.4911472763445701
98.77869701416452,134.65499160268223,0.9944917688319247,0.004907479672310866,0.5014753516324024,9.39104978450045,9.41582561082776,0.02477582632731057
97.34394540827196,111.41722044331095,0.5361485677195915,0.002880282398095924,0.45087694753536056,7.814368009971247,7.913164899100735,0.09879688912948836
55.49629761138271,68.44952546213312,1.1784192622980156,0.04092218447469548,0.25475004291125924,2.864571615365815,2.2896836937193257,0.5748879216464893
73.96077014340638,58.61555226357062,1.2454414073848332,0.037576041685125953,0.16736607992537236,18.379723498953894,17.915379434024146,0.46434406492974745
193.31345509277887,64.3827947816681,1.8649332453000118,0.02225546089227507,0.30888370006304267,131.59536066247495,130.67734355661048,0.9180171058644646
129.25444106846953,198.721656966864,1.293935196626414,0.05563585107108682,0.3709948151483423,7.097013253074373,6.999123508741437,0.09788974433293518
109.22613390509484,109.98884627617815,0.8932499053285745,0.025024933288075847,0.12569454361942048,6.011301805328536,5.614342179656912,0.3969596256716237
129.6084936590351,80.41443135309596,0.6754909047780288,0.09292977232302119,0.38998441671052797,54.682380626946895,54.12100057150758,0.5613800554393151
60.38655025658822,176.39696426365626,0.353441115987147,0.05457457725677678,0.38208098421220493,8.23473657209046e-06,0.0,8.23473657209046e-06
76.62815408278041,85.53550018794257,1.5567472668776228,0.04955638531123914,0.5265377293418083,18.802902237002858,18.872534368158,0.06963213115514222
84.79291998672872,171.11451147145394,1.0505153043474347,0.0725866625941534,0.3552545878969525,0.7281499432027143,0.6347098448997812,0.0934400983029331
129.82168422663113,155.70345248575404,1.8617882472322738,0.07185681652766386,0.40966459266893274,26.19314396516384,26.028973008635834,0.1641709565280074
184.83823644807705,159.93206701802674,0.40421519594700694,0.005453675328510122,0.19641042239492076,26.51859136170927,26.74147318248426,0.2228818207749903
97.69486742723439,129.86874720010928,1.4903562867005442,0.012845966324922865,0.5313088556698791,16.032688478069137,16.614184606039093,0.581496127969956
83.44125526524188,147.8762284105388,1.5989049626425664,0.03347263446921083,0.3977281916289742,4.181378382971488,4.611274516673802,0.4298961337023144
90.34360323400242,93.1707445386661,0.8684519328856466,0.027421471054545166,0.4181207677222739,13.689339377738293,13.594071434150614,0.09526794358767887
125.49428298954334,179.54870730514568,1.0945730157212652,0.08653159537882225,0.286817412986235,4.4604613393231745,4.205719147175284,0.25474219214789073
152.19942090345367,119.7598155074321,1.3788060531822655,0.08705570507337552,0.5992694736594806,62.832756654101686,62.52746754466848,0.305289109433204
193.0049942292197,111.2490024499424,0.2406562867436925,0.025801395311637578,0.42478349611854327,82.47962595072794,81.58531483509645,0.8943111156314814
53.6536210676011,170.2250379396095,1.8532646111692594,0.08098817383687673,0.4943466849861293,1.707207233249635,1.6910967587724066,0.016110474477228465
162.53989819223494,83.28072401306684,0.3270403971635529,0.09484200123587433,0.4178269271943944,81.81601487918978,81.9982412047446,0.1822263255548222
101.83054876850262,168.16675853713735,1.5817508942706742,0.0006344766678423986,0.2798036180359643,1.5876326353030183,0.7936211330696636,0.7940115022333547
99.26030508707902,107.42725199443024,1.7069881920382024,0.06983902756744313,0.10062377241180534,7.288440921008977,7.349381453064655,0.060940532055678176
152.56461335060223,74.23198984056819,0.7869377427766393,0.03969155046757451,0.23545971396869544,80.61626372319878,80.24022738663012,0.3760363365686601
114.4088491144523,92.95315362585723,0.544485296154858,0.07705438505910343,0.36015671736748944,27.767539144196576,27.418523226620742,0.3490159175758336
97.40974344117667,143.84726991428323,0.6935681077984861,0.054446109487017884,0.40740718570777523,3.026799292053518,2.8482855767168473,0.1785137153366705
87.91115021665263,150.57446161756073,1.5801072251045942,0.07139869856930657,0.3488418376175506,4.14263257198736,4.43517965246577,0.2925470804784105
74.51248663103945,176.2990984969013,0.42526760962969445,0.011195649060860248,0.20825155813030546,3.349816837231917e-10,0.0,3.349816837231917e-10
152.86280613923228,130.37602250508485,1.8514086185780025,0.07816052337591811,0.3249594491171762,48.41451909399676,48.30594837703748,0.108570716959278
114.55461745092553,124.03057853781735,0.23072892556154745,0.026296846129974884,0.16385869964320596,0.8840249703098664,0.0,0.8840249703098664
113.76226512711968,54.875747049550036,1.8961449632831864,0.08579637836663745,0.41554476652345007,68.16186456168553,67.54889779393326,0.612966767752269
85.39958939308289,75.55193110864903,1.0197934615981943,0.03190628069744369,0.41997191823723834,20.309443154326992,20.01853994907249,0.29090320525450153
71.11267072038984,86.17227570871702,0.9427040958547618,0.08071611877364453,0.504270193894842,10.62455304194783,10.526667859647066,0.09788518230076448
98.33235107344075,104.867501439066,1.8118856973944468,0.07403200880146511,0.2821893407344941,17.864911644820793,17.414037660535392,0.45087398428540126
130.88299402955474,86.14888374184012,0.7445979725595981,0.042969424395088586,0.3820085537814242,48.79515917281363,47.26092633139534,1.5342328414182873
80.93641580024862,199.08408327655332,0.2015978043489351,0.017263265759132108,0.29060010211666454,7.333845416733313e-12,0.0,7.333845416733313e-12
79.51370913784112,197.54532211479147,0.6798267736751809,0.058224733011931734,0.13054648279440453,4.855093561630125e-16,0.0,4.855093561630125e-16
171.96041891775545,77.71279033329267,0.37741815450842897,0.0006589117391882171,0.5767875947875741,94.44212455773955,94.52578055372774,0.08365599598819529
171.78872900864553,118.4029038516545,1.1271356395586374,0.08942745460372185,0.21466444285863698,64.95154699610826,65.06400289344444,0.11245589733617578
75.3950423029176,91.18931916224764,0.9746927634953308,0.06773351387287997,0.5320832972218977,12.120810215532043,12.0041716177309,0.11663859780114194
81.02756125033883,164.0652697097923,0.24716340511276463,0.03471278070953434,0.1997313426689266,1.7549511250303292e-12,0.0,1.7549511250303292e-12
59.5136898955007,85.6865225957566,1.3750675151721226,0.010274325884938729,0.43932234456646246,5.2983207124418765,5.571020944346245,0.2727002319043681
179.72978255721128,114.48994747549554,0.451498693638614,0.03620381335846558,0.35661787465433714,67.42470136348368,67.36680199190513,0.05789937157854297
91.34525766250525,84.37672264350903,1.8278802830348728,0.03443854571725006,0.44262840636598544,26.666462986449055,26.11638611649541,0.5500768699536458
54.19017199918112,117.31548739951518,1.9846816251691677,0.0025824110353641406,0.5531522350683518,5.068949838994438,5.605053019946613,0.5361031809521748
55.926870350796236,110.36464229090006,0.8195205562360017,0.02271264280279414,0.5911857278075766,2.1204622179859527,2.1021019026566634,0.01836031532928928
61.860075719541165,66.81564251734585,0.12368102275340113,0.04907745982434724,0.3211630660427901,1.1643864524935772,1.440409617987445,0.27602316549386785
115.570203594437,101.80239653377535,1.520017623910363,0.007951486127604301,0.4520367739623631,31.929924773651877,32.08498142466182,0.15505665100994293
69.11906752592176,69.8325321707693,1.3451247700425257,0.05276457622594488,0.4101459466128998,14.747637215523163,13.999775746651451,0.7478614688717116
90.80677837665041,186.48631662753104,1.8222559840431047,0.06509336577716889,0.3493515100879431,2.727077699528177,2.389134566916283,0.337943132611894
74.991908144768,125.69929096131825,1.604050843760376,0.08718983487742266,0.34816623691199555,4.293997852691074,4.497100798175886,0.20310294548481167
185.97026315823138,85.64716779932849,0.884107518301529,0.03494576493223461,0.4047489401524993,103.2152349933761,104.09467419037244,0.8794391969963442
117.61383981659215,153.9478549612502,0.7776800353098705,0.01689859613861038,0.15166194203829134,0.18994557366437315,0.22102711161451793,0.03108153795014479
54.11232303580973,50.49999424799912,1.6542477282603354,0.035048026663927645,0.36293536588749986,12.957999851004,13.108966540735867,0.15096668973186667
183.8112118155686,141.55507111247368,1.9104419860916824,0.034922978805223416,0.537762638467321,75.66928952273686,75.98146416944397,0.31217464670710626
128.08413112839142,164.63865387817089,0.7822566839873325,0.04548184197801665,0.249816231919704,2.7415377996246875,2.872865570605093,0.1313277709804055
162.44860366005526,92.63619828019006,0.5313568745287507,0.02165445245993072,0.34734024993277823,70.9970089529665,71.77798567370641,0.7809767207399148
96.50690662771947,157.3695155155943,1.3095927210409055,0.09775784053896733,0.410728227940661,6.798191789503637,6.220598852012259,0.577592937491378
115.41931196912815,180.74573662274375,1.475520365203561,0.0005298165699595292,0.11404186850291906,0.0032805087588141935,0.08496893011830764,0.08168842135949345
194.35698254538787,159.3551725337107,1.4331691460578782,0.06765060907616775,0.263753941730994,54.66419308016914,55.23836125932744,0.5741681791582991
163.40729518033942,71.8986835638365,1.2904762260750324,0.070912121696574,0.41103941703185054,98.24994353906195,98.38262336089076,0.1326798218288161
50.66013828553258,92.76282549507526,1.756947534124317,0.07220350360015736,0.15001210581077665,0.03422782413133951,0.0,0.03422782413133951
96.13422413167878,95.30514342239155,0.46740133613937607,0.06279364747171823,0.320656161123403,10.15009719103562,10.341919794162447,0.19182260312682686
161.71432338617257,171.14851588615798,1.4769378447873829,0.09831286269465189,0.2955427260214749,29.579277148407,29.447448690786917,0.13182845762008455
140.591699746794,111.03520871673746,0.7205886661160769,0.05769799899804156,0.17159834766440582,34.272067021030765,34.26368116702672,0.008385854004046678
174.3356265338449,59.54560089542378,0.8513813289004519,0.06524402524161421,0.2205793801846547,118.00745036046058,116.75263935757738,1.2548110028832014
120.87511416655053,192.9518520878491,0.217872921504968,0.08643165009273335,0.11390623227998556,1.4445754466015363e-17,0.0,1.4445754466015363e-17
161.31833780781574,170.75211453805676,0.2828340987140585,0.03446890392365526,0.18651390665809278,3.368211950726625,3.1671267068619855,0.20108524386463955
164.6206332462298,91.63781981126998,1.100409508340243,0.07700399461194835,0.41742724563454503,81.80981823442411,81.52693071271958,0.2828875217045379
102.78949145344492,53.2072439728691,1.7897490980180188,0.06465269184624413,0.18986801976234138,55.40179044491462,55.01593617247074,0.38585427244387915
136.1556755647166,130.1840366018621,1.997549233945231,0.055729326325503425,0.2734574594951502,30.73424706644458,31.52374927078056,0.7895022043359781
62.007392546927754,165.56403708790975,0.7232040967766142,0.0690699130316847,0.4764473293122131,0.14392582108839902,0.2229427478303947,0.07901692674199567
184.44211569378828,167.77395328505543,1.09466686557913,0.06026638351251661,0.49686172756501734,50.325508767876386,51.023798657248186,0.6982898893718001
155.8369693017181,178.21262459660198,0.3385609818702647,0.0719015470126292,0.1457102785238613,0.6413911471662566,0.37873166973162853,0.26265947743462803
87.01051880447275,88.76206969733494,0.3438375923443721,0.05272961170749915,0.15229809350124443,3.0239500684667604,2.2557102624410383,0.7682398060257221
188.68888299779732,60.888148787829046,1.85480163982069,0.01803381956809449,0.3408401035017097,129.89704902453198,129.164413279809,0.7326357447229839
96.998811664172,181.0751157107856,0.7155443622593356,0.06732795068486253,0.517747484646941,2.4558895405079753,2.2705629006434513,0.1853266398645239
161.71563917251314,191.45261647945298,1.8073195753579678,0.07781325142348783,0.14495261591636902,10.553868164353645,11.171802072758535,0.6179339084048898
70.97087204893022,145.51599080037323,1.04708426338954,0.01522943445650481,0.32236186408565526,0.19668484868626224,0.3106553930030742,0.11397054431681197
126.77335833571358,165.36004391917402,1.2183344511890342,0.07445598549091052,0.5492178470401022,22.284385826062504,22.64325759872754,0.35887177266503656
94.21426968889286,114.75853262740101,1.2208634664255738,0.03609766142808992,0.468797853361829,13.931819234257695,13.581114349288221,0.35070488496947405
135.20305736499995,197.4677366248233,0.8381387122928169,0.025169109129854286,0.3852897480714689,4.579771699808372,4.8186267284997335,0.23885502869136133
171.66064254673836,179.6296051247,1.2178536627024503,0.04101228327977982,0.15959787410597578,12.413924578063131,12.092464534104426,0.3214600439587052
168.5821880776492,86.79414678238126,0.9862167193208045,0.04161149754856739,0.20659103135260212,85.27962223441459,84.86635676289185,0.41326547152273463
89.50135381034396,69.5895581351999,1.3284971474814609,0.07700582847149173,0.24180302006916918,27.686049822022774,26.91944210525483,0.7666077167679433
195.37645660215858,82.75745717838737,1.3691853075310172,0.028644750930467422,0.3052487136205242,115.8860400091964,115.8788861643082,0.0071538448882080274
53.858292666264,122.32709040996676,0.665944164484296,0.09335598817895835,0.19003893460149,1.17377531669205e-06,0.0,1.17377531669205e-06
87.01947043452338,125.78951674710913,1.7805891897387998,0.09630426241560978,0.23182052167973413,4.686105673611774,4.992122240051486,0.30601656643971253
183.59012218631926,60.58838865463704,0.2294553941488227,0.015786714635112543,0.5543874197359467,123.22089331207829,122.91848892374165,0.3024043883366403
113.568414564352,175.46147774278552,1.1773360689023817,0.09892949675787309,0.27855210841222167,3.0009410747767156,2.415273576090968,0.5856674986857477
75.7746708637754,166.25351368472963,0.7844822325108138,0.06263597807779114,0.16393372842730483,5.713834608923982e-07,0.0,5.713834608923982e-07
119.72406780073443,132.39243987339228,1.5463690562605152,0.014830958510145799,0.20039179085361,8.10876461990081,8.145243958128553,0.03647933822774263
137.6206215998734,183.4841721294458,1.9826154079044984,0.049397729662808025,0.20871343511064352,6.919867305106763,6.8537122094234135,0.06615509568334943
57.63089603167961,189.15465925730325,1.4334133494460306,0.08760284546934456,0.17210141715538155,4.5365445806845314e-07,0.0,4.5365445806845314e-07
174.2064742592163,192.63399069752376,0.6136941894262713,0.08774818512615373,0.2126167863615581,8.135657867633128,7.903624318498199,0.23203354913492902
105.25759063382037,61.78739669061839,0.21460360663451167,0.03259702136682986,0.537648177088386,44.00767297785748,43.92447797505903,0.08319500279845471
59.595881361241,61.897857910566906,1.5095937869819473,0.029277576082915903,0.11632391675226131,3.574829794038042,3.834360037292882,0.2595302432548401
190.4655858392608,196.64535326157352,0.6025764264191887,0.08055543399251669,0.46316301503027846,28.546107641951792,29.085752267304294,0.5396446253525014
138.6669120891995,98.43371325071361,0.5076666696590271,0.0332507393673167,0.3159627770570915,42.488174391277425,41.7299608765232,0.7582135147542246
59.82831304309715,144.99796344438613,0.33655735159466177,0.012389404854609721,0.3814348685424275,0.00015851626432239517,0.0,0.00015851626432239517
86.25216994771839,102.82854462069926,0.27400888593576417,0.005525186328649557,0.5101208183568866,3.8680906912525295,4.009051732395921,0.1409610411433917
59.239259137127114,73.25668944420524,1.9477233751843297,0.09677548357980219,0.12713706877431627,3.560471376640205,3.7431047233669617,0.18263334672675668
157.4640671520769,168.33182840601506,0.9001790146895826,0.07464146634674765,0.4740245551102876,28.04536419314931,28.424870874393907,0.37950668124459597
78.17185535075886,105.0278129797475,0.5357648656130808,0.06461250530417322,0.25306512198306874,0.5932760563630568,0.3778636422845878,0.215412414078469
101.28904078184905,198.5365021110426,1.9444142992881264,0.08845683067105252,0.2201229387973683,0.8525724441955242,0.21251134222375612,0.6400611019717681
158.19094846713466,120.2616430039472,0.21479407510267695,0.07399630109917237,0.575104760706408,42.37282984417847,42.476844411831024,0.10401456765255546
114.56403251042698,150.11287489316328,0.7424222389331988,0.07534490181799663,0.45344672523226204,9.038692031284626,8.828250240596976,0.2104417906876499
147.66500250518345,164.13314003002324,0.4302491692594105,0.08555175431259114,0.31307054831248704,7.933835111102191,7.473672454180974,0.4601626569212165
152.52868768900277,153.77508779511382,1.213884514893298,0.06430592850953604,0.18433173841011577,17.767481026347753,18.015166439705638,0.2476854133578854
137.9896867333676,100.20294819223841,0.5235353191682091,0.018457098505770854,0.49011197876550716,42.6588476617727,42.22279177704793,0.436055884724766
111.11347561567153,190.74989509340674,1.121748973584587,0.09303960514185894,0.5761131671840405,11.445236685671752,11.438500640521394,0.006736045150358194
174.1152957866621,121.92041554249275,0.9018563967597848,0.043874427328480285,0.5080655750099697,64.77663712420632,64.57765522064611,0.19898190356020962
188.06770768862162,137.83562704233327,1.849550579872986,0.0902927846969446,0.5299346098967963,87.09126843717252,87.23530688410445,0.1440384469319298
99.82091975769694,122.69635752617353,0.08536176018453559,0.0916048298215826,0.4498107448669444,0.4138323328079707,0.0,0.4138323328079707
73.44369829414626,169.75864502395845,1.7565665889079316,0.05648873499214383,0.1736960069647012,0.004364554419850869,0.13501931220784513,0.13065475778799426
145.63830507176885,101.37269732953013,1.5375924225877828,0.062450235966150625,0.2270412740557717,54.25085971991422,54.54564617683626,0.29478645692204
114.18413947688707,103.09605942201063,0.7465831654792391,0.060825451041756955,0.2749982560404852,19.756762804543413,19.965852427582554,0.2090896230391408
189.71530132105553,160.5724882846032,1.2182305183853956,0.041492833053795086,0.2948375866073889,45.34923798228756,44.53332765711038,0.8159103251771853
143.80466243477383,196.4089990741215,1.2859619810506844,0.03645477996525799,0.491682531801373,18.457487166024492,18.573076523600097,0.11558935757560462
181.39679223303096,114.42274684551118,0.2027683088165772,0.09102098720572831,0.2925871157091633,69.06711256571295,68.76505362160827,0.3020589441046724
81.59062791696428,128.88807675753398,0.21345276714571731,0.030438067524787983,0.41572640296020136,0.062399323485612945,0.0,0.062399323485612945
153.93976228367035,108.30326139764085,0.24658635318179928,0.09470568935722008,0.1203596124100185,48.136417042343666,47.464524519827066,0.6718925225166004
197.75700450813065,130.20122873402875,1.9544142391830144,0.09561638314679966,0.10918764671805567,89.7489926590331,89.6885334314191,0.06045922761400391
156.61423025328946,155.59695483739134,0.35263078765367856,0.0652844324122344,0.4282349912395942,17.99906035472607,17.100820410763625,0.8982399439624444
55.594800527591076,104.71598400824432,0.47509919911261234,0.057093344978736575,0.15924012526997813,2.3687788748422687e-08,0.0,2.3687788748422687e-08
91.63477879299589,59.63232872047992,0.8153135653931258,0.05111744754583393,0.4442294767127267,36.12844503117907,36.5218511150647,0.3934060838856297
126.42479077066622,102.94884087246115,0.09948709742933792,0.018528186489941978,0.38886238281493546,23.927263739694396,23.61847755220471,0.30878618748968734
71.83714479791898,165.01894335561508,1.6029573485218136,0.06414965131626077,0.49786586153518253,3.868062313847112,4.397599469548261,0.5295371557011492
126.62830894608479,138.80125889805737,0.07458450323416606,0.09577896976408601,0.5131808345891534,3.098748012395639,5.324439778949422,2.2256917665537834
98.51951366226334,109.56423666376502,1.3802098366221376,0.034844894921380855,0.16781264061286064,5.360790133434783,5.250448506545403,0.11034162688937954
153.42615844584395,141.14477401860483,1.214127839367726,0.09704187576502087,0.5495661164835086,48.91669786563139,48.20542706372672,0.711270801904675
182.31574440015103,103.09690014539419,1.4225462640182756,0.013757752974517857,0.4159223403761093,85.00542076997206,85.02725779895209,0.021837028980030482
196.3776550872671,147.52261559234836,0.19892436100589184,0.0834607654481469,0.3353948864670878,51.484989629529224,51.52568651444233,0.040696884913103304
170.65877419206163,91.5549349057832,0.9834402651404193,0.07967737951227466,0.14289726120500681,86.00402455192116,85.58610548930469,0.4179190626164768
188.48353029044247,174.4542274474477,0.31683848158786415,0.07035938936982455,0.20313668353773764,20.042512936683437,20.178522057218416,0.13600912053497893
95.4184507216145,189.52389994522088,1.6889104876363055,0.0018871517442830444,0.5868614569251703,9.917217349521241,10.143109389094835,0.22589203957359416
115.40798285992878,194.41032690205031,1.5080840196981833,0.04185349760806657,0.5432769840921634,13.706898333275156,14.336123241051748,0.6292249077765923
76.3866852740775,141.2518532979082,0.7494547742321758,0.027713681160302307,0.14856052349079915,5.10003801722724e-06,0.03883906433456019,0.03883396429654296
185.10195295147471,128.9824380082694,1.411891287342246,0.01441003215842377,0.3551335111443351,65.06169852546682,65.16046422846031,0.09876570299348941
74.98733666709973,161.3796947871049,1.23053452007346,0.0647459845135187,0.1701080094094388,0.0006613118025848592,0.344871568317231,0.3442102565146461
64.58247657382555,122.00535253588363,1.681392645281837,0.08970610877706116,0.5862169534321426,9.526607025115737,9.633292658465681,0.10668563334994374
137.0831074810954,120.95116611657053,1.0828826905972566,0.04598302454837733,0.3185852558692255,29.83520367476615,28.885543003415385,0.9496606713507632
125.84769195786126,194.29117675681476,1.1881537317445896,0.04830978993012545,0.430745608567512,8.39743744102378,8.172957437352576,0.22448000367120358
162.79446823623732,114.56109485782397,1.8099250332727796,0.05970439110225598,0.12836270201447295,59.99433735876826,59.678246776162155,0.31609058260610823
76.3723739577927,154.80241330997063,1.6739272471246773,0.08496704780363272,0.31270483872741917,1.4978561557158825,0.9548788768230665,0.542977278892816
152.79728636288633,163.35494264144768,0.8074360741282901,0.09796658613366604,0.4228178233880949,23.825482478598985,22.61887021091218,1.206612267686804
119.72728728557104,122.0210762478108,1.9251569539703772,0.054563685996257064,0.2061802026499314,18.574991503964455,18.811675914350594,0.23668441038613963
93.5050541732743,125.3060264838861,1.4540490276012827,0.02218007630767196,0.22982228516527867,2.737151743728578,3.257079834256743,0.5199280905281647
131.81045716579416,116.45872753300333,0.6954442747365372,0.010197349162581715,0.16220453488325456,17.651215090806986,17.96300183270877,0.3117867419017841
143.38417369821144,105.33829748767525,1.9801325640527432,0.021943653053641224,0.10052080967376284,42.5603548617316,42.44301368767709,0.11734117405450917
51.04939127140595,140.1490658055448,0.2074423225484025,0.001990278320321004,0.11198018357261982,3.690556111082467e-88,0.0,3.690556111082467e-88
109.45720925091138,98.57382178842956,1.5772572870841977,0.05077308674771122,0.1558337153544411,20.271485577201446,20.24225726650233,0.029228310699114246
148.18549494184725,123.534540605006,0.13477978465988316,0.08673726438839596,0.5132430538471568,28.083793075858296,28.233569051369383,0.149775975511087
83.87772256718523,125.66517975648794,0.45607206649566673,0.09200303624281445,0.5998941792120619,4.081995283435237,3.548900513701163,0.533094769734074
179.467236030737,145.82655607012987,0.6715200195116608,0.09121990529242584,0.3172065789661709,45.47038752193971,44.15710443486046,1.313283087079256
167.99567179120862,158.30631328349165,0.9477089129174598,0.09020669730696311,0.12884505854825692,23.863518429253247,23.49192381570837,0.3715946135448789
108.81656870220604,162.3958737942453,1.0662346367846258,0.03535361104470174,0.21548530732367052,0.6255189122346296,0.7511538617876639,0.12563494955303423
80.00946062797462,154.2907355674179,1.2372795735640412,0.05087846076023637,0.1697290337992319,0.004594940620219354,0.0,0.004594940620219354
96.91617868324886,71.37069721909441,1.2455020192031476,0.04016270260623091,0.34690867618641497,32.035768115346585,32.95993620321469,0.9241680878681038
55.67991749646923,52.80570578318947,1.3534946128430398,0.0020844217219011863,0.5860547948511298,16.01162775434752,16.734140003071474,0.7225122487239553
121.76073891300169,154.7889842174871,0.9365852869951502,0.09832031991782966,0.5927137344370134,20.924118379090693,19.834898741895554,1.0892196371951393
167.9585346053474,91.16969664281196,0.5891008928710675,0.003413489183472274,0.25010252672729383,76.9764728468779,76.47741462411445,0.4990582227634519
81.24199916537077,148.1410945562456,1.1380989402921353,0.06629466812595149,0.4387396280236896,3.1882871451751935,3.7156315287805946,0.527344383605401
163.4963675875757,137.45720196812334,0.580334762625372,0.02742669872345629,0.3993244525698809,35.51824315787137,35.563675575929864,0.04543241805849618
58.276676685158606,105.07180718109842,0.20760958272940844,0.043905935059837344,0.1041899628773387,3.442349708247447e-35,0.0,3.442349708247447e-35
97.15769633516331,183.49429635339885,1.3261159765442205,0.0782783006278793,0.5904308601915501,10.329691408752794,10.181786791004189,0.14790461774860475
130.53039741400738,187.71691603698562,0.8993349118097006,0.06134680356042397,0.1752760853357536,0.31427455968382834,0.3637560161921698,0.04948145650834146
84.65734711645233,169.53729987561965,0.6757612600277633,0.02680457368176379,0.5525815898526875,1.5909131656547544,1.600908792302043,0.009995626647288702
133.36823061027928,139.61730457463733,0.4175220694642077,0.02166644131171367,0.5350497106013015,16.25446420662911,15.283551522281972,0.9709126843471374
191.67212844841208,132.00231927173814,1.4035097622759447,0.06101203113429996,0.4719163634064987,80.15724797387485,79.73692042468045,0.42032754919439697
54.93015053997035,119.87373372980409,0.24820293741233873,0.036851878040921604,0.26988935145251247,8.681014825942272e-09,0.1372824859662174,0.13728247728520257
50.33528071210957,88.01291908220425,0.4693047992925516,0.05309621561843702,0.2626720340561074,0.005063048181063096,0.0,0.005063048181063096
148.7674432188548,176.53109599127254,1.9317803374474591,0.04424769716005993,0.3024867203518399,19.752732023307004,19.83621598328552,0.08348395997851554
101.34036114320341,84.83666607113895,1.3161975692027723,0.010092149250263928,0.3970085609305446,26.89538665240091,26.722680184619243,0.17270646778166565
192.92554778797444,65.6445088524721,1.2203453418799555,0.034860789795436734,0.44044613096018115,130.20498982008206,129.97603974297965,0.2289500771024109
132.07904730721003,72.4679297708168,1.8114120477149902,0.09700833225944167,0.41348206427073964,73.09049896475636,72.33580619999573,0.7546927647606338
117.11997157632703,169.85234416916327,0.9209233498602115,0.08500452512873408,0.4719274057439874,9.4418126708287,9.384334650034983,0.057478020793716667
175.81921367109808,190.87620552024924,0.7657719112927704,0.09751614879674951,0.1673247477342871,9.652019640282205,9.730774838607147,0.07875519832494149
152.3243048513604,101.12084354290079,0.5431045920280865,0.050566347005379986,0.2895557034914422,54.13637331640156,54.29191516191442,0.15554184551285744
73.62850119762192,181.20308326519296,0.6548924727908716,0.03403320528247922,0.5284863553428885,0.35240507356287587,0.16190195268494278,0.19050312087793309
108.81307658021151,56.48853860289073,1.8987917694914211,0.02801491899337757,0.15949236469592507,55.25371082767409,55.115453605217894,0.13825722245619687
83.62608426264478,183.07850217358154,0.4748777965755601,0.011194400746996114,0.12900077157196513,1.251550441470586e-18,0.0,1.251550441470586e-18
54.54705233460728,83.70658007854313,1.8640182682993076,0.07195044614748286,0.2668331769527743,2.7046516229910527,2.7835473232757124,0.07889570028465975
183.11343472051044,84.83402528705837,1.0940234360362662,0.027007048795932666,0.17398573341031068,100.74930358515502,100.69469044272772,0.05461314242729998
57.589522180767915,156.09237450635743,0.2695107302236564,0.004843959249468944,0.39919036267748176,2.9171466040361883e-06,0.0,2.9171466040361883e-06
157.3423446286776,154.54777385559424,1.9174059227703277,0.0512722195323552,0.1836822776672368,25.215543228803952,24.891858575006445,0.3236846537975069
86.22171278230726,71.10252796687709,0.40724502930458945,0.04602220848177096,0.30397814162184833,17.488238532849735,17.262689869770675,0.22554866307905996
128.26128417902356,67.42683180793821,1.7220317989510279,0.008145051506133483,0.4255217391508427,64.72963005317395,64.5195189903318,0.2101110628421452
129.2550980564333,189.55322570617727,0.46153985668794273,0.008898376145429555,0.11434713471285676,1.2522499360844504e-06,0.0,1.2522499360844504e-06
177.359847295611,172.66173866798994,0.5475098998079382,0.0540912520952068,0.3044829816004012,20.820422981805677,20.76587776846116,0.05454521334451812
174.8581417463353,151.00853460400162,0.6333985745142622,0.04402841723570631,0.48849514280813366,41.21237881891669,40.91360196412968,0.29877685478700755
106.73114138673898,81.65692447479985,1.1032908065148819,0.04701313588103956,0.2899627926964776,31.284762777044477,31.85210867100453,0.5673458939600522
57.64161335045334,110.64888346485762,0.6292239978263843,0.045562311982287135,0.3156948821164778,0.04053717076552937,0.0,0.04053717076552937
179.4146845611317,68.25006666123537,0.6993025278667294,0.009170830434353771,0.37298007324140237,111.60939779217455,111.70269173349108,0.09329394131653146
111.38228005404096,168.1194061264489,1.3047424810625885,0.018379469175562137,0.3561329122406024,4.942242280020697,5.5948514797882964,0.6526091997675998
50.19771676249366,52.86876344338788,1.5222159416135186,0.032482078806341054,0.3902197211658075,9.500428079381173,9.884203762849229,0.38377568346805546
163.5165552614542,176.12676799810902,0.0884206939827627,0.0268221534233824,0.41361178426520206,3.600734697286036,4.496106141292724,0.8953714440066882
199.38323202334706,142.95718636972666,1.454131480771366,0.08342545096022497,0.4700061780041692,83.31097601144279,82.97633355270773,0.33464245873506115
189.7358670394578,146.57020128644564,1.5135935422348012,0.020988912488695978,0.1655916154525567,48.909879784631585,47.6957644767859,1.214115307845688
181.2208446802652,95.47957387882086,0.12045015946053168,0.006494205764315142,0.16517998924539332,85.81592840556118,84.7795128997909,1.0364155057702789
158.5339031137705,71.34212036580601,1.1262226859796605,0.0202707220415855,0.38674339121951284,89.16133374574348,89.15796108413159,0.0033726616118912034
58.1788021630977,184.52285059028824,1.2907875482680027,0.004523091109321364,0.44551126488270154,0.20426698437879853,0.6920339726747713,0.48776698829597276
58.97365059759488,128.83064626587696,1.384983131805838,0.058099083381716654,0.3252721284022967,0.4170230169897371,0.1482647538093289,0.2687582631804082
82.91647230399373,188.14930601687084,1.3648247620098448,0.07245028818805752,0.4797003854765609,3.0432065567042095,3.4463356804827185,0.40312912377850907
90.62946759430315,187.63735556445243,0.9683523564677771,0.09543254737090962,0.39018826626490066,0.9624539872655511,0.9535283181379697,0.008925669127581415
186.7394203420207,65.86483243336733,1.0090324832694333,0.00013994867575056746,0.3702492286534883,120.91457347263947,119.56948672704246,1.3450867455970155
192.29884140765253,123.41546364278807,0.6848779724791141,0.0654936825409438,0.3923991858490836,75.70457968058153,74.58010896723096,1.1244707133505756
166.79117039391195,100.32082630144544,0.10848761762956873,0.08708313281824549,0.48942294630398053,67.417320214836,67.36964443564618,0.04767577918981658
103.93630205554919,112.49629822544205,1.0659419466633253,0.024092316054919696,0.491754520601289,18.662006134232968,18.002102047155503,0.6599040870774644
179.00806845347006,188.60531357680009,1.9627010032587495,0.04530812342751404,0.11032997345394327,14.357142577391286,15.480259821281837,1.123117243890551
108.80198759858642,159.9601088459763,1.8439131005674125,0.07029663931860143,0.20604097399189322,3.3645974228943274,2.8398633512672014,0.524734071627126
74.99901943504068,110.00042760527776,1.2980907808213762,0.019290617708462257,0.10146111213288653,0.002800830112352992,0.0,0.002800830112352992
66.60381110444241,80.00377404529112,0.39329677316649747,0.0412743252278914,0.4645296540036362,3.6927532728010988,3.6071918973769748,0.08556137542412401
170.92185893047835,70.29997692755045,1.974537548411865,0.012857533950523537,0.1776836100525415,102.38499158464576,101.8162510383764,0.5687405462693675
57.64355380811188,77.18135960664523,0.3104255483088859,0.02944535119270284,0.39538665726334665,0.6868043501718812,0.7796989127593008,0.09289456258741957
186.112277989051,185.62597589303334,0.48234234525166575,0.0034717570758617923,0.3349858514447662,17.599433382245167,16.80281131355878,0.7966220686863856
79.12808012681384,70.1865993994806,1.2867964866957078,0.048471986301726326,0.2314495321760944,15.908360132653534,16.099899210308777,0.1915390776552428
150.8206017066459,94.76635403066747,1.3055698065280579,0.03571273729676212,0.19748106702701393,60.47736366315257,60.29659806780986,0.18076559534271297
145.74040184938943,106.45375160257342,1.419072076063499,0.007160877188102577,0.5335844655460872,55.30715792346022,55.22213665412557,0.08502126933464638
85.39774199985231,128.41329586079942,0.8793406766911893,0.01137061521973677,0.49520908854077295,5.170511192084277,4.589293967146496,0.5812172249377809
152.94111934207143,176.96091702935934,1.326507536900552,0.056066030727048,0.43923488125668686,26.31309446168784,26.102055715270303,0.21103874641753606
114.19177019805582,109.24688037743952,0.2239764588085938,0.020612530238599647,0.540953816356421,14.282890020788855,14.666772515264473,0.3838824944756176
179.6675572893178,180.9921035134071,1.7492446949086682,0.06410251231882907,0.34038112967811107,40.148054027951815,40.6506365482106,0.5025825202587839
157.94716775216384,72.16597256655949,1.3530837005199152,0.00044799974252481836,0.4082281904736864,86.84719151565703,87.33845918834598,0.49126767268894866
70.008202181266,196.68357242658476,1.474185843868277,0.0795298258915149,0.283114408964952,0.04477683162553914,0.4498378180704279,0.40506098644488875
82.67493180258751,160.03073842850546,1.0929905519228085,0.06873623665857173,0.32491622721951474,0.6433340911542658,0.38461392473696066,0.2587201664173051
88.90467682844263,168.65698919714094,1.5375628881811687,0.09110029964247783,0.11607226752801578,0.0010563632669499771,0.0,0.0010563632669499771
161.68919818449524,165.37778346016742,1.833557660723284,0.04718189459875419,0.30460005189941,30.910757369502505,30.99650182378812,0.08574445428561361
112.53688050781167,191.1369272628873,1.0917632682951213,0.008571943173883179,0.5759877799620394,9.156679064572874,8.932828775455544,0.22385028911732974
79.54320044982371,51.31955588341135,0.41916235811587044,0.029693770707860046,0.4391230635614728,29.289631176401315,29.50089221312827,0.21126103672695606
132.1909925919675,155.0748238231925,0.42218986679247617,0.008655060329978271,0.12288345875352866,0.10947380833800402,0.0,0.10947380833800402
82.41013168443439,53.365763626712074,0.45240289599505057,0.04888305513203481,0.15574200253454787,30.211598527784304,30.03404382171076,0.1775547060735434
156.07492916229353,195.7316013610742,0.4943588635337251,0.06684942525490017,0.15536027276105116,0.28858355585757955,0.026716548710538746,0.2618670071470408
158.85514560838033,113.6779550950602,0.6572376240301524,0.06119096693045152,0.5667003605403372,56.620613896772994,56.87274669832771,0.2521328015547155
58.84527163571793,100.62471881629548,0.7450547496921239,0.09638412428011671,0.5950266465232311,3.720169537876213,4.109379763232397,0.38921022535618377
122.79411445219631,71.98680181685114,0.4509432078869776,0.01339456034989276,0.1208940740182046,51.240815770997884,51.1863435797053,0.054472191292582295
168.42835949582403,166.5999700263245,1.9726046577473164,0.056518773557239915,0.19500574553967356,28.67649843700042,28.830001239699303,0.15350280269888472
160.2268795807928,172.37460039269502,0.06868719086052529,0.0011017435211676308,0.46397524183879435,3.403137157146446,4.772164463978779,1.3690273068323329
86.83232294339241,144.13605359081993,1.8056602326533904,0.08290865570703745,0.11173540732663131,0.04516445337071351,0.0,0.04516445337071351
184.6493315651157,95.54683511696689,0.6300316376915261,0.024280242879387272,0.4867252186588241,91.37528230570028,91.51978408222321,0.1445017765229295
188.87945979308233,148.00545555738597,1.609839959257478,0.09117968155285633,0.37418824322849764,69.45414991001489,69.19253297279676,0.26161693721813606
117.30972791243889,148.01867679412163,1.4112187702090884,0.06845184319972035,0.4571780037898364,19.213513931638296,18.66355813849817,0.5499557931401249
169.5016653132351,72.92994373316614,0.4930423286917948,0.016082329380477944,0.3949516218837019,97.15679620959132,98.16845248625863,1.0116562766673098
128.287770615388,82.48597994585477,0.8763774701808253,0.014040035966410225,0.1718303299991402,46.82209934738084,46.94018949145569,0.11809014407484852
128.68996467629339,82.61839780382986,1.8983465093450904,0.05057038439099348,0.21148295076529341,53.99094355494765,54.34800993941964,0.3570663844719917
91.56954685120905,137.1686104254971,0.57833265985766,0.003907010414057966,0.411207097493851,1.6313981589661228,1.573049227669241,0.0583489312968819
76.73690047266402,181.70549927091815,0.9623639189241174,0.02040371568892717,0.17874052295257667,3.067004192578701e-06,0.025894841791576084,0.025891774787383505
89.68522900702267,84.94780523600883,0.8469431300383271,0.005400738756959501,0.2851289249588772,11.883084144082432,12.550044717992208,0.6669605739097761
157.94073357427894,161.69729974439298,0.09864675887190741,0.044830067333750424,0.552371433644416,9.56782954543533,11.850513193816187,2.282683648380857
62.953951175239496,142.056827285215,1.445768730344577,0.09731662816794066,0.5947405951761202,5.637516661752743,5.459385693971036,0.17813096778170667
180.02021573928897,161.82350001885004,0.699568990740706,0.00851821506785827,0.45144030082656905,36.21197349512293,35.98346100454068,0.2285124905822542
97.24646909446012,87.98173529893333,1.0335524734040182,0.04966092576579837,0.2724680674669284,18.23266078502627,18.542212741942603,0.30955195691633364
103.28198018935853,158.82677678302144,0.7142190669765793,0.04875724144487941,0.23449317354298285,0.21332178178554795,0.0,0.21332178178554795
152.98176955320758,108.47939952924784,0.13514217881836044,0.01935572013830783,0.19514261525010154,44.78575805895575,45.697219310823996,0.9114612518682463
135.66741528082383,73.7075675954321,0.41365150093157776,0.09900935221507079,0.30337459485810947,64.91969296825295,65.21860483710898,0.29891186885603815
65.21525762816314,171.91390071103018,0.07295013368609318,0.05483820719952192,0.2211300474960087,1.803745759568918e-59,0.0,1.803745759568918e-59
160.02423568442447,125.277135997626,1.7940106304194205,0.01619930360015175,0.45691023472923,56.23536695120805,55.882626163511645,0.3527407876964048
102.83187403476862,137.93307264927722,1.7010349951913837,0.09470352098391784,0.2395065072508701,7.579212494527326,7.757293338394103,0.17808084386677692
73.43365545861722,113.40373979671358,0.3988791065651317,0.06711670887859321,0.21991543716322517,0.0059662542221300685,0.0,0.0059662542221300685
196.98951227901168,142.7476781555897,0.099606020067328,0.018330167904836936,0.5327609008058393,54.79214931913373,55.15151603038975,0.3593667112560226
171.55083960759936,102.77604821944084,0.26572572498156427,0.04831902909473173,0.3106249414883834,70.08885479762725,69.76882439431968,0.3200304033075696
104.52017295950294,58.75767412117571,0.43751566736624625,0.07672109737885102,0.12861112115959958,47.70206450638011,47.52959233564612,0.17247217073398957
92.4215535725258,51.21543096875157,1.823343807304976,0.07957614659892936,0.12369362921296204,48.12326996952199,47.14864239361638,0.9746275759056147
104.38865011977006,173.10785721528103,1.5049022702449035,0.004298439929024578,0.1763567669538744,0.10318710069190429,0.2943555323525402,0.1911684316606359
75.28044668631347,96.66693826110716,0.7967003388702836,0.05375023632804174,0.4310549438438048,5.922881992943637,5.672488600436406,0.250393392507231
174.83897020928015,67.73703699579416,1.0911274014409806,0.0019154281241957173,0.17786217274694935,107.2433547447481,107.156469203802,0.08688554094609913
57.288482888984234,109.06346448199557,1.2462945603086584,0.029618022801847933,0.3469905030070125,0.7449762406126208,0.4147400658643292,0.3302361747482916
151.81886498055678,151.4672887590902,0.22485296149322143,0.0003899440661324416,0.2190646930783777,6.465275152813973,6.5269407565815065,0.06166560376753338
175.61280721228502,70.54163763396733,0.24271713978429377,0.05093708201958722,0.2338373195093559,105.93792816852027,105.94029299480322,0.002364826282942545
141.18039597528883,137.0224041311726,0.7882696170195498,0.08653761462655041,0.2759080848356579,20.748377394709408,20.907044305720348,0.15866691101093977
194.4962094711204,89.04377209028691,1.1238113134661103,0.05062142086797561,0.31615996142003144,110.46135534623161,110.3738943146646,0.08746103156701679
136.42963766327725,135.66919742242115,0.08180447138259339,0.06398481075024412,0.39762555666076427,6.915408397534108,7.231913689790215,0.3165052922561067
153.9005767563862,111.67930569667517,1.9660456596671643,0.07015784632315497,0.481624309370709,68.45770133437371,68.44445258125228,0.013248753121430923
122.28360013717378,188.58989631201447,0.8686672037350324,0.09945086338005216,0.24286672358457148,0.8918518253305798,0.8050009462484198,0.08685087908216005
144.62483605471135,187.51753354196345,0.6080525899767417,0.029776843537475107,0.49150719814365906,9.937474750627686,9.805230295455896,0.13224445517179007
69.98917166465463,116.8131194272755,1.916589773449074,0.0708802660033958,0.5766701456402983,13.401146432092478,13.208449900828413,0.19269653126406538
167.62964606253192,180.75910874661167,0.6845279529785417,0.00329539803551312,0.5577389775507845,25.778278866832473,26.61067977825033,0.8324009114178565
165.68809020693095,76.37627971336394,1.2581343853855058,0.016660223506876827,0.24313627711632083,90.91146445748939,90.3191465447587,0.5923179127306923
176.77814412364864,181.18021067431366,1.789861245339556,0.056381961527192485,0.2631904159960171,30.842589644826617,31.408213793834292,0.5656241490076752
53.959377317381744,160.79720531635775,1.5359359805774133,0.05785868831364597,0.3816206267863377,0.25162249574902806,0.20652311646298926,0.0450993792860388
166.61072573617662,63.381532689914124,1.1528599044191463,0.08838841197292023,0.41723741025004,109.49160417857698,109.03027933940251,0.4613248391744662
51.926937283384135,60.45685943661926,1.752146333117541,0.00306762399991829,0.4084004806249999,8.260767651055538,8.153360891620032,0.1074067594355057
58.914534726959054,99.0311431353297,1.6548385389833873,0.0005505146280516793,0.44754115038507625,4.299973538806723,4.440586932241807,0.14061339343508372
117.01945170358535,150.37958311157894,0.647224649684537,0.0183626176366277,0.5403628327379831,10.356889019806601,10.0321402870884,0.32474873271820215
142.2019831606253,64.22103987654344,1.5782129136387413,0.08172660914049285,0.3041522988904314,85.83923648226313,85.21016137361413,0.6290751086490047
52.434568451370716,169.16062828106328,0.9066081544395188,0.09898971785166838,0.16034808716392554,1.3075407254955534e-12,0.0,1.3075407254955534e-12
122.90941452602716,90.00154696766198,1.1908976193066023,0.03467591837912836,0.5935778739767402,48.51786545024919,48.878448424789326,0.36058297454013655
58.391131096167506,65.0885120525007,1.9516930961005643,0.08288683997676403,0.4581827437278251,15.840267544628716,15.488219957331001,0.3520475872977151
112.71054689580876,82.00861536670257,1.5103768877903037,0.006263693158549089,0.18594996249331994,32.216124934798245,32.44553643490253,0.22941150010428402
89.72123411626023,92.20367402304805,1.3224590601792339,0.07029868200431706,0.283213051228686,14.314551651563121,13.873245300381761,0.4413063511813604
169.81247416426413,127.72142407257324,1.5086341983259577,0.03239198051094888,0.46046823700339445,61.82145116236279,61.46429091752984,0.3571602448329543
79.39518473956404,102.31950238462842,1.6816193892832445,0.08394865585216303,0.36789843494490504,11.563621116255785,11.166437122911674,0.39718399334411103
119.46213482213537,163.2124665803454,0.3064114074411063,0.00827081281398372,0.25802365719464815,0.10663070083224957,0.07324925861403386,0.03338144221821571
134.30137620693017,143.03582159256223,1.8113906515314069,0.011493027821000746,0.14663528637894682,8.135152375652282,8.851340471610506,0.7161880959582234
90.52427430996917,80.09246981246255,1.8548982235313973,0.049408479422719545,0.5410819398389402,33.1755804679113,32.63602417549769,0.5395562924136144
177.37159109207846,167.5313579238748,0.4830997528595781,0.04434376112823732,0.13220913780600316,15.100246451336119,14.569104249832638,0.5311422015034815
171.9886587675615,150.9104898548755,0.3194377236246197,0.08905157574694383,0.545457919428817,34.69325005262506,33.76198364599152,0.9312664066335401
128.786492908635,112.67730636235224,1.1553912443302632,0.0807470962970342,0.23501056272153623,29.057544077957388,28.421074088957134,0.6364699890002541
73.70754366782691,54.35499071831047,0.6479391616985858,0.06777833364142818,0.2830817487216324,22.072768066229564,21.975449668014214,0.09731839821535004
132.2596604052077,157.1442494014969,0.08052885620327269,0.0059737310732634556,0.5431791010729423,1.4760096501230713,2.1504734037077746,0.6744637535847033
161.19601641948782,198.8036283373241,0.21509466385450493,0.0006002352562485491,0.2698722225225446,0.43538651787047655,0.0,0.43538651787047655
150.48006313868672,132.3087696240224,0.5564834250554143,0.06689630754609487,0.5743701365463458,36.79286283312139,36.52709604217469,0.2657667909466994
82.14896042824799,119.61994828403637,0.7921898210428437,0.05470219520037998,0.3215602582189111,1.672898354899667,1.5908416449982923,0.0820567099013747
160.98108572494016,152.91006276783594,0.8128469328737464,0.04719120444954257,0.35395404334389546,27.205258076841673,27.42763421331022,0.22237613646854726
78.88243615819395,123.79199945921833,1.095857107198064,0.025838925405907834,0.48710102517407605,5.571500861350341,5.5521298217651385,0.019371039585202254
58.618897439961366,188.65735115445298,0.3010675076160437,0.022473506544176583,0.5430610265026996,0.00034252857224522683,0.0,0.00034252857224522683
174.10889933532627,146.65266860688038,1.061389929594341,0.06952377974881079,0.16749699659447845,38.813837547857844,38.82471361491091,0.010876067053068539
88.7182249474337,70.66695921370602,1.991715696414738,0.06729157616508319,0.5829411935074501,39.60728000761085,39.2159652323097,0.3913147753011543
116.31275150553145,118.69875574935016,0.391206435204279,0.07067557147106661,0.5178547985551908,15.338708790913579,14.545521170272014,0.7931876206415645
93.27741555573922,123.98212965865221,1.2627294583691295,0.028095779863488924,0.41984197245957966,9.30082726898543,9.54972641531755,0.2488991463321213
123.6231913824955,179.51039828410538,1.7812821380118218,0.0555538847366328,0.5729628722131377,25.689353284081548,25.524992795349654,0.16436048873189435
83.44450017293694,125.98003721908867,1.1534485176438414,0.06368600259398295,0.4412467580251329,6.428454870239207,6.2605738569233225,0.1678810133158848
139.82925555920974,108.61290965501874,0.11722542558612095,0.042947051462335864,0.439186371361979,32.088119601590705,32.548707320929786,0.46058771933908105
196.41925860375616,79.34191020551836,0.4579515578899901,0.02108976336463039,0.5824797381058789,118.00432330221824,117.56539678637664,0.4389265158416009
133.2607984879833,103.77922365827274,0.5089513830644036,0.05217505653112961,0.20286336103156496,32.38107987955165,33.05899705654123,0.6779171769895811
177.49056573803796,124.30816551883869,1.9370037871223977,0.016118635724250773,0.28956073212963307,62.22028267134614,61.76785701054504,0.45242566080109725
173.1917064952882,160.72395440558873,0.11251299206793688,0.09453702101942281,0.3937955796657573,17.592044992899147,18.888425132318524,1.2963801394193766
106.62366186056238,52.5209922949908,1.2754939584622509,0.07286584644744658,0.5119813931042868,60.28276375281699,60.02170994648203,0.26105380633496367
193.17518664519707,117.49836084585036,1.7093197637665938,0.096261486475616,0.4472936985159126,98.58766041269466,97.83936133014139,0.7482990825532738
87.33195922218184,75.17779929719936,1.1651613287721367,0.08977659127003487,0.38484381173777027,24.838403309870777,23.71042649271432,1.1279768171564584
79.03801385125116,139.06622995666052,0.08857352266930739,0.04939950392731728,0.2838533999632543,2.0485970630269064e-11,0.0,2.0485970630269064e-11
185.52321989583825,154.06903317644498,1.832953974582911,0.018037309289195114,0.2624003385054037,46.089727825298624,46.80970364954212,0.7199758242434982
122.73010127638001,106.47708908794894,1.053460702575191,0.08883049804793192,0.4620608377689569,35.90258364533697,35.88144945865531,0.021134186681656786
63.157538824145384,147.1779098263857,1.1981004231529164,0.08974591829543777,0.5656904403433628,3.119963125253646,2.5711701149480746,0.5487930103055714
96.8193586839223,70.40322579267897,1.1783716660448926,0.032491277741308854,0.3366752121015022,31.612209499117526,32.110877577021185,0.49866807790365897
196.3299728935831,65.58423665132646,0.3484872616564675,0.0033719169850465747,0.14943622526577569,130.82275705757735,129.44418046201477,1.3785765955625777
83.17421288109568,83.17494795083766,0.5130003383291648,0.03656077036679023,0.41165889398602895,10.449410712155242,10.244403084126358,0.20500762802888417
154.59234439799584,128.98412384085725,0.6601685987379791,0.04793437896570212,0.47715856164732107,39.39982256190858,39.2886974921643,0.1111250697442756
107.45615889099663,167.4234363471411,1.109541936982592,0.09707285758068644,0.13019727408809514,0.04090347343306311,0.029759389855051666,0.011144083578011443
158.81067655289274,157.56788781975285,0.5721622606568754,0.048294354473687795,0.5235831345893829,27.359914939173237,27.74009787052873,0.38018293135549186
157.3386069933523,124.09360216194976,1.175633276961277,0.07701612605170889,0.5153510611648789,56.580639569614945,56.85630553375349,0.2756659641385468
160.43548955653654,102.43828937480723,1.190223396708213,0.07161496950321143,0.20411467881550135,66.4416533923248,66.36881991780578,0.07283347451901534
85.75187386428613,190.29994986737285,1.9210202207677796,0.00124995352295737,0.2951284341235073,0.5073733841481403,0.12288065402983506,0.3844927301183052
77.96829397918665,73.04511631677754,1.2283298785624732,0.08847214544649369,0.41476492037768864,20.168187444558725,19.541548492570918,0.6266389519878075
74.15786141331458,123.62482065605064,0.08472617866240031,0.08591362763402377,0.3835418226912505,6.944859235786627e-06,0.0,6.944859235786627e-06
99.81517817615071,92.39330831421366,0.31710607408492264,0.08114683073285568,0.5144878690826495,16.496713516145398,15.958534609622681,0.5381789065227167
85.50260053964844,128.67387475891445,1.2764098294803712,0.07660596737969456,0.2348180594197574,1.5644883586026985,1.0550128744063656,0.5094754841963329
147.70024981100696,112.06407142777108,1.1497509238230164,0.08394376314995605,0.28549066016120206,47.962378344657154,47.6647737605885,0.297604584068651
134.18262841741821,74.20166368235252,1.915982139985014,0.05725248150887666,0.31643323958779046,68.62806300114266,67.60986148548528,1.0182015156573812
118.51183975309985,139.9259100676348,1.228721568299207,0.01691588201592903,0.2106627050195339,4.822231420617992,4.602520612483566,0.21971080813442612
186.86981271625706,114.03191262763181,1.815293263530139,0.06456229678716018,0.26388750288537177,86.2936099255796,85.52354729867638,0.7700626269032256
58.44332194729868,143.53506540538723,1.805774901627567,0.06780050100208279,0.22133950563480134,0.036080274616600405,0.0,0.036080274616600405
147.8778801128995,137.2159498764411,1.173493965930757,0.0591289695837163,0.3038922833340887,29.650116141479828,29.861172175033516,0.21105603355368885
51.290743335077465,95.35730678781825,1.5707910605542927,0.027559399477302272,0.40502107901990503,2.1707557441373364,1.9428690637429504,0.22788668039438598
195.28595458853465,173.79674615591603,1.9542612563453183,0.026030936192256104,0.22896818233124275,41.0029408085594,41.315962546651235,0.31302173809183387
144.33644283541082,59.89154972751108,0.130445708588403,0.08598846820735884,0.4850006811525014,85.11293313764662,84.59388299956359,0.5190501380830312
173.11810018466403,151.78341278922733,1.573408409642712,0.02816055711950042,0.28748206693705713,39.347863170101874,39.167614450572486,0.1802487195293878
106.08827604398351,187.83436063295588,0.4789698932217338,0.010093885908810463,0.5434070444777863,1.510802812085835,1.8555812421556297,0.3447784300697947
115.50760838485435,75.84028287001524,0.061372088562180405,0.07235306882689715,0.12838918889660586,40.00334458594065,39.9344515689545,0.06889301698615213
172.5188353917298,163.0474813410215,1.410564888399545,0.01858485956870657,0.11935998681225105,17.751720187259806,17.851650668511926,0.09993048125211956
142.51741213133118,173.7046189770019,0.07519999865356551,0.04401585550765254,0.3786706720563967,0.19273770235539622,0.0,0.19273770235539622
82.41602005587796,178.33710513135745,0.5777053382017773,0.076937048268882,0.5928682730158373,1.178172660931157,0.18736704165054618,0.9908056192806107
135.18355768216847,174.32490593294662,0.8876476307279192,1.4456133127294103e-05,0.5064311803810037,13.556055023308296,14.006373923370226,0.4503189000619301
167.71112718641726,121.50166640883211,1.7415141795624316,0.08736524009759444,0.40854307737786644,70.62484093716596,70.59539594728014,0.029444989885817563
141.17868692748362,91.59559906745508,1.518968811221772,0.06622409360712893,0.49483122311469674,65.09628678320951,64.8327781943156,0.26350858889391304
185.15617221080177,134.33224190911955,0.1522594007304127,0.0005259313989879445,0.5502426640019182,51.83446326233049,51.87561700007258,0.041153737742092744
68.90791823746488,116.72563379159382,1.2560422326368466,0.058504042309211496,0.1640424400109696,0.035130975076108406,0.348309434216155,0.3131784591400466
189.3743948406605,119.82350563090755,1.3823914966772037,0.0738103002182743,0.21654288837714022,81.35168620912232,81.0147156350274,0.33697057409492004
182.1418853278691,144.76547435939523,1.0542515028530832,0.014202596479142272,0.3394135601157615,47.45767452639819,47.09414291370429,0.36353161269390455
152.45783255580864,103.50025312506492,1.592325281710075,0.0357302354772868,0.25708046645463556,56.22079715859813,55.93326804509086,0.2875291135072686
60.98647428747665,82.93844064932745,1.4339630075289653,0.05092210322770383,0.34509316556081726,4.9823541791790795,5.2495255867364286,0.267171407557349
131.17187813157798,68.2979231673605,0.20681269552891823,0.0875708553261865,0.53479452517033,64.1196061834367,63.82590037929184,0.2937058041448637
155.03845983084886,103.02564851333217,1.6170578911754037,0.057470508820520655,0.5899931009545089,74.26824835303502,73.73145433415132,0.5367940188836968
98.98980908216271,133.4095589560827,1.9576773315459954,0.09596406900619855,0.423493366680634,19.035742001688455,18.842876243252782,0.19286575843567277
187.54644117933606,92.76092241679589,0.5059265476428443,0.017989462904267197,0.4263351900994904,95.74997631070215,95.97388791118892,0.2239116004867725
160.61906677877232,131.65429282506602,0.45053426521360335,0.04244001685492654,0.26994150925688776,32.909212927123846,32.72235087616491,0.18686205095893627
161.43594647871234,52.098016021446576,1.652084180870921,0.06470345263933439,0.30559032896221705,114.62708908786196,113.8662300556384,0.7608590322235642
178.46144459836088,63.46966955590696,1.3926025329956673,0.0988077092306863,0.3275954468618113,123.16395129080924,122.52017769209814,0.6437735987110926
121.90543461868106,62.13119315277866,1.7552489772566582,0.05809658042633292,0.36042811794404683,66.64469350061802,66.01124102706089,0.6334524735571279
127.41317018856687,177.35836289873203,1.2613692208614606,0.0408962648190668,0.4093594814682232,11.069687142804035,11.350606206935463,0.2809190641314281
105.1267715172692,52.11648363138953,0.52012809221271,0.011016582773832152,0.3095022926467197,53.311463857081705,52.497216941095004,0.8142469159867005
144.73033297681593,71.22533916364416,0.6137558284144722,0.05532695437903948,0.16166769486364405,75.88300593835068,75.4290308149557,0.4539751233949829
121.53005936941847,158.53524720418193,1.778954538853611,0.07462264781816494,0.2957316577562077,12.834714097124397,12.299707757000242,0.5350063401241556
120.74530055623056,117.97505991934307,1.9836641207400965,0.06340598810153879,0.43773585294585016,36.33188120954148,36.38277621572357,0.05089500618208831
161.71269785957696,67.4729345047586,0.982725884314184,0.03893445447370845,0.12858067065767462,96.77264043370383,96.73378956159169,0.03885087211213545
174.98675582019865,113.8524850071362,1.4529588724618558,0.026568561933363866,0.39598201873142846,71.04824940514374,70.82962566604468,0.2186237390990584
160.21040291913036,153.83155600259488,0.2589275562673008,0.03847658716476754,0.23030288978686816,11.92216704725007,11.881887480148539,0.04027956710153191
107.24158129312528,102.26789115488084,0.41336747774976174,0.038370616800976955,0.44838342612080107,15.489711176584464,15.084939643921317,0.4047715326631476
169.75262191397917,119.50414915850205,1.9688861666748216,0.04276645725858912,0.30449369489231526,64.52269465351155,63.88846939995595,0.6342252535555986
81.90255999291635,162.48781777132336,0.3484443723029976,0.01018951591062074,0.279203419891333,7.363999204316671e-05,0.0,7.363999204316671e-05
130.00820012524213,89.29537959228347,1.9238414964402701,0.08737684748509089,0.3622103126116898,57.99379038619739,57.27943340732833,0.7143569788690627
138.11414030459505,87.2066239402112,0.6970113846153088,0.07239145087785702,0.3793429634445329,55.95873059146432,55.703049247912084,0.25568134355223293
121.03945233862137,57.356010217833806,1.0905410827537425,0.020939468279400852,0.5364260754686585,66.72107046841889,66.8891337155695,0.16806324715061294
85.3212755602632,86.01297754204397,1.6344703256167088,0.06935873587083069,0.5434474129731455,26.52902077821657,26.481940089675494,0.047080688541075943
145.01478926099426,55.1242499581992,1.5295224602922577,0.09464880055565643,0.22653106735399184,97.32018384503101,96.03333643661733,1.2868474084136778
103.42331714096636,187.5859578285264,0.47065741063790406,0.045753074007891505,0.5911472030109156,1.9535020018055995,1.7360065926640544,0.21749540914154508
72.33333710927769,110.97501835173946,0.35027065008322167,0.024187727520459702,0.13193171470970558,4.7127498855447745e-08,0.0,4.7127498855447745e-08
85.11551342373424,90.13872137893046,1.3348466029805564,0.09160661606921353,0.16618454167987465,9.336880634697422,9.021463528518773,0.31541710617864993
131.55955263852454,78.72204138953512,1.9741534000867367,0.07123481585441437,0.5237368634001001,70.02946531077589,70.5438233220921,0.5143580113162045
90.84884092967616,185.21945326772567,1.8871316682252977,0.05586533437471445,0.1852614010407577,0.0886021663106289,0.0,0.0886021663106289
65.35693257243221,77.26843294591635,1.1923610069764756,0.04528016538352284,0.2778751044921737,5.001230623275795,5.0334808406288865,0.032250217353091415
105.06688838842435,126.30821383429851,1.0612714049183196,0.006455256507893969,0.10168168750514242,0.22381597636740125,0.31355181699873214,0.08973584063133089
121.61376278876928,139.75662748471888,1.3164083559538482,0.038538537156102885,0.20772317602191562,7.2683633800244465,6.838008822917448,0.4303545571069982
83.09873446828897,176.1349188266486,0.8940614989414114,0.0778098669385298,0.5083934172436656,1.9390768506985827,1.7276769446523765,0.21139990604620618
188.58506008181448,64.66806457688236,0.5010979743940966,0.027619562493954,0.589482554546424,124.87203571166569,124.7257369029044,0.1462988087612871
107.77580433740323,183.91264446003726,0.9252872949848794,0.02100190441184653,0.28703784751318784,0.46226852173504795,0.12420996368648929,0.33805855804855867
197.06433687576776,74.10560123732836,0.774169127851663,0.02847050058211842,0.20484046549976923,124.57422704965656,124.39451837340624,0.17970867625031417
186.49656597756777,144.5582382807596,0.11938598807450895,0.0831984620724128,0.5603366529490457,44.60978990353911,43.927498722397694,0.6822911811414158
75.69369561391832,63.27825396361664,1.37651299417732,0.007798668452153757,0.4226524583372817,21.043284547690327,20.586800632686597,0.4564839150037301
154.34702072034383,88.82728823206732,0.7152611204799839,0.026900754787869987,0.5459309438303088,69.93801187698055,69.4229977145799,0.5150141624006466
180.79847955858284,184.55585620363757,1.4995703136978407,0.057211085101027195,0.1358878729520883,18.196196300430287,18.539450645413474,0.34325434498318685
174.4979973477333,196.21376846668696,0.6222255826497711,0.04256348144579485,0.14135401472962192,2.383779946443539,2.989122629169241,0.605342682725702
133.42798753621798,193.94434849845504,1.6206756177255566,0.0569308508094831,0.14995206733797076,0.9047912110065681,0.6123941184559598,0.2923970925506083
62.07737442226403,187.16419290550692,1.8256973488673165,0.07113902840768736,0.17228114830056998,7.307260472470996e-05,0.0,7.307260472470996e-05
182.68779671217808,60.15619811054442,1.6057452485793686,0.05935466070454252,0.3340808371404833,128.0270131096152,127.19266469249396,0.8343484171212481
110.25380380293808,75.0926645383847,1.332058553632587,0.013454281352328724,0.37525610536549947,40.16550382693479,39.64919618328432,0.516307643650471
160.81065661221402,177.2383072669606,0.2878270225456574,0.06433134359985224,0.3645697711957592,7.492189263503093,5.887683581092009,1.6045056824110837
162.1684584719997,59.612783529714676,0.9019620537988492,0.03216467655474753,0.22333162300508705,104.26027680501562,103.73109659312662,0.529180211888999
124.51066710770965,119.6628986069397,1.4559345682696978,0.05003016703097246,0.18747360368760832,18.52325645819191,17.5474856883706,0.9757707698213096
90.08257447727458,177.3540859082149,0.28197822256093313,0.013805571090337643,0.554424441730344,0.1397190629910363,0.019459681625392022,0.12025938136564429
193.71388687409745,145.93959040321567,0.863673228731743,0.014717913804628158,0.23492444415919492,51.08619890227729,51.13732343917198,0.05112453689469021
62.89735251664177,154.61843795597142,1.190901212877389,0.009264131364306883,0.5535772784958483,1.7961476931217337,1.9682747446305449,0.17212705150881114
136.38158878038243,139.1939758709117,1.9817198061521655,0.06231631614634691,0.27590244731181546,27.34041527232381,28.134663646650015,0.7942483743262052
167.3212635983109,121.76142967940035,1.6799580195536692,0.07887540308238374,0.22253539476862608,61.64372693653317,61.238316510582656,0.4054104259505138
148.92686010369994,95.71614226500671,0.5769782414257748,0.016028697786254698,0.30471649872331286,54.35730492633742,53.730793444367826,0.6265114819695938
172.0502114920323,156.4485707448726,0.11912934347047671,0.0751240343820014,0.46247220013045875,21.02853540568732,21.042415507413338,0.013880101726016392
187.6134207708073,78.12095057873869,1.0953302286715443,0.011115607717416388,0.5190382904422502,111.79745080769605,112.0499116825692,0.25246087487315094
99.03944905839177,168.69957165875132,1.742096062806116,0.011577662169850712,0.3299887839854262,3.228732453919884,3.0215719844593742,0.2071604694605096
160.16507452682464,161.97170474691274,0.4358737148509874,0.01845687403027818,0.4947273183859431,20.557248294981974,19.76195059118288,0.7952977037990934
199.8043238780574,187.26856488799567,1.1756136887821136,0.09250807726193083,0.22761030528110573,38.230402688794385,39.41081423489007,1.1804115460956837
195.75916000663528,69.10531953654751,0.8090086145221169,0.07193482957290484,0.40056721655580463,130.5734704909492,130.7076661050058,0.1341956140566083
197.7568813527827,143.9597811302816,1.0601358318235294,0.09678458946211249,0.5974053088359714,81.9546848162082,81.76195228957073,0.19273252663747087
58.7250336984949,72.17712659352473,1.5533842434878045,0.07168264679643818,0.35318235921222507,8.060471844098291,7.748056222220249,0.31241562187804206
50.73251600018716,153.72912793706848,1.5903044602210048,0.055650399648358245,0.5712898940064817,2.0577171889941317,2.300825265471751,0.24310807647761923
149.43915508409282,113.15245565672184,0.31561724003150304,0.012913055555683096,0.510399197743391,39.92053678321162,40.08580078834737,0.16526400513575368
147.49440416626047,144.2937918623034,0.7080187874751307,0.02597332902271844,0.2843039462184028,16.87446445963738,16.519468313929554,0.3549961457078261
128.410336815786,129.9981659396903,1.6692069984088458,0.09127164825486592,0.5339572510366338,41.416828892365935,41.804736509238005,0.3879076168720701
132.86976001659406,66.18384964241103,1.1114902496346084,0.06836531969811789,0.23488692146984866,71.53421690335584,70.98907669765899,0.5451402056968533
98.36143030704818,177.70551606140788,1.4252672361434324,0.0007438279748016252,0.288251574343773,0.7914442131619035,0.18891291646720276,0.6025312966947007
138.8876672087963,143.09913159951273,0.8236774671204449,0.0846629367456124,0.3126486406031084,18.227380806722266,17.35036026992334,0.877020536798927
61.20798979625537,192.71362457789013,0.10435534099273114,0.029289979153065505,0.5723691529692516,9.4677227364549e-10,0.0527096714650952,0.052709670518322926
57.216279202500196,87.09923580827687,0.4246587728814674,0.045170328278394026,0.25663683097758494,0.03191879345639026,0.14205406905798412,0.11013527560159386
149.8380750684883,95.86431268855027,0.806102293330499,0.08431388844261611,0.28564387899609334,60.51905820720195,60.403980243881136,0.11507796332081455
199.42473316368876,192.56036921565274,1.6327762623251605,0.08912123605603718,0.1190807490729163,34.53736329116367,34.43750697622325,0.0998563149404248
63.52765726116756,123.99368668928349,0.42243516535288905,0.0035140194963886873,0.1539198480009389,1.6299910777267963e-11,0.0,1.6299910777267963e-11
97.91205888553364,54.52488285583102,0.19142955091302716,0.03853953891741098,0.5982799200486303,43.86477738029599,43.29163173649506,0.5731456438009275
88.1651603855465,67.64083449700993,1.561025578489052,0.09971802914851802,0.3929134561544535,34.01560759971959,33.64886794764416,0.3667396520754238
77.03709381831084,198.03292371373084,1.0708088934275157,0.04451946084566301,0.10477323625306159,1.0410280698656765e-16,0.0,1.0410280698656765e-16
108.0959907980968,167.2567489830171,0.14885253520609076,0.06353949882035347,0.13209745669640313,2.1082195520398462e-17,0.0,2.1082195520398462e-17
139.42205774000303,77.7153499120974,1.3007573883319334,0.04325665794832054,0.54050975592636,70.63387682859883,69.82616815198605,0.8077086766127763
146.92687529151135,65.44294101953312,1.2129573123625872,0.016967500793481895,0.3775777972671327,83.1590819467047,82.83521550914918,0.32386643755552313
164.63590388050997,109.88186489335988,1.6028557243456365,0.05040348150703582,0.2192371099721521,63.861067049920834,64.59553884284898,0.7344717929281472
102.71066548225436,95.67792494667746,0.828764436177243,0.09232877555592806,0.2006628450909709,16.144568292878674,15.290579897199692,0.8539883956789822
155.77480679395026,50.92450042270053,1.268938728377768,0.05576573708517925,0.5236758883731326,108.72870839754952,108.13743476376789,0.5912736337816398
97.49113585424756,78.81030509022517,0.9039194659004878,0.06407282089179968,0.3232433291058576,25.81898501963662,26.03922796796953,0.2202429483329098
176.71753963120938,139.91487928262939,0.8119189633103707,0.08887906745349826,0.33730025345664083,50.31446366958423,49.515268431312066,0.7991952382721621
176.11773127062062,87.82290894187095,1.4554169291248473,0.03003017506417858,0.5656187609226547,97.71457931857772,98.00283524841254,0.2882559298348184
91.7113318671886,191.46711759436104,0.234753274761551,0.061133679956541426,0.19897483742653552,5.799982564193725e-14,0.0,5.799982564193725e-14
198.02745383031464,103.43418716938857,0.6546465244353115,0.09854212978596724,0.48203511738720106,101.75883120892368,101.35633775848119,0.40249345044249196
63.90850065145498,93.83856095527912,0.2723223960292706,0.08731073957765212,0.5504822043776483,1.094146897969515,0.5864549706598723,0.5076919273096427
116.99575467852031,125.37357548630118,1.7261551765545353,0.05786862019408881,0.5299973934377544,33.173544145672935,32.44269813083421,0.7308460148387255
179.13457652129227,179.99718974592835,1.6763566770799867,0.041779075018878634,0.5926288094568571,57.66318100449132,58.33744153906595,0.6742605345746284
93.28018546727851,57.10753066272976,0.5602330795431727,0.014277877830301301,0.27202667867977803,36.66216993560194,36.045418414611774,0.6167515209901637
181.37668901440716,186.7157759255703,1.705763003631636,0.06127856225223154,0.4198945235210878,44.70939895235705,45.19519699541408,0.4857980430570308
177.93918965291033,120.57148165717913,1.8299793071178634,0.025404200102031718,0.5516119818568631,80.66196353699637,80.99894947599083,0.3369859389944594
82.0024719968149,100.29226752344096,0.2889701109422518,0.014114355129728251,0.35972124023545815,1.3989003804189597,1.3254511916653264,0.07344918875363327
192.84756604996957,183.2436243811588,1.121565025155597,0.08850604757902636,0.26432581666079513,36.21609232442789,36.73813974193079,0.5220474175028968
196.6596667683014,172.01719679595766,0.7858736571796563,0.026600921269743893,0.5412008078074907,50.45774623907273,51.34463587500174,0.886889635929009
77.86492023066307,64.76053964133837,0.18349121462652335,0.053080549140765036,0.5025017166172567,15.250517524826087,15.018557345341062,0.231960179485025
181.31585406319473,185.6838652651425,1.6969774789746372,0.03800551418516486,0.19370934116897107,21.686726705119597,21.666078986733837,0.020647718385760072
64.62242585200424,112.06632774258804,0.2613322299693456,0.023005262911439353,0.4746488953121796,0.08814562305283102,0.12787351098214117,0.039727887929310146
110.95394578469572,111.35863496859356,0.6567140539521057,0.0491152740038798,0.48299743681345786,18.58239901368693,18.6904418344469,0.10804282075996952
50.102607422395614,194.79213564708206,1.4587001680800538,0.08108479986873435,0.1199036079587211,8.661384810183573e-18,0.0,8.661384810183573e-18
94.44669318071931,142.0301755345485,1.1674343185139162,0.0006819007799932054,0.21861482475629687,0.4691984188838969,0.5290008413292,0.059802422445303094
147.35199555122108,142.04795069213998,1.8753213027527833,0.010785101958527388,0.567223197598763,47.49280443136011,47.46237195907327,0.030432472286840095
87.35339944518478,168.15000449567427,1.448109382303536,0.08222398748490661,0.22054403184337243,0.24284814691556011,0.0,0.24284814691556011
168.33682793660984,98.63917627161396,1.1193408363232873,0.04101226808476787,0.16247171938802343,74.12553426506136,73.52751410541491,0.5980201596464525
75.24240739916348,199.49859179501757,0.8793718859546065,0.08517516303615197,0.15408195819322887,6.070070973386364e-10,0.0,6.070070973386364e-10
112.84295563803516,161.08869238361234,0.2964949593090558,0.04861747574072284,0.5943390808930366,3.2171170070746626,3.7470170095591406,0.529900002484478
134.23575713019193,88.60790481179541,1.2365098983490783,0.006882373680585763,0.4404373299155827,51.96443885953002,51.74806703421318,0.21637182531684118
133.8190375586252,186.59860700993693,1.800299410694458,0.0570551007638688,0.41095041373134755,18.263296458397477,17.924123334385165,0.33917312401231214
184.43760839129467,145.19195196921987,1.9802899303525436,0.05357083382539535,0.13749128830424803,54.303238067113426,53.273785653638456,1.0294524134749707
129.3646030099888,85.82703825823238,0.42434100913304723,0.0436102741734114,0.31790289545558825,45.26219162556173,44.723038421653854,0.5391532039078726
52.49466234844331,68.2619630038742,1.0830325369362115,0.02486754883600424,0.1584777186513914,0.33402028877955736,0.0,0.33402028877955736
153.80510363197186,138.46833896503736,0.5103577832116205,0.0858751783657791,0.5914096575380606,36.036919068832574,35.26501572558078,0.7719033432517932
61.57844381591067,99.88669408463184,0.7493267789581856,0.023321204591407685,0.5722899314372492,3.517119151429652,3.296956803372158,0.22016234805749413
125.74476612763145,92.88943901570968,0.9260371281236112,0.05394460169962852,0.32685189037911255,39.543221183032244,38.82086638554446,0.7223547974877818
101.33726389602555,87.57568524801714,1.0648847371591341,0.07283767755739745,0.5182431602940757,30.98228035599142,31.271587492095943,0.2893071361045223
131.67982962229087,108.56778283086284,1.7719499189946517,0.021061719141123893,0.47196296815442085,44.53641858711066,43.683617017584034,0.8528015695266262
72.88484070257195,100.5018192852141,1.1134613259831523,0.05302045539137873,0.5131146024293275,8.95134192641283,8.455634528310206,0.4957073981026241
166.92569793450895,163.88785678442795,0.2331593612463227,0.0004076182382657168,0.205127865007205,8.172821098340876,8.448990050136128,0.2761689517952526
135.39707126171186,151.82758337734955,1.5328388578303989,0.04690735565631904,0.22451717047672595,12.522207715602988,12.320514286731726,0.20169342887126263
104.92345517036298,150.56296696313836,0.6350452247757947,0.010314588865228591,0.47493485001979363,4.399000637812243,4.66215937103625,0.2631587332240066
185.8592345946283,128.542301673802,0.576004125725402,0.07827370510680184,0.25354131213028497,63.14649512174354,63.014725048307,0.13177007343654168
117.45205485107296,122.53449333727139,1.372455976615043,0.05701705690035189,0.10611479899331497,8.025354382962561,7.856263767440975,0.16909061552158633
149.82809689195352,151.0730135409707,0.5498786113104209,0.08904936550191311,0.2824719755118411,15.464913439621967,14.878197093004335,0.5867163466176315
101.7131747758142,115.85688388963653,0.25299814198215387,0.07731582022315064,0.509014748333761,6.0186141319260145,5.834948757985316,0.18366537394069837
79.08894490771907,72.96931043998565,1.2462935703981448,0.002370399465049822,0.5314785127103482,21.048067574897246,21.03015140080269,0.01791617409455526
96.56024885451029,143.80569797957983,1.4339492988063647,0.05724434883311807,0.4656613362197157,10.99070527875639,10.506929082395658,0.48377619636073277
131.5591192036403,129.65328130274543,1.1999398327247093,0.05907924879602601,0.15179861208191067,14.827307101534572,13.601902149946177,1.225404951588395
137.52335724235706,78.77217063914455,0.3109692263810141,0.006892080956730895,0.1285503703967721,58.91983230778288,58.57893991470578,0.3408923930771053
98.82118187927352,160.0162811172857,1.762397161390817,0.0060453488149442075,0.17122537190260703,0.19685191019199788,0.6775523712869358,0.4807004610949379
166.09982331419735,64.52128551215097,0.6985550541629408,0.05539756783933863,0.39926597821951926,104.04297492976772,103.9049659720862,0.13800895768152088
57.684522905760176,97.3537471982981,1.1587281514995027,0.05065236051040681,0.382059202257525,1.9084921251450577,1.4352802269579819,0.4732118981870759
108.99528255489618,180.98763989521024,1.3424279046300205,0.0025599690056562043,0.4551450463620227,6.560920781439702,6.64339127243279,0.08247049099308867
101.39754440504609,187.3852999190718,1.7078411016772301,0.08966303285874572,0.564956795360665,14.724571878465085,14.615529532998025,0.10904234546705993
184.37197832255268,94.13061754168655,0.062048556517277774,0.047743860530426764,0.5220106279126004,90.51980454375912,90.27269375123323,0.24711079252588775
133.69294740330568,157.24346681398447,1.9126349811927281,0.03171323411724861,0.4077906039652476,24.616973476688507,24.91355222953473,0.2965787528462229
96.28317683836374,136.61589445591915,1.1412751550541287,0.09937064765910775,0.467712399741955,10.990435696545362,10.262135208316337,0.7283004882290243
148.00927992611113,142.06991910427422,0.19725773280663322,0.07549714072247568,0.4524208359731039,15.98346210199891,15.391230723491905,0.5922313785070052
104.57701715382245,156.86290207292598,1.156059608936953,0.03661717316906071,0.28744947204802573,2.270503886945816,2.4834371847610655,0.2129332978152494
191.7453013135222,124.45562481537476,0.9072492840537845,0.03531021982727228,0.25691378490528705,71.62533469522808,71.62665892423809,0.0013242290100095033
184.95391275443808,99.37739662880395,1.9698670694675529,0.04366613859522796,0.15181126595122443,93.7705488632769,94.64004458735276,0.8694957240758612
169.7011782326879,73.7028093129089,0.9039466075556954,0.05968600039973763,0.16269881062479122,99.86948538878474,98.54054679404219,1.328938594742553
68.07227062086766,133.73988361299226,0.37613904756662087,0.06521622906100909,0.34797397519974116,0.006415704549118287,0.1303108518550502,0.12389514730593192
141.076702113027,54.06504154621062,0.16578183015230402,0.09945715610061318,0.16871489061611736,87.89578636301147,88.56781590267941,0.6720295396679461
179.05174594958365,184.93692431332127,0.4538200276039465,0.07447484888107125,0.2878155577784357,13.948942086472314,14.135592765553636,0.18665067908132116
167.70328291556467,155.82205289672734,1.4733086239730362,0.06440118229300909,0.26388923908061157,35.306657523736945,36.01774922441469,0.7110917006777484
112.04749085271523,183.91633528585868,0.6123869892782008,0.03788971177702673,0.177295788427378,0.0016727171568437366,0.0,0.0016727171568437366
115.22016268248912,69.14862919265838,1.2547189274724233,0.079488183666208,0.35233130611296304,53.50564926895322,52.963649856516824,0.5419994124363967
117.19211569720834,139.1637746987691,0.9278388742717715,0.03988042164071958,0.3156110205001924,8.177596898161596,8.670609868812498,0.4930129706509021
108.39265376473313,196.82760055225228,1.6397654691123649,0.027377786811462603,0.5915079514149376,14.138328006626374,14.345969611378212,0.20764160475183857
72.10448997871185,60.07228884705498,1.8841680102809233,0.015081525714386035,0.13344732068065543,14.448600541109272,15.29480641716119,0.8462058760519184
199.01268077015817,178.08150956246826,1.1718093647632535,0.061026707753383175,0.2318793576185578,39.40868592585808,39.70169256868364,0.29300664282556
188.95874512468362,50.39673822279992,0.20920737794803312,0.0245067952645895,0.11802677458370794,138.81972986099913,138.4620093107646,0.357720550234518
188.4501257715912,125.24979785349478,1.928925643431308,0.005847430770249584,0.46331477035585555,79.39045181191898,80.72258292005753,1.3321311081385545
132.948959787935,195.60962663617667,0.6409107445653722,0.010338141321835238,0.14680141050714537,0.0031322099449845736,0.0,0.0031322099449845736
198.2905847779365,168.8452500007345,0.1674404648161384,0.07044360471577542,0.254357856031029,31.808270206543853,32.59575289088656,0.7874826843427059
164.38388376842744,52.61134009033501,1.4300225333400567,0.07554365223854581,0.5562377848635749,117.82185774052431,117.41620895749176,0.4056487830325466
153.53738914914152,110.97455112743484,1.343389993325338,0.09895121771267971,0.48581767792716324,64.27374697481693,63.7579253827794,0.5158215920375326
86.68048636277089,165.23009088394332,0.9318331630839685,0.03515809039850581,0.216629726503027,0.012037135786107378,0.29912558635616193,0.28708845057005455
125.82542290356005,66.99441499645405,0.24979130579883396,0.09204000371787341,0.36249189749424726,60.354317323929436,59.80189746232288,0.552419861606559
104.7376352965511,104.64670618521193,1.7845865519502853,0.04243757473841475,0.407278467752189,25.698967347496797,25.715405828334482,0.016438480837685177
84.42771122261277,69.94152650722772,1.0116371001819775,0.0446018028669041,0.21665517003548299,18.756925340324287,18.56626411900471,0.1906612213195764
95.87437334972401,126.58898676822596,0.7185142140486311,0.012876226909386536,0.42007286468044225,5.035638338692543,4.630922000185862,0.404716338506681
84.49220267279486,127.77767461934161,0.1493829455665721,0.07880874786179155,0.14096703629444865,6.021731973357166e-14,0.0,6.021731973357166e-14
134.15616569770492,130.06678660225737,0.4462379681193246,0.07705932100991075,0.44993246689842226,20.124305795332447,19.03835283690779,1.085952958424656
184.16801030271935,115.86185224292686,0.1956857908195077,0.08416094874124289,0.23021306204808892,70.19867546217782,69.75654373022327,0.4421317319545466
78.68011985520587,139.16155969848757,1.7434821456856737,0.024596595836069046,0.5758931104967498,10.803010137634402,10.808260924170913,0.0052507865365107875
133.94775716380474,125.80862641547753,1.243599855380082,0.003998061134155429,0.29870159271800734,21.869085979066753,21.669550489780605,0.1995354892861485
196.31064857393324,147.4565911869843,0.1747335238317328,0.06404173118545715,0.507005723746401,51.79575048141231,51.06911441311901,0.7266360682933026
150.48314799734754,128.196237735814,1.3540122891640431,0.06817082628839137,0.22618214167269882,36.711477632359035,36.81199807960213,0.10052044724309184
143.22208363027158,118.69478029559743,1.7568043830045494,0.090866756724915,0.5426429959082725,59.05914913469147,59.00048993033202,0.058659204359443606
182.62185670502257,56.28713341425549,0.7367293234321522,0.05798312204040549,0.3860177030387466,128.68946674162794,128.28277709307287,0.40668964855507284
52.18753485594664,53.325035666211335,1.4962110022930013,0.0035077076785373974,0.5198833538003221,12.70205414094982,12.684296814464815,0.017757326485003944
194.31741597363217,189.3965205845317,1.1544385061874836,0.045599020526582594,0.4424857985408658,42.919627382683146,43.832740739708754,0.9131133570256083
181.93435882306272,143.1566901692168,1.6580442783721423,0.06318540942939337,0.36652493065189296,62.67616508154477,62.41336490844858,0.2628001730961884
79.20424863437594,52.77100737765018,1.8790172502315954,0.021722609111181557,0.3630536167795301,31.66204595237931,32.3035774936411,0.6415315412617915
184.75498210423035,195.4472322913589,0.9883814812754458,0.09823173361771345,0.22728143664518527,20.246584283410144,20.309221086637045,0.06263680322690135
145.25493423103703,68.69041008962432,1.3843253059285106,0.015394151969727444,0.534652823700365,81.22077559619557,81.2543634478686,0.03358785167303324
175.38924607880074,171.8534874383282,1.1252266555929675,0.08503709787321995,0.46556983373180827,42.81175424166268,42.75766597668132,0.05408826498136676
91.96936830069744,179.44794142985836,0.4855993538551062,0.09065681934194121,0.21115386778312115,4.357442378605399e-05,0.0,4.357442378605399e-05
192.91331432803918,79.79152755645131,0.9582941674742381,0.03002275262094143,0.4374428858524858,115.6918077501206,115.7784415213063,0.08663377118570281
112.18220361354784,187.85978280054132,0.6809349253558588,0.058324771674583255,0.5304643386769909,4.317050566466236,3.9634638116790306,0.35358675478720514
178.0445259720101,72.60816880475157,0.7354536140327868,0.018820410954030888,0.5564494305578044,107.00416422093224,107.4788955414675,0.47473132053525546
181.1173561981743,112.22507298187438,1.384975678378168,0.0029607464771224004,0.3731946892422322,73.57937984917794,73.38469646776574,0.19468338141220443
141.8932218190323,80.88390143362452,1.458554647907348,0.002340496061811959,0.18162835437562644,61.32161779521989,60.30402319179018,1.017594603429714
161.5189941833578,65.84646891125794,0.34807426498351796,0.06991200584692184,0.5110046363648,97.26502099454495,96.80718593302731,0.45783506151764186
177.89620438413283,102.6233180308457,1.1961743056888636,0.033473623873982915,0.5431707422957316,85.75531741583391,85.36645459387614,0.38886282195777255
50.766876967556044,172.4023891906648,0.12820858961682222,0.004146889154020983,0.18218781311080487,4.29286539792178e-79,0.0,4.29286539792178e-79
158.0545554193783,174.1824186816457,1.4601645867807216,0.05991961029687616,0.5704150355386858,42.05985489702172,41.899959644609574,0.15989525241214864
136.7058871879898,92.3223018271583,1.6120718317919727,0.04320271837244525,0.42689832205951594,56.88981942054292,56.862867070330296,0.026952350212624765
176.32319832753078,183.10203441343288,0.3149171182828487,0.02709217167042799,0.16786796704698434,4.4304953815211405,4.661969632149173,0.2314742506280325
191.41523599440805,104.92232758135063,0.7185409616629281,0.006205504925278049,0.28765793135494144,87.03187416195655,86.61856317721463,0.4133109847419263
54.70172625641058,99.10982036855779,1.116682028698006,0.058952591401250254,0.5532773261347601,4.046034793534844,3.777457022866816,0.2685777706680277
151.30871910187375,163.56975133916575,1.187781185998224,0.08331217879965833,0.35169804103539404,24.365973486640428,24.54434538327002,0.17837189662959219
87.84314382920553,97.56350246204386,0.7577065575047789,0.059889186615409665,0.5310615414604313,13.98838831031491,13.556055404126777,0.43233290618813314
144.9113691296686,175.11124484589737,1.321536117300224,0.09670002538180421,0.462664004455542,26.961401751808197,27.272399413379674,0.3109976615714771
116.95842382155642,104.31606675508431,1.5726059652374977,0.0023816388973491812,0.3434318509503943,26.038351950870684,27.039680224058458,1.0013282731877737
55.28363584558792,86.78704435765806,0.2263610819885052,0.0035941140384510907,0.23291275031045736,4.144936851155226e-05,0.07002700321503852,0.06998555384652697
112.53340528923275,146.6722760976021,0.2787511703482266,0.0481514825660285,0.1336598644031707,0.0004067653608205747,0.0,0.0004067653608205747
136.0185381166689,127.76705679316959,1.3324735805599301,0.025025361511766975,0.2952764745210883,24.469160048690256,23.60748236612947,0.861677682560785
135.31117939293406,171.80974490541024,0.7317471663364925,0.021164405701552202,0.3093739693952833,4.428726052103684,4.496096530478429,0.06737047837474464
126.10373324776916,133.58313911566222,1.9564192915808745,0.06915285047477344,0.32894575767565015,27.10734816154943,27.73936296318606,0.6320148016366289
198.5361160782962,177.5561371330664,0.6769361616331242,0.04267886032507715,0.5369958756642774,47.05209555230981,47.030340785224475,0.021754767085333526
136.32937176920998,97.13235359104434,0.6044092384382528,0.09181571801644263,0.5998309017151547,50.12867791811091,49.70652017993422,0.42215773817668634
60.72437734767024,51.57714065163686,1.6149419751926812,0.024301960497840447,0.518725962782203,20.453886372815646,20.50629495974551,0.0524085869298645
198.0941904235867,187.9773915171175,1.0376738783875898,0.012745255899794028,0.5979522482750781,52.44841308769503,51.22359504714733,1.224818040547703
60.48974472152918,161.68845640295865,1.3870326639831907,0.022947541101557434,0.303782813035928,0.04159809170027767,0.0,0.04159809170027767
182.55574751796166,172.41825205857043,1.3476028633977357,0.07095297013882033,0.3143650223743424,39.581009103836905,39.970115583960414,0.3891064801235089
88.23525448123237,132.305905871575,0.09107942557759621,0.023967629023618243,0.33477649017777256,8.204950698424956e-05,0.0,8.204950698424956e-05
154.89125178465792,90.92630730046253,1.606295373314484,0.09937830800225794,0.26703212190484826,77.65563224386152,77.0568886851344,0.5987435587271221
129.72083927983627,81.43240846552682,1.3812015359937444,0.080992897028699,0.16810473748309615,56.9165820941471,56.22185293109652,0.6947291630505816
163.6900560610166,180.13025238960358,0.6702942883626105,0.08022480580994229,0.5284393438624162,25.261598504107482,25.732984470670576,0.47138596656309417
126.91454460955667,144.28440889431943,0.8654780036616485,0.038617081623850275,0.585507976065551,22.705119838616746,22.96555470002597,0.2604348614092231
103.80091872918669,177.96193698288826,1.0537630244056633,0.07372030827130673,0.35294907004980536,2.2553020075836674,2.3674941757781482,0.11219216819448086
173.9720113704926,110.35212010139699,1.349530499337147,0.030639077956054108,0.599683640181244,80.86218017291742,79.96423592986211,0.8979442430553064
133.10937791814834,52.58693655558193,0.44011076013986394,0.04927202265850855,0.3158300987495736,81.65053137372612,81.45772118156016,0.19281019216596462
188.5905867157788,127.70901328210033,1.462208113455469,0.054439335162252224,0.5157479456084503,82.46030512557516,81.65648807101903,0.8038170545561343
169.15213398303933,181.42327919942403,0.19595785145283356,0.020868770015290673,0.41262356371940456,7.781067003363518,8.17952607808408,0.39845907472056297
118.86854255953212,117.2649988055989,1.720121848991338,0.021217728182115127,0.19731196151772454,15.063477686658203,14.800293923892138,0.26318376276606514
188.69753294876935,108.5501848096677,1.1737181824793863,0.07212855299380248,0.24760332510864744,89.06533698546953,88.25818039542439,0.807156590045139
159.5320602717311,150.61828838652616,0.5983230988887375,0.032821279640846225,0.24533785927062954,18.476299572628335,18.281466013158045,0.19483355947028969
131.01208524325162,82.94545815409558,1.4470058977656508,0.03368258827024339,0.292402171965198,53.20485564514445,52.75249946179382,0.45235618335063066
115.56778709283785,169.4258627368556,1.5695830944882845,0.078053955528165,0.48351734481553155,17.19209932187379,17.683606777711574,0.4915074558377839
172.8421324776665,140.49604220209457,1.14790986889676,0.030117006691215087,0.46963064316751346,52.58422763286373,53.03589355467756,0.45166592181382725
79.5113271125947,170.41062113833328,0.9053616930589334,0.05061043530185952,0.5481630355866001,2.2505500911080922,2.735967898968646,0.48541780786055355
124.4368119171033,131.3185210728037,0.3882606970259863,0.032643097771276997,0.14212360637149649,2.348824612397138,1.7118134465783044,0.6370111658188335
162.442964580988,88.91216966384567,1.7839920529988076,0.09411051415982588,0.20971136079101535,87.30014219368385,86.60362268464522,0.6965195090386374
174.35573836275236,180.57379646232218,1.430590925810462,0.036116387597968806,0.2655303925453898,23.28435948027108,23.197505575041667,0.08685390522941105
167.95202442648883,124.10229374611531,1.436150273951699,0.05241658703592888,0.4800508871953839,64.85948646325019,64.21821628305798,0.6412701801922083
180.12893271621138,168.34777319130603,0.4057552081979011,0.018153354866822093,0.12620083884837638,14.333861717219634,14.555972944307271,0.22211122708763753
110.26623316440882,159.03628086650883,1.0498497095703565,0.027753507241052102,0.1810104435937042,0.32947834080662375,0.21453855931173393,0.11493978149488981
99.25418075070331,153.25212870174255,1.517295013591113,0.01078576990630642,0.37644702600206614,5.5881868067146065,5.378126127520595,0.2100606791940116
182.00022603678968,112.55435624457019,1.5706819575664126,0.09710596615482994,0.4707484847001764,90.87106083821135,90.50323033486367,0.3678305033476761
138.7311326545568,80.4068234955682,0.2525055462138239,0.015634257395084995,0.506987369755747,58.788561834067295,59.025677426487896,0.23711559242060076
117.2177613470519,111.33223677019413,0.9343229285933121,0.0028546516410344227,0.46815809219408433,23.66369599967186,23.431453772148167,0.23224222752369172
198.54171306391316,143.71191393610962,0.8289030688174281,0.03773776985317548,0.4927048455568679,68.24484452639591,67.40901491020708,0.8358296161888319
86.68168431221886,84.20780725072979,0.3416985649046033,0.06567986402514554,0.15484028643774075,5.700462482551153,6.0408705447713125,0.34040806222015974
105.00862593769514,171.56572162569404,0.3628894230119644,0.04624873164480695,0.1924225999798405,7.346183407594062e-05,0.0,7.346183407594062e-05
107.28783258775131,60.53811246268356,0.25265514544955153,0.07601293497017243,0.28406377946154193,47.90130786670042,47.733916745659755,0.16739112104066578
95.64076946861627,163.9763277952588,0.4728125864091812,0.04414042314476854,0.2881304859971877,0.03403332966195982,0.0,0.03403332966195982
105.7566889744301,103.12758634418826,0.9682579247449109,0.014855752960865233,0.22510873314240512,11.341414552476209,11.463786974705261,0.12237242222905209
154.728458841487,185.47222436357987,1.6616435837066463,0.023005997028456848,0.26568090844356174,12.68454301127452,12.067653199373993,0.6168898119005277
166.87077730154158,144.01435156327045,0.6535555595632528,0.03930020357979032,0.5182595614843122,40.84885270476663,40.76699319883343,0.08185950593319546
124.12382313831901,85.15814035950588,1.7101746156375972,0.006567844209997009,0.30510631294097346,43.45308345006825,43.64938646200564,0.1963030119373883
61.21261664964294,178.42784954323358,0.9255611551078765,0.07970219135674068,0.596457583460288,0.9385410339443263,0.3611336881020719,0.5774073458422544
181.7804834919406,175.7440989383547,0.38925919275021165,0.004376756575522678,0.20365590528926839,12.565490485702497,12.695872847778762,0.13038236207626497
125.74883915277539,109.49395503303214,1.6916066387979942,0.09660285353533048,0.5918151931463895,51.4995796652917,50.554907323766,0.9446723415256955
189.30598923311555,150.09607978312448,0.243807841271661,0.019032205268726433,0.23776216406089593,40.06494921614748,40.28054771609229,0.21559849994481084
137.7721732461955,81.48146272661785,1.08182553307504,0.033149269460272426,0.3103328288356362,59.71477337722965,58.13478008348635,1.5799932937432999
106.93873050082719,88.69680087968,1.2964043175259192,0.08845261377586296,0.3596465678327526,32.84441064111635,31.973590702983522,0.8708199381328257
62.40510681931661,131.0476458114722,1.4266654405637587,0.0007965840337131214,0.47083197224099715,2.1703061907898027,2.0191303558063396,0.1511758349834631
58.158797110010255,70.78246688366076,1.9015120968994539,0.027363218328716733,0.15526164664760447,1.9899736638330356,1.4768883725296682,0.5130852913033674
176.08646501574168,98.84597840087507,1.3648646059761131,0.05333285209844146,0.30490081981949824,84.77947782453327,84.63980401070512,0.13967381382815347
75.0936842606344,165.34316073667765,0.7876407658418265,0.002706232607056869,0.11383558455957551,4.628978322043285e-15,0.0,4.628978322043285e-15
155.2536424784521,190.9547577444588,0.1861736263865582,0.028786485829555876,0.4363127638580472,2.34198888305826,1.5258236294373297,0.8161652536209303
82.67668609973683,101.52005129559026,0.9095529769411925,0.04285185274177279,0.25914509989456336,3.305938354161004,3.543487590680858,0.23754923651985393
132.72081804374636,178.92516150731967,1.9857745198000853,0.08321459713774947,0.343730012781304,18.74062734450456,17.600905340417953,1.1397220040866074
182.2425831864295,152.9288749738811,1.0546965504107664,0.03567062344773183,0.5574940378329745,57.06511043813977,57.776836036634236,0.7117255984944677
50.235657622738124,199.29502077527513,1.56025602137939,0.026744528400489388,0.38904152289774063,0.0417698853613353,0.0,0.0417698853613353
58.1640344715865,98.18927470846278,0.8606140669364952,0.0737775924915506,0.271289243108344,0.24337930827111132,0.14641075324093578,0.09696855503017554
199.83075346464332,61.145526697880264,1.9460286203043393,0.0660573991432621,0.10675313364490233,146.06121446606556,146.22908526756947,0.1678708015039092
68.35927032142688,56.12202106401189,1.6845203405722615,0.08269251806783608,0.248066902110987,20.943623389175222,20.121999715550484,0.8216236736247389
88.15411297147256,157.8702997284738,1.2850664404477754,0.023052735712961195,0.429807380150815,3.5535379895501205,3.57770594673552,0.024167957185399658
140.81811105986407,51.31114575796414,1.6425238722457274,0.09309670029164069,0.4943492962293038,97.41020433321921,97.82164259618767,0.41143826296845987
139.090287770062,112.16356784047376,0.9577932306026984,0.09414664682320063,0.4866533011649351,45.42636502213121,45.410648050987135,0.015716971144073
184.3117204095889,69.28425204787054,1.4144478114196624,0.08650896146469778,0.3214699846399589,123.03037989272026,122.4284441726255,0.6019357200947582
86.22626783707145,154.70508159641662,1.5620262713867417,0.020301129802732923,0.3709941117591802,2.9504718412336146,2.9693090790002863,0.018837237766671677
166.59456566066459,130.9116919489062,1.3573716619170961,0.07109169583063654,0.14300226094859822,47.91033265371506,48.425673761979574,0.515341108264515
176.02863946119143,155.5625841137471,1.0691076724316853,0.006388236732506636,0.24380554237183674,29.494453098029254,29.337648107645897,0.15680499038335682
108.6173018838916,65.47415089659502,0.2011251635574688,0.05504502672591785,0.5466027486582774,43.99257334156892,44.15466680840189,0.162093466832971
63.78007803301691,187.90831459226715,1.9210093945085978,0.09818315167459257,0.4059610734663611,1.310477426251869,1.4879377092941937,0.17746028304232464
185.5880222297324,82.83441531660014,0.7297030405386689,0.023675572264955282,0.4817923317717029,104.59251487219039,105.07798615971342,0.48547128752302626
134.85119174990427,193.50891727839348,1.8863128472868358,0.022806052336330443,0.5252014417662576,23.92794001310694,23.649100463160394,0.2788395499465466
163.64943176639565,56.64459813315567,1.5534931712281317,0.017868140072172335,0.2740336200064961,108.56176780097712,107.92143130479256,0.6403364961845597
98.38456199506894,88.08484960378799,0.6354348170778734,0.0757144097008012,0.13333009142966493,14.724521466006934,13.61584817673086,1.108673289276073
110.00824488310728,184.6048242918855,1.5780013559526918,0.008449187445438766,0.4711599621419402,8.94067556109815,8.950064362738942,0.009388801640792366
137.58875960469345,190.88034794995326,1.1913971100539533,0.026813723641529487,0.32576098564520073,6.393356136620021,7.199297091112452,0.8059409544924314
186.02524264383513,78.34139093115157,1.7886357699642101,0.04603123137587846,0.5481711689031944,117.63146021136835,117.56707528345837,0.06438492790998396
66.77672035710158,103.8723643342752,0.7772300636296147,0.037745373081389505,0.24949476700063464,0.21176536562181347,0.0,0.21176536562181347
129.0601204553686,126.5250118939399,0.48947964973253016,0.06262702407992601,0.3254961546535464,14.867250012802131,15.18315743035361,0.3159074175514789
89.26677280582223,136.9366753341821,1.4060283523675687,0.001589182255280297,0.5478891356873341,10.734848314604658,11.504194001974856,0.7693456873701976
198.27892903842053,142.14184724584067,0.8303694948320316,0.06273279406619792,0.17902815062834418,63.43361384012485,63.727900935482964,0.2942870953581149
151.08367316114555,194.6247470235554,1.824944453313477,0.07947044213307444,0.5608191721974207,38.9672668302788,39.28776853922886,0.32050170895005436
188.63521540856513,58.73552520055327,1.4284135725525993,0.009569895958100372,0.11568964096449755,130.6971284696183,130.9403867403852,0.24325827076691553
61.87967266535239,74.759874826811,0.4634364909504522,0.04930404890434528,0.5776321694919428,5.833388831577224,5.918875582788665,0.085486751211441
147.1922723301815,151.68378484385815,1.6216005665595266,0.0035123692107612795,0.48318820838033916,34.22024431931535,34.852845226687,0.6326009073716534
50.79438198582531,118.25364228494095,1.9051097536977113,0.07623179463250389,0.1711844723852581,0.00739789564356029,0.0,0.00739789564356029
126.60458116310133,127.19707639354505,1.6138690978557095,0.042480467798045485,0.4792344502306968,33.418591150683916,33.17310787706556,0.24548327361835476
197.9947317386483,124.21938335412727,1.7237683351224062,0.03467228178304055,0.559283461015316,95.9331157672383,95.33822525832088,0.5948905089174303
78.23380578444993,180.83377180680492,0.5937400351911012,0.014255829302145119,0.5101375953721426,0.2884431273542909,0.10453440242795153,0.18390872492633936
75.55861395566882,178.28128856012938,1.662485353222067,0.030022444621708347,0.59855269567527,6.331520511762539,5.813408212267159,0.51811229949538
116.95264928510454,66.1776908033222,0.7508951411506611,0.031001403319503865,0.3105783250193527,52.41049833178283,52.03427330794476,0.37622502383807443
140.67220536497138,120.35886441340547,1.639870298213578,0.02650334809794257,0.1881952535743299,28.93046570052769,28.483110305072366,0.4473553954553253
53.71524821093679,50.62288550651531,0.7464206954836867,0.0307514629545291,0.16986630544032247,5.599361293006105,6.265386550393231,0.6660252573871261
195.49967336030275,144.97164192381246,1.0218308100602502,0.048132783318567,0.4758006399939122,68.14539355837584,67.32852783049933,0.8168657278765181
52.98186239979788,80.74872863587468,0.39882132479598303,0.02437905976196555,0.18749199453471563,0.000493447320238375,0.0,0.000493447320238375
171.49047105675623,124.37119073778317,1.150302150502741,0.07903501196363225,0.5429247119414837,69.1133978542489,69.27408317870075,0.16068532445184758
199.8657095711358,192.2882068826659,1.5559719188128964,0.0912149125016228,0.5752399678987744,69.43791598455162,67.40140125855518,2.0365147259964402
84.47211943545304,62.81161354941427,0.8093124871217725,0.033652386895102464,0.519714539754608,28.139875066069465,28.18354493238689,0.0436698663174262
114.7278505531032,172.73185765809046,1.544903220414116,0.0007201741600822876,0.5607728868711618,16.396852280744127,16.659619900289712,0.2627676195455848
78.10841363186611,124.27776962699967,0.10345653775306203,0.026123675108438472,0.42202700172409646,0.0011487798769862848,0.0,0.0011487798769862848
92.78316282408011,96.99589407679304,1.465857524238619,0.0705532473419843,0.5438355329128369,26.001606379807505,26.7944812983647,0.7928749185571959
84.712732489357,91.09913110172238,1.0700763896367105,0.07610448379575421,0.30228920273966065,10.852425815600341,11.134549957938436,0.2821241423380947
68.73109918888221,190.79040593306263,1.085482385749526,0.037626718837375464,0.590363575718284,1.572980514207921,1.626079867978877,0.05309935377095609
128.06861656508414,163.62595598684533,1.846036872262543,0.03841728325683898,0.20412738127031413,6.213615838598557,6.89968929810378,0.6860734595052236
169.76272823524678,171.78066833518778,1.2387944503721409,0.0038856045576953105,0.28228338917664353,20.674296606503844,20.899151416801267,0.2248548102974226
193.7637205619701,169.10340859135223,1.4202328574137433,0.08451852428682105,0.2203265122385278,47.672450731825776,48.26255336393348,0.5901026321077012
153.6698021806293,198.35151597552823,1.3783802837820165,0.023510041817252792,0.1426396619339846,1.2238013237289742,1.1949323285203057,0.02886899520866848
106.83019345219358,130.26131757280834,1.598692894990576,0.008361359893572617,0.16274065533592721,2.4192666991370437,2.3900844098207408,0.029182289316302956
123.07854898416278,198.11381948958322,1.3715383673014248,0.039739745785403326,0.2256690966741766,0.9385900930478996,0.6809707641645915,0.2576193288833082
166.7136788807099,159.45374921431088,1.1630066893324322,0.005936553758649876,0.37143864023965645,30.18918694830994,30.444323698288567,0.2551367499786288
107.8121347162132,127.15292538844982,1.5043038741197081,0.06620771149918679,0.47931977131382264,22.279573021543186,21.20176958696086,1.077803434582325
67.41685591611285,191.92505081810876,1.6215141492453082,0.09089420478045672,0.49541672614265353,2.2336751504197405,1.5911021730137875,0.642572977405953
89.52131422839764,147.10710817940696,1.0727688270712463,0.06294278020922425,0.12390545343160667,0.0015286148075549857,0.0,0.0015286148075549857
74.07786772016017,64.32591649458503,0.16631567643514053,0.020737802581881282,0.2268758387638111,10.13496288858056,10.738888715854788,0.603925827274228
78.91476986216158,90.64224969191929,1.1257363049224836,0.07678149205458984,0.4187010240297244,12.228174762894923,12.008076213591313,0.22009854930361072
170.70172130149797,141.68293951767652,0.35820123953318117,0.09329611884382352,0.3994960516517757,37.20582596425062,36.807505627923696,0.39832033632692543
102.1724048423524,111.14890349746037,0.3932996350120391,0.054621362092429154,0.44828034387507665,8.774441143753762,8.258370601780442,0.5160705419733205
185.31915850274686,126.16247971465457,1.8976143786932722,0.0945529051523108,0.17017940687988994,79.96595134246961,79.68511066369663,0.28084067877297514
93.04459049185019,174.32628257551116,0.6993224859634872,0.04932311048179294,0.24950036954780433,0.017063343715510104,0.0,0.017063343715510104
83.16717555664293,80.29003322993648,1.1823878166593844,0.09657027027477907,0.4183537812106435,20.426193064623455,19.550013852998873,0.8761792116245815
112.22160126722612,163.93704492276055,1.4118223799765182,0.04207367331931897,0.27324896208302085,3.6384175727612416,3.774445919865993,0.13602834710475165
142.0851815318619,112.61356938216302,1.749479784045603,0.049368593083892943,0.5478569365783387,57.233435035472546,57.48440235811642,0.25096732264387356
146.20441628267298,57.82217827848053,1.802272514831587,0.014537666974899489,0.4351970221884506,90.9826991691854,90.53316801123907,0.4495311579463248
94.20990531481203,130.93902924990184,0.4178187140802805,0.015697045466351655,0.5640934024366561,4.125480661580884,3.4414213275625833,0.6840593340183005
67.57782842518975,113.43344484839267,1.5340669498370896,0.09716506551035292,0.18729289474832697,0.44620434888401395,0.5093316229072116,0.06312727402319762
99.20511244761917,104.92757815471415,0.16340189259836121,0.06385267113104152,0.41093317778357397,4.654831695349529,5.0057526696510095,0.3509209743014807
123.34461114499742,85.59898289338147,0.6065952725975192,0.07473854962498877,0.33833652727177965,42.21360999657203,42.44754628318505,0.2339362866130159
55.99730031185707,70.14177575974175,0.9039123558392648,0.02538202570919932,0.17130738312707197,0.5179606291345031,0.0,0.5179606291345031
66.13437422191737,167.38298246987233,1.1232208821902445,0.051207092472827564,0.5960514108870071,2.394573748704879,2.9220747742344315,0.5275010255295527
74.38096006795045,134.9364188726544,1.0840910681406297,0.005307404439629748,0.53810330636415,4.107585101201378,3.6650994331175895,0.44248566808378875
167.0969875332597,83.59776526114584,0.49249333425290687,0.039120641037948045,0.40226414211079853,85.15588693621848,85.82071361834618,0.6648266821276962
165.2228163082861,189.37022400711598,0.8637336279783248,0.06785922967082116,0.11961556397850506,2.7268870538713017,3.6123103501270926,0.8854232962557909
164.6534835020522,187.09179913911322,0.16428454467560627,0.027138683376042264,0.5821305666113463,7.8607850347772725,9.520618986258562,1.6598339514812892
147.0607697214988,53.25847617964296,0.38334933368700275,0.03491107944391245,0.27544392781300686,94.51031082121759,94.22864986219892,0.28166095901866584
63.73379713406851,68.52456428118752,0.8861979792571573,0.09917964290249986,0.337497612840553,8.479641305052475,8.41039788960099,0.06924341545148494
162.5472940246255,172.66004430616516,1.090603689749048,0.057844925564670614,0.37663499004392387,25.53027928005983,25.37105166882012,0.15922761123971085
139.3940775912248,199.35519765777096,0.6925660298065965,0.019877466379912834,0.25528649765007694,0.7777901155491058,0.0,0.7777901155491058
181.029162724312,110.18095438962197,0.7702516393678108,0.08639504781273143,0.39527514897687643,78.97287888891199,78.43757103603377,0.5353078528782191
196.11458374193043,71.85764657469039,1.1008278418731756,0.03957987523485101,0.46102916194545074,127.61613506708088,127.64992545234004,0.033790385259166555
68.88356273748462,181.97917144217092,1.2972909198877651,0.08816765095981693,0.13580532060154712,4.174273185604756e-08,0.0,4.174273185604756e-08
182.88428893101946,148.46055720687542,1.7664156535268485,0.07436248426144854,0.5712341701552252,76.94300315235034,76.22740916292878,0.7155939894215635
164.34329316838307,80.67862687236988,0.6293201600261943,0.03438717857079894,0.2079146291878984,85.39185684328218,85.41942613456258,0.02756929128040042
59.43343970503706,154.7555062294898,0.1471242473863754,0.07761716936072538,0.5184607841704963,3.6525745490542595e-06,0.0,3.6525745490542595e-06
170.8659047513452,79.13123544084367,1.5372823762902543,0.013992330994255987,0.10557862813490024,93.41861920448265,93.57270724710563,0.15408804262297338
167.21559312311297,99.42980091663486,1.1003606191841986,0.008110932242914759,0.14478744621238412,68.6704742255207,68.64034167820321,0.03013254731749271
121.52810601581756,174.3721667123989,0.8954003820368079,0.028432489027940024,0.2612348263662927,1.421752046675147,1.3227067388856355,0.09904530778951148
157.26860351855265,134.63134435184088,1.3791320480504097,0.08046612013936995,0.39896676273084397,48.05932949443081,47.791427761375644,0.26790173305516873
161.88225902246344,150.62199042771198,0.9905858272292326,0.045862990604525214,0.12053972799487714,19.534147764999943,20.289742444908107,0.7555946799081639
76.75337214199746,80.07442545365382,1.1477668671383807,0.007554509966152956,0.1520445399730825,3.860467747434786,4.011924468911154,0.15145672147636802
65.37888300663796,185.56611913233087,1.849631428008306,0.05807553258279562,0.18353469135907666,0.0005463583689770315,0.0,0.0005463583689770315
64.28202739889292,62.55178175800491,1.1865003576434887,0.03046803527340011,0.23519757272185118,8.51884905754791,8.161081124527431,0.3577679330204795
156.21111555427342,159.620937910139,1.6334367672968984,0.06270979551233191,0.5451190511501977,47.23218844073177,47.04649991065703,0.18568853007473507
194.02002161480243,83.27205754615568,0.6084553116052493,0.004859251757218297,0.3498062966573722,111.00263513277501,110.82644372012253,0.17619141265248572
122.54063776311813,78.47409424284915,1.1771108653593614,0.06017549631891096,0.4622568451278942,53.09341252300555,53.38192101083301,0.28850848782746397
190.26264578497054,164.77873042187053,1.5256651529852132,0.07496305887820982,0.3219664037881753,53.52611373660689,53.36969719220407,0.15641654440281627
196.7306646146842,189.63187363213135,1.7150257640551732,0.0755081255127019,0.4520491816722838,58.95620536554219,59.2479198570074,0.2917144914652141
134.0261748151213,125.88857051949101,1.0826613133488363,0.006276129238741435,0.5426679303139756,33.50223877342623,33.72717174496185,0.22493297153562253
180.631089255772,165.27489785475802,0.5924561478712779,0.04738814615309709,0.15430550091571058,21.666379748875727,21.180801946682024,0.4855778021937027
114.6069356243168,98.85410157070373,1.1440510216658342,0.007872123202404236,0.33549876009738844,24.85918606512282,25.042106630518347,0.18292056539552703
130.45076463210904,174.65814681472872,1.4201722529190879,0.05197892949213337,0.594315987036339,26.427654297280718,26.51308459087048,0.08543029358976284
170.5155773632275,143.10081532326143,0.29375695070079044,0.054747643946535966,0.5031670356911204,35.68687942151732,35.46551799833837,0.2213614231789478
88.09416874135428,50.65025398944307,1.8255053115530357,0.05573070929860437,0.42722074874691096,44.62478625289767,43.914888886806125,0.7098973660915462
193.9179611580062,182.50558051579577,0.7182428754181795,0.021855355994814418,0.49545666047114323,38.693452087609614,38.86850435027442,0.17505226266480634
157.41035657671205,84.87846410538918,1.137663054267463,0.051440615184499855,0.4045041173372398,78.55178390904717,77.54816053998054,1.0036233690666307
196.709236892888,183.99792327492213,1.8597296115761301,0.04508377215632973,0.5527123686250902,68.51183583031708,68.49385000928521,0.017985821031871296
161.3853592633477,62.818618834445694,1.4425475262159846,0.049410878882678345,0.4929701643236777,103.87225927645761,103.79537343616737,0.07688584029024526
102.04400380512948,125.47475452801616,1.7323667459961012,0.05739864770484459,0.4365272081291627,19.01278089047424,18.377373829823878,0.6354070606503619
154.53237563249493,185.1532097853874,1.7503442550067656,0.09320519134875842,0.1059334603544583,7.403760598007224,8.097140404824092,0.6933798068168677
102.44368846775396,76.38780266454782,1.6249285999554886,0.028396616055990278,0.44681759320164427,37.675721977693776,37.77347798498338,0.09775600728960399
133.5248624556171,158.91220362045553,1.020591406857781,0.03733037093107427,0.23455830320345392,5.9374526345614385,5.544873921443532,0.3925787131179064
80.76803771110511,184.74603373955804,1.9622474673026196,0.06392345795703465,0.34925213411715905,1.8650772962373035,1.3317532184538798,0.5333240777834236
78.98124836676958,145.2825396434597,1.834595228834647,0.09771396959661688,0.411501224426426,6.739443649122489,6.955204764039767,0.215761114917278
152.12338887398118,65.37033585787285,1.3425837789999093,0.01097370110838064,0.5176998268327939,89.67092592109631,89.44306384891226,0.22786207218405252
108.76316610762717,74.04453558670187,0.8291403770422435,0.09922265932461583,0.33451802130610564,41.27417280272764,40.762788384467285,0.5113844182603557
121.64779815608738,133.277451633825,0.16557292281638586,0.08485377758517243,0.16922707341705887,0.5717962550510656,0.3082610901519516,0.263535164899114
75.01958207357036,126.71710129320476,1.9671015650308876,0.08475608120855008,0.5561585447109361,14.216667235095628,13.684950848610999,0.5317163864846286
141.48389398363992,190.3369342337277,1.7088273646216214,0.02905778197123443,0.37643061307112,15.297718990525915,15.089697737092365,0.20802125343355016
195.52047668573604,164.24514691488014,1.2625089880156422,0.02542543602878519,0.4603763934459082,57.18225861349167,57.095196607326336,0.08706200616533266
124.33846710133042,101.46583539949796,0.40232134744961656,0.07575162020816115,0.557322423348506,31.829929389117808,30.739615026815187,1.090314362302621
83.13917933193686,88.46216767979658,1.3136059126373376,0.09537125243403585,0.39348240188426786,17.06321210243491,16.705013890027644,0.3581982124072667
179.3647362429295,169.5415457461574,1.0218813256912878,0.06671463968041907,0.32212920226874986,33.89968618833768,34.075986623752186,0.1763004354145039
62.83364615275897,92.9656583458623,0.8609865866024785,0.031033859325384206,0.44922040357172066,3.256870613292941,3.2839907549523204,0.02712014165937937
117.01205528670914,146.2497248013605,0.17548720419981373,0.017975365375039656,0.1842658841621959,0.006507969103881295,0.0,0.006507969103881295
145.51625301575456,156.90610737511457,1.0359097301618714,0.010313662637368149,0.10651027978856883,2.761236260401283,2.907666062701555,0.14642980230027192
115.88182688513068,91.81303988789304,0.21692542416045402,0.03538591879575203,0.3870171435721841,25.552425243281974,25.26280765774941,0.28961758553256445
132.9777042561749,164.09665216931006,0.7819460028762827,0.0941875221599916,0.21729394637511537,3.826289095659547,3.3971580153986167,0.4291310802609303
88.44302037315236,87.42893836702355,0.8116324108680427,0.06900802374309271,0.2344822792876541,10.44813526286569,10.144333969242965,0.3038012936227261
139.32415001446253,167.99686215735204,1.0641603370266572,0.01841607059326894,0.3375122101532164,10.660600336807477,11.193698377974094,0.5330980411666175
137.46977207387073,195.95380827631755,0.6546616732912885,0.08759929984887138,0.4313202110159541,6.04986131624316,6.2856467011588215,0.23578538491566192
131.60527955932935,177.62235954370442,1.3994825199908036,0.05864348908864511,0.5138968296686901,21.40674595685998,21.278220495377063,0.12852546148291566
57.93324979798876,191.56445566190186,0.1373204285763567,0.0898937587871331,0.3325612798731852,5.039665950592356e-22,0.0,5.039665950592356e-22
192.32646605086762,54.100759695433645,0.6021405665000444,0.05750111394340766,0.5331361638041051,140.07590337687068,139.98317308634142,0.09273029052926063
123.46365215880978,123.14869734465137,1.545718918209949,0.05069409791957144,0.570036505171889,37.864815974265184,36.973209261910355,0.8916067123548288
174.01435398424206,130.10604549130267,0.408645752247149,0.030311871701250007,0.11438612010195873,45.510008587962375,44.96769175790939,0.5423168300529824
124.02170914202306,144.0353033595802,1.8244627416786614,0.015347580680538897,0.5340593357833675,29.67665837468806,30.181935896893414,0.505277522205354
124.14005954508966,166.80164647531006,1.5661767808475184,0.03610172822601596,0.48426924845883224,19.28282731156972,19.347411501268805,0.06458418969908664
118.7089112739493,149.2259009385818,0.8491186025919285,0.008623565047685178,0.34653076682704476,6.072808989008589,5.697046581873067,0.37576240713552167
168.98017119876278,71.85391852442773,0.926379842312463,0.07168270007973301,0.49843492114241816,102.26616309317404,101.8442370756322,0.4219260175418498
166.565507811363,59.68491961357506,1.1339132971828352,0.054223787865984766,0.2917618057986814,110.44150915151138,109.23755632411421,1.203952827397174
94.45430855167473,176.6859874032184,1.0135590329762425,0.030274741637995452,0.18013490216584135,0.0031077956897927334,0.4001523692825302,0.3970445735927374
178.8401629902152,52.318732901043106,1.033681363241124,0.07120910385824039,0.4387832420601889,130.25472862364526,130.5178462051186,0.263117581473324
115.11849197763092,199.90794512646553,0.7939855000259127,0.005937015196696993,0.43672211146439144,2.1022750007714563,1.6143426268995889,0.4879323738718675
114.84879438036621,164.31808107587065,1.2460039020148106,0.08349414284323069,0.21277945435531612,2.2440498930712636,1.595087004199037,0.6489628888722265
184.72225574297232,58.2196073391045,1.4196530441231712,0.09001721064322554,0.1351036099884366,133.4869434904766,133.6172441707194,0.1303006802428115
145.10097202676334,61.83758740995921,1.9853813687387025,0.058398409341130254,0.36562548437402764,90.55471348747015,91.08639548069155,0.5316819932213974
161.61641979068517,135.65308229601848,1.416743722362999,0.0005346002989708887,0.3405872975840758,39.07405448083367,39.505350394358246,0.4312959135245791
115.06024605312231,84.05689930178296,1.8530496888161645,0.08736635611661182,0.5861941016538857,55.335732567717486,54.929944328363476,0.40578823935400976
99.83191681709935,176.08745355235615,1.2860286378993793,0.01923984114548956,0.5544014464006586,8.580593355694038,8.454832238266452,0.12576111742758656
134.1441373373965,104.28169489629606,0.08801026548892472,0.08251703077674788,0.5093267156839575,30.930554217838093,30.724852395708655,0.20570182212943777
167.42572325836767,153.61400518691352,0.8278494681026787,0.05595399195486404,0.18339626245321558,23.937513817162383,23.800528230582245,0.13698558658013837
199.60082487058727,192.6075184828632,0.2861582239013266,0.024111308975346614,0.393526329758222,20.87468161119955,20.751362019650742,0.12331959154880678
157.5529209144333,56.16632261694627,1.2096315163164109,0.021711075185152175,0.49391620330744035,103.32136578250004,103.25432352855077,0.06704225394926766
103.50391994831315,158.24295622341253,1.140537046659996,0.025234781218748094,0.1995286279955528,0.3304349144314327,0.22657001959779421,0.10386489483363848
51.640208166599564,199.10606378135736,1.4826820746190363,0.07339887593924463,0.4796421876278779,0.32773305830273225,0.34001488687884773,0.012281828576115483
64.69469311791575,92.981913959711,0.12157844062070913,0.07866369958129328,0.3997714769664368,0.019384484145723135,0.0,0.019384484145723135
77.02912605634249,61.276255497081536,0.9140881642369505,0.06426864702522549,0.5713419442398313,26.03297430349412,25.548321129270942,0.48465317422317966
140.12740646105442,130.27984436951704,1.1513481251294304,0.02248405445700055,0.32431042046106107,25.76379166714419,25.14973822485279,0.6140534422914001
156.28137037868404,166.3896348906723,1.9938871961632518,0.010190741957605332,0.11876997433520373,7.626774703034947,9.161412639840893,1.5346379368059466
141.09994336165158,123.84259385556162,1.883972151777638,0.060423909442233775,0.34543757948377374,41.85393627696327,42.501996277419266,0.6480600004559989
177.490236185993,179.42338354555122,1.0091992662295186,0.056317374375264,0.46722036286745716,36.33371776693144,36.185504369017224,0.14821339791421906
118.13729909329476,134.8491476229235,0.13865100690582255,0.09551698744829122,0.10723903558288359,0.002040057957299224,0.07414753764949467,0.07210747969219544
151.42844365288056,80.6911222225703,0.7000063927234108,0.05831040946337737,0.2870374465889389,73.98489867346865,73.13597158281623,0.848927090652424
185.2213443217015,162.95342070728842,1.5135811691322423,0.07580201199087887,0.3732830603725982,53.98244202301794,54.492392480023085,0.5099504570051465
177.37137668986512,56.105001114533145,0.7745266807996054,0.057582431454472165,0.27991210513865394,123.71363418067087,122.0804525364273,1.6331816442435638
54.374561324816526,154.97620270965604,0.8254266546381928,0.08764750261155617,0.27111501764845924,0.00018590466145272655,0.0,0.00018590466145272655
158.91393212830957,189.68586862827075,1.177026311723454,0.05686792601638257,0.31308620127976294,14.600163589720893,14.011338329254578,0.5888252604663151
109.29270366517532,199.8275882345809,1.842103318143732,0.08362592462038335,0.16327651589718076,0.23772463947111122,0.0,0.23772463947111122
92.53277469726257,89.03271823263609,1.2368968850516728,0.08970007386305585,0.11983640284983618,13.60089504609573,13.121391183853845,0.47950386224188435
158.4359902947404,176.03404629068388,1.930913274578645,0.02784419901838904,0.2565804168794833,19.055697688872698,18.941149997172758,0.11454769169993995
118.78409636877348,72.18178556839209,0.5838072113662036,0.005846101308047691,0.28208729278947287,46.915328953949555,46.09036788649864,0.8249610674509142
91.52310697956526,92.78958257337287,1.357844657211878,0.08189002647922426,0.35849907574939766,19.073932513090867,18.83423909949525,0.23969341359561724
67.35562509641441,107.68012954585059,1.0175020160767585,0.04551126118414403,0.14826139100288235,0.008611165026728679,0.0,0.008611165026728679
104.49853849304289,68.1864441977155,0.409130102272996,0.09503042443494633,0.4640851375890124,39.521319689548925,39.09681083405832,0.4245088554906076
63.25112298344557,105.76544436983204,0.6979116300269239,0.0016090811909299397,0.23810333097540567,0.02534378244031249,0.0,0.02534378244031249
64.1148959954337,198.90304410867793,0.564203402295813,0.035937590893372784,0.41137341788516213,0.0013458832306175242,0.0,0.0013458832306175242
76.46957900625381,122.95996136673848,1.60711512510481,0.0883145283009523,0.28843271601186193,3.2186055653003667,3.6571345584346453,0.4385289931342786
134.3494241626616,122.15082991590823,0.6844004533567145,0.02210300661461614,0.1071815714456553,14.609455305873169,14.785638202511727,0.1761828966385579
155.41977343992403,72.55438764990963,1.074894296461741,0.041806435373577214,0.5123491835651842,87.5631356156208,87.34251222786432,0.2206233877564756
114.25889687621985,175.64006490404424,1.6320750185898727,0.06811628125672058,0.584844678756464,21.42649825855254,20.676338261921536,0.7501599966310053
63.775315140276305,194.11194416319154,0.16693199348895812,0.049181883784359386,0.3812770935429375,1.5406492503430024e-12,0.0,1.5406492503430024e-12
189.52043558209726,74.96914161403477,1.1356611593416677,0.09963694922487948,0.26161949507758775,122.57270075189106,122.59413385196083,0.02143310006977117
180.2530322530835,171.28448918932577,1.0709340058228782,0.09804903386569137,0.27860115284456444,34.90469632485126,34.680014031360514,0.2246822934907442
105.27568615856404,195.65783638891097,1.4567292674670416,0.0865754065766333,0.2987915739639484,1.8857457133838516,1.516444156714524,0.3693015566693276
158.76170047080353,180.5384036327568,1.3830167723245839,0.07600627633353668,0.34874600004401346,24.261930502294447,24.29072610752577,0.028795605231323407
60.04010384915352,77.46301377682916,1.3737278380264832,0.047711237613260016,0.18131208739147656,1.4282590594224054,1.2905853784338,0.13767368098860544
162.99644233944755,118.87094962514168,1.2133540395025226,0.04228714091586411,0.20504350596834478,50.739109564654015,50.769697829302814,0.030588264648798713
65.37423360512211,191.7101856648271,0.6781204229708332,0.07179505945007335,0.42888527659771336,0.02003746433321571,0.09829104031893365,0.07825357598571794
139.94283492693035,50.44744484686049,1.8804540121997146,0.05558559600047478,0.5201238626009579,95.83379635919991,94.56970498743526,1.2640913717646498
68.98156302995159,196.28924516244248,0.21973435230322563,0.07793166306868106,0.17233284785150296,1.3955190171822037e-37,0.12267086789658777,0.12267086789658777
91.30651660951105,116.60079711345878,1.0508009750535394,0.02556670142014075,0.3991004210880368,7.7492218422422,7.993672470115531,0.24445062787333072
150.51397612228556,111.98868381935802,0.5717244566902715,0.013134250346658816,0.4582812532098556,44.032528232381594,43.670144217207806,0.36238401517378804
91.51665877962039,55.18688733663234,1.5814018550984668,0.0749146365169708,0.3460507050265539,43.4688559002918,43.66104037520127,0.19218447490946744
70.86363323606174,52.24260141703682,1.5469040797122722,0.07582017257879252,0.11384169484581033,24.406010315430642,23.32508787182309,1.0809224436075517
77.12167925899533,87.1036639213675,1.5072721586556355,0.036832834501855684,0.22180812572133998,6.251665353021842,6.157784844390651,0.0938805086311909
180.55988130135555,110.06239160619235,1.7123610643937335,0.017164967664646136,0.3434602374492538,77.37085408329744,76.94950256696269,0.4213515163347523
130.87078927378266,88.75389707245901,0.2067093457802302,0.04145555339696654,0.2543095787987487,42.875141723209666,43.34293430127919,0.46779257806952756
126.35367023822707,91.17738649907403,1.0438794997207554,0.021809591145807383,0.4017995000424297,41.95703147889124,41.571827891245604,0.3852035876456341
76.40713168330053,154.14579526421807,1.4842030122059664,0.09628874259287339,0.3170985150639085,1.273012369785457,1.1815158928808636,0.0914964769045934
122.46476068331603,67.16894617849341,0.44202601369604166,0.08861170520834044,0.43035570335547446,57.98712836130802,57.50174712767365,0.4853812336343637
158.55175048620413,57.14464665789136,1.3467092048147398,0.08850935164847887,0.22680536513570207,107.82828522603786,107.57760678968198,0.2506784363558836
50.22658346429258,56.43156619808515,1.2631933578976826,0.009372449738878286,0.48029467788653646,8.711528609667745,9.297212509836822,0.5856839001690766
194.64631338061065,193.47041363269523,1.7338182851974786,0.052928547815315745,0.10413631892284117,21.68481967080365,22.597073310973826,0.912253640170178
120.49480911865503,88.53572796930136,0.8630435609231467,0.04878262249414122,0.18445857522245554,35.73941887091381,35.450292952361,0.28912591855280567
152.67403435212955,76.70174935766093,0.2919824043216907,0.07334530667646864,0.35763899621309014,77.59802805411212,77.80737716374003,0.2093491096279081
186.71335985008514,108.5326179730218,0.5208517851609378,0.019786041833310498,0.17483081642071,79.29351346118284,79.19134404136338,0.10216941981946093
123.71472080585194,110.49794412506918,0.511152025925933,0.044453788060629676,0.4262078254739744,23.23607669929629,23.467173962551783,0.23109726325549218
107.38722598427873,98.08806820241993,1.0754803133653623,0.00873037631756486,0.39009482724621447,21.993823128413226,21.509583656441354,0.4842394719718719
182.82670922032767,50.05594549133136,0.8204096921181756,0.012281045513887335,0.4599809260423714,133.28178066159495,132.0799424475661,1.2018382140288395
171.53927078831578,71.91257207284303,0.17067288258332222,0.09771055333818247,0.17053423262057757,100.81600738867984,100.0385229184481,0.7774844702317409
153.8109404350635,190.19267507568838,0.5827411761497927,0.008152116740208914,0.43951372152976,9.295664787433864,9.39127606560708,0.09561127817321591
140.55473587393794,116.01047481106269,0.8328902729063082,0.07318114019784909,0.5203946743808139,42.30118530771715,42.47089329168239,0.1697079839652389
194.65580648960386,159.18775614918607,1.2967509305539986,0.06991812809151415,0.19840157889670176,51.01982675246589,51.5052345712475,0.48540781878161
137.82342219279127,172.52210830816028,1.8350880034169974,0.03357676249078997,0.4399615148563054,24.217517122521443,25.05372250302245,0.8362053805010063
152.11703124169466,133.10027094523787,0.4165281987682602,0.01520023403530384,0.3477676889104665,25.009045214141267,24.978658631907805,0.030386582233461468
72.35265694782228,169.30803702782015,1.1962758317178939,0.022756863823185026,0.17329694427531614,3.068318305500821e-05,0.0,3.068318305500821e-05
115.75793878762893,96.4868798663125,1.4399443990888907,0.031610774835519294,0.47912719069168364,37.067216135873416,37.360714464465794,0.2934983285923778
154.7693661313333,50.377717452826005,0.31762932452615433,0.009482139786626643,0.47446418450107875,104.54321326677774,104.04063907217106,0.5025741946066802
170.12183335373922,195.97828362422933,0.27974845297614614,0.028937658294290836,0.14293110714986482,0.21437075720912624,0.5311680832141548,0.3167973260050285
94.70718897511208,190.97308045343394,0.7106189476183163,0.06464640706944257,0.5749800986901974,2.5403332861355477,2.278880234963335,0.2614530511722126
197.39671285049872,65.76470148281498,0.9026916495157532,0.09415016803296362,0.38797289834666915,136.9973526429514,135.80263296244436,1.1947196805070348
133.48763999403423,188.8549351512211,0.10036637780030921,0.02828792906375438,0.34359168874052504,0.0036812699019472955,0.0,0.0036812699019472955
133.02712774804309,144.9293791752139,1.1891880615692116,0.005194743587392959,0.5303700013172664,26.3084744739757,26.301378558537472,0.007095915438227962
69.22434059685658,159.50701717553417,1.5944841011641884,0.0034812488005020793,0.34613625815345195,0.5007521121238709,0.6271681793862243,0.12641606726235333
173.66233140252393,163.93405082229225,1.534991670358919,0.04749739651835551,0.2832300936043758,34.86963432184368,34.89176226871074,0.022127946867065873
128.41436459297125,93.43285358281756,0.5367802902512764,0.059395989936314564,0.5520688122814242,42.52267480788207,41.594356002100874,0.9283188057811955
78.50913299121967,190.36807302029086,0.6991652177810054,0.06941857870953881,0.20004595282457796,1.0347410433722993e-06,0.0,1.0347410433722993e-06
150.7136387288501,54.118428746280145,1.345217021219417,0.0645204465707903,0.11432467035855745,101.09429425930517,101.28591632825625,0.19162206895107659
121.66863602275733,148.42927971758883,0.06261946748522339,0.025186293141582605,0.36672005429707066,0.06944294343592272,0.0,0.06944294343592272
193.77493295361919,61.06691194863123,1.6925449231355014,0.023019974953534774,0.34953139163191527,135.10572189869663,134.596904737349,0.508817161347622
75.78040463470273,77.18852291805933,0.09676384198491209,0.08488559897691747,0.19508517745831147,1.4813566834298584,1.614806311358187,0.1334496279283286
102.81593240882333,52.042037082887916,0.682810945660278,0.05432650415213645,0.22547950868982827,52.669194448715544,52.51387704520077,0.15531740351477197
118.35195716137073,199.9194814385306,0.7160077119602035,0.05447534922376355,0.23490661200395005,0.07169593282512365,0.13335498161820425,0.061659048793080595
142.41308629117586,96.41559891131195,0.670612098523809,0.04161008865457788,0.5760223769153606,54.171865401852145,53.947931120308155,0.22393428154398975
141.8792241134784,94.94824261564604,1.9636864609923048,0.026060276665102314,0.48036452856602263,62.70733981673474,62.90687464155613,0.1995348248213915
138.974535997686,182.14162677834756,1.8898397944807008,0.09486516780385816,0.3038958662927209,18.02002387107966,17.199713332578952,0.8203105385007063
81.77516921877671,92.30593636625952,0.47948848973438934,0.0372180008862874,0.43313292991154906,6.427696553212879,6.278001078237764,0.1496954749751147
78.1836863294977,136.7043063087951,1.525502600473759,0.04847571559221734,0.5396015674312045,8.772021847027254,8.532122896203155,0.23989895082409873
84.52009824392135,55.80761625379627,1.9290357103263016,0.03024302010906026,0.18204060709966421,32.074121361679026,31.750896370307494,0.32322499137153216
81.3043050874368,173.92167981396477,0.8051395299122296,0.009354892951367311,0.5046526117600182,1.053664129596699,1.04154295394153,0.012121175655169125
167.8326435929185,80.8124785573759,0.7571883747500516,0.04615453204579038,0.31110090009514957,89.81682441692618,89.88021085180537,0.06338643487919171
199.05578915217936,167.42366030376317,0.3997965128524534,0.017648348057806674,0.41527054459673385,39.76405979972971,38.926972612560164,0.8370871871695442
196.4366435511004,114.30477868001995,0.2797296597625491,0.01643020889083533,0.22203622167242562,82.65601192290696,82.68105748851008,0.0250455656031221
130.44178758225024,125.90612853474228,0.10881045802432127,0.05777047999718851,0.12778934670607042,5.7829726627844025,6.48758861010165,0.7046159473172473
110.81015122752854,101.45986823722268,0.8750872427779962,0.08607960225873862,0.1641917287408621,17.864239998771765,16.665950297991404,1.1982897007803608
195.15478969736026,109.49745641646474,0.7825456914897129,0.023222440905341857,0.38128015591821696,88.37821088418801,88.69951395843094,0.3213030742429339
82.01250416795423,119.38540525528738,0.9452901840581854,0.06102809741351805,0.5704908322668071,9.206883516939527,8.971581372781053,0.2353021441584744
170.39749046674734,143.73686981585945,1.5292823851177524,0.03280732689902952,0.5178448325157058,57.58890072396808,58.06663004801824,0.4777293240501592
125.5418484980346,190.37900527509842,1.0593645184331897,0.09372016040689604,0.12881604566422586,0.05431545954309591,0.0,0.05431545954309591
150.4811818168198,101.94014450765965,1.9773528801580804,0.04221628506088132,0.15970745753914037,56.87408782514619,56.61668661717361,0.2574012079725776
98.3738520752998,63.687195136158934,0.3542271261829883,0.06732500000614569,0.4217152992656713,36.44750347380917,37.21123079078501,0.7637273169758387
155.22484177762368,196.76389885547152,0.6864019335118662,0.013492084114357506,0.19705637415124352,1.0487143189956427,0.7325971935357671,0.3161171254598756
182.63800482130665,127.96838258792934,0.8406185681767696,0.04170447926576163,0.39882645292613816,63.043598723077125,63.258423952215864,0.21482522913873936
63.99879693824461,78.06521842178512,1.9701304206296024,0.07288646399302241,0.3342171675877217,10.474768728067659,10.48286740054349,0.008098672475831847
187.60073041193536,131.8578661708574,0.9825101763169951,0.05405951004993851,0.22438263476192263,63.018994367572006,63.194116016390126,0.17512164881811998
111.5436952205161,199.3479006730447,1.2359424150489011,0.09256896724473422,0.5547547269321438,10.969941052310766,10.950634240119442,0.01930681219132424
184.20579492205272,111.76672845454038,1.2734708189500967,0.0934052601240507,0.34479982910621776,86.20844412360545,86.15421848067488,0.05422564293056098
165.94930926520672,77.16085008930526,0.0519042579499702,0.059555810388715394,0.27308194055757873,89.02661053048399,88.12257331674809,0.9040372137359043
156.4337605922331,98.11616051919373,0.30096481129293745,0.0956930150231684,0.5490711943615684,61.86627655061197,61.982100762699424,0.1158242120874533
76.68872250903273,92.98928843644734,1.9126494973146944,0.08952290356755027,0.5848790066820194,23.525210303964993,23.791561784930607,0.26635148096561423
65.78762679808933,53.54434717365468,0.7450925151094825,0.08285920218766023,0.2632101126000711,16.212820229923025,16.49915125241141,0.28633102248838327
86.67527894912445,132.17940282017764,0.8482934763402603,0.07182899584987619,0.5697774511329152,7.792019829047732,7.55228087280334,0.23973895624439123
106.73007845145216,89.76687607465871,1.9498852856225242,0.09820444676011854,0.5071042205586793,44.393930278895375,44.38443667495131,0.009493603944065399
154.0673842354102,132.46112193153778,1.0379395720906746,0.011210715514181036,0.28145549096319766,30.338546291033012,29.859365593710393,0.4791806973226187
61.35290232443856,88.91243589411711,1.4290494816332788,0.04901739303549657,0.3306164836902644,3.583460972500431,3.733811731365332,0.15035075886490112
197.00189674174388,145.61564383433893,0.3193274155719836,0.007108235597789614,0.3720852715308478,52.8835817678802,52.64886529727849,0.23471647060171108
98.24335073288688,195.6989143121923,0.5201521284420557,0.0650302833573903,0.3882869325719088,0.12324444928405653,0.40039423846327793,0.2771497891792214
91.44130961479884,185.86484091402298,1.1736122174502686,0.03327273930176638,0.1805299073491007,0.0019404040532045586,0.1672680092647667,0.16532760521156215
72.66389896508244,163.79834871420712,0.863759504887797,0.06595485614398564,0.40964873549527414,0.35153312533200776,0.3937043128445836,0.04217118751257587
55.50669664266228,160.22426865448517,0.71599487880983,0.09452336798029198,0.5916743424130366,0.39656982782741923,0.34930498476743566,0.047264843059983574
61.50011237398728,192.1431139403101,1.8151294845194028,0.04422053575438966,0.4991289323916226,1.661669845259186,1.7134921305093656,0.05182228525017951
128.6862249907001,195.55460354086995,1.8806534356001705,0.0670042242214917,0.3220345977928869,9.880394296607747,9.6706504568796,0.20974383972814792
69.50696601272992,142.73839141166144,0.587018436249951,0.042025231212662106,0.4302968189712212,0.20308901868509088,0.03402446500627576,0.16906455367881512
86.79970194250961,155.18519223826226,0.6008379074478303,0.08642626352016816,0.27178359868545676,0.045865778301850235,0.5566335750489202,0.51076779674707
51.272129678359654,50.17790313033028,1.8605038678731423,0.06139135244270469,0.17801938673476816,8.59759520187788,8.570565744403186,0.02702945747469343
98.71486066170941,193.74691840846657,0.32268971763131943,0.06650324292728871,0.47085985744951675,0.0873264087678629,0.39756304928912556,0.31023664052126265
130.2317817731228,72.0800655920099,0.2748509614775213,0.036927015441935676,0.2763246013394789,58.879637357451585,58.75200904782106,0.12762830963052352
169.4287481973745,169.18194443022816,0.3008050100787661,0.0796137144793104,0.40123439918121073,16.88051295541527,16.262445097112096,0.6180678583031742
71.58443815552177,178.72004328071046,0.7947226879613302,0.07270751153739094,0.2198172122654948,2.7353820239751046e-05,0.0,2.7353820239751046e-05
73.86766206357092,66.90682586646176,1.5291238709143982,0.014290923630091323,0.2661512449359815,13.909679596979977,13.201870649948834,0.7078089470311433
181.81306292135378,136.0383066130841,1.2052327350113474,0.0842812750306954,0.42219745052223023,66.4809869041003,66.22913064986876,0.2518562542315408
104.75708703271377,197.74027295010248,0.7911908813125214,0.07454560571129601,0.2423389142004003,0.03462431789444309,0.0,0.03462431789444309
99.46826874345427,103.73534513884664,1.8594911122465103,0.05644359726966785,0.33212866124801255,20.47412237169455,20.532032274981518,0.05790990328696921
114.41503745141733,93.12524142757132,1.6212359290849556,0.07732848875768465,0.2931298976667228,35.94125605660954,35.94459882243121,0.0033427658216709233
74.55314989392423,150.7332347171619,0.6225486983028415,0.02712407404083459,0.35880368573565624,0.07397431884193495,0.0,0.07397431884193495
116.23988822091397,77.43934394165016,1.7729895303275134,0.0965273062573207,0.4527797762462684,55.58902125793581,55.567811143285056,0.021210114650756395
81.73148404757492,77.29100066031117,0.36451869477084775,0.0037253106726996554,0.30103597079103894,8.308116235465704,8.901222026680326,0.5931057912146223
139.55300492707252,140.30534322349473,1.992453221868354,0.0274066757323456,0.4525128419366965,37.57559585985322,37.23052979562247,0.3450660642307497
177.20312167193944,99.84155247798125,0.2628037156900856,0.06646728638545076,0.5861127873907341,79.45401574221577,79.9430928593182,0.4890771171024255
164.26424079831247,55.15305487271009,0.751014455843559,0.09469940451180003,0.27300380124121315,112.89747010214435,113.03167320022013,0.1342030980757727
126.53986619532068,70.16009660344656,0.8626153823440089,0.07152885394823036,0.20741781801275497,60.57956124918486,59.908978324857266,0.6705829243275971
183.05972099528475,128.94945313308145,1.7472606421162522,0.007617824553903408,0.39884340794289774,67.28445586053898,67.53832190902301,0.25386604848402783
166.32804640222767,97.43284498312967,0.9166687863834112,0.09538790714109052,0.42065509524464384,78.33085587753435,78.42914720723178,0.0982913296974317
186.72526040993682,105.6772235037691,1.6775916334258705,0.0509735804471817,0.14504774632190817,89.7107621223791,89.83912429668686,0.12836217430776742
155.86804939579247,149.17975646809072,0.5620663252444308,0.002707569418619382,0.36809413827344906,20.408086190043804,20.02443338412599,0.38365280591781215
190.72721371122304,75.23945046020663,1.043655556888707,0.06247568550474358,0.5822918267364787,121.53927515243254,120.58767250463644,0.9516026477960935
163.79110685790036,70.19189399498084,1.1397366360600543,0.051414031808297324,0.13550938228694412,97.59415757497669,97.41851220754722,0.17564536742946757
75.79405279055342,154.64218468449542,0.2968434300737814,0.029081974922513333,0.3528715503209111,0.0006205609934871511,0.0,0.0006205609934871511
95.467453009505,139.0141794765674,0.6236606778365312,0.06167981458430988,0.36179022868403654,1.8717067303438348,1.9096752704432483,0.03796854009941342
155.1034597900413,52.58762880792781,1.996471643497404,0.02101331952261104,0.1971519296813606,104.67652672579977,104.97918195019575,0.30265522439597703
166.05810241274395,55.614579854844315,0.14813918824207245,0.04185110493182255,0.21935345167448536,110.7872545683544,110.77975185992797,0.007502708426429194
191.85358546137792,140.41528526048415,0.3570541128091969,0.08383693722193003,0.4430739041051036,57.5497014231034,57.501967835726646,0.04773358737675437
169.2672258474629,58.66512552255373,1.3560435974232454,0.005368272328701684,0.3647436931916631,111.10754404900815,110.21452131046468,0.893022738543479
141.70482049040766,62.79784686909802,0.5389932631872153,0.048979050031080495,0.14498173707439735,80.54310625570602,80.14819194786722,0.3949143078388033
139.90669515832212,95.73646346612963,1.7339429968870932,0.09792682121173728,0.2252435181972651,59.51260545930778,60.02731238305276,0.5147069237449813
121.12452906630217,78.53382254524855,0.47233957658688336,0.09928275271188679,0.178189350447345,46.18866158693818,45.71108254166302,0.4775790452751636
150.7105286259548,104.3240694847685,0.13046576618438321,0.007953964133937076,0.2440301362384383,46.49469632959958,46.867991249416235,0.37329491981665797
85.62370758533808,160.80883487827919,1.8403544012349489,0.019222779502312406,0.43097106235446536,5.285169535363989,5.319004552335656,0.033835016971666576
83.25237353338113,117.24391495984821,1.3491681546020766,0.04766848336036368,0.36056011638035845,6.008844612937935,6.150949794269149,0.14210518133121397
100.52967884511693,55.16441264059425,0.5402643721233279,0.011891714086454765,0.29628598933187866,45.73140637920973,44.88155278435964,0.8498535948500887
112.89514818917154,106.03813858750627,1.5575238366759716,0.025982368516848344,0.15118039394528585,14.772093994374629,14.677809097890567,0.09428489648406213
153.54725048353234,124.27146416898302,0.9953700806108444,0.0033590887148222007,0.25846737795604124,33.700100958459885,33.2083452271749,0.4917557312849823
56.16186399572704,61.27017824251584,0.2668067052353667,0.023285722484529137,0.14792428846062752,0.33275568352749474,0.2846946127461294,0.048061070781365345
126.58769795705356,68.47285596336188,0.9358892532268566,6.131852474223764e-05,0.37964687300129685,58.777609521982626,59.088375966579825,0.31076644459719915
147.52443378169494,109.55801224712066,0.4295299421704693,0.08083079518457292,0.3300462093588633,42.431018272874226,43.03008768555418,0.5990694126799525
181.2348605834742,102.43191035338393,1.747925939759272,0.059828799582181263,0.20560772963500548,89.04732054643777,89.24694976352534,0.19962921708756198
90.45059455400886,107.46241681268467,0.9461560688413064,0.03777373284117289,0.4046034916055531,9.413218778384401,10.097080156750703,0.6838613783663021
82.30080272097013,148.34386528083996,1.574677056608618,0.05832469187972599,0.3919330935449884,4.152633325821094,4.583885075426192,0.4312517496050976
68.06173038190582,132.20958306489808,0.9323881551893926,0.08714435130977191,0.5999077619339435,4.232068468745819,3.7902753682316863,0.4417931005141327
143.54451968894787,87.0090434059335,0.959286699252039,0.08279999717662959,0.49470596229458796,66.05845586552978,65.65271937875067,0.4057364867791051
118.19267360958949,131.36389763442338,1.3305679591926738,0.04277880298992112,0.28232171073529133,12.891803258286465,12.701770808948233,0.19003244933823282
72.90352007621311,150.01409281192906,1.8088543946052036,0.07079610646013261,0.5098011228253382,6.93993332961632,6.437271028144455,0.5026623014718652
67.87890265859568,61.13982148899966,1.147816696015159,0.08683356122318642,0.4839086737049616,19.81057271811611,19.98030918477202,0.1697364666559089
163.1859707327202,151.18693133612018,0.9282231509215784,0.026759438211322952,0.37756099589418024,31.123780780101484,31.139346299215063,0.015565519113579285
54.16761438607427,120.19527049525925,0.21972377728884718,0.026462837577147204,0.5299318655461991,0.0038842126706455996,0.0,0.0038842126706455996
134.03829805913097,92.55963482940632,1.5847103981615764,0.018165036826579408,0.39999096784218613,50.714529409906106,50.347228154197545,0.3673012557085613
139.9421741588626,70.42333943160234,0.6050966387967596,0.0867947202567201,0.48444688529086866,73.45994483387312,72.807355675782,0.6525891580911178
60.63565455364588,165.1122921775122,1.1560699755070978,0.0732300931168066,0.5826687452185318,1.8452404576107195,2.2377756499526527,0.3925351923419331
53.083304735469625,80.65646435668722,0.14945578752122005,0.07810029962456239,0.1011802439256507,3.094128707670229e-26,0.0,3.094128707670229e-26
123.27967445951933,130.1811466396878,1.9930439187284679,0.01968641966973981,0.19747081785876228,12.845563463113749,12.721586868454906,0.12397659465884203
193.0761908321859,195.99835111106836,0.29232007397705073,0.06732730868835561,0.5553327602985121,23.43852226232113,23.38550328557818,0.05301897674294764
148.68376721089922,94.4868610081534,0.2527008156010741,0.011919198458795622,0.3748698054328009,54.537668844791455,54.10907067413018,0.4285981706612745
173.4403815789646,129.81706729721358,1.5865300676021963,0.06426536845750427,0.3578399745273114,62.93292392832468,62.62215747051906,0.3107664578056202
158.71043276769382,125.05087542040702,0.8190222291816919,0.0900985298932522,0.38131919236097234,47.17934355212982,47.098425076601536,0.08091847552828568
189.77359726594256,54.89250519453463,1.2108514252833147,0.024221212136100456,0.5369290290685181,136.79135111936037,135.93302611416178,0.8583250051985942
62.041598060605565,195.4114139979872,1.4279726097338366,0.0360969368327186,0.31785270738100846,0.022897734101125666,0.0,0.022897734101125666
81.46409909201196,66.01248232036927,0.22977391902604233,0.04815406441976018,0.5983552655272968,18.803745593975343,19.68764381262497,0.8838982186496267
97.3747227632721,121.80901640001514,0.7360359442445708,0.09954589650090079,0.1799373613261019,1.4114180102538398,1.0346500662206637,0.37676794403317615
67.35992169670294,145.2915428567698,1.56000052077799,0.05157154473733512,0.21834154505456135,0.04787247335269418,0.0,0.04787247335269418
157.55991712094965,171.7963519824162,0.3460078308826351,0.0359078375581528,0.22579298005948986,3.916491947441969,3.73295146121486,0.18354048622710906
127.81520622026429,131.86345336397437,1.1951728956714287,0.0394612864440364,0.2923655626773992,17.133413698829848,16.868546557475568,0.26486714135428
173.9368431799193,154.9342407736998,1.6849605065423763,0.04896787465431534,0.48058313233915095,56.27374301637606,56.291330021124196,0.017587004748136792
106.22046812261709,149.04364896139177,1.7350778631574302,0.06301959096568348,0.3462143775675315,10.555165313451653,10.353591143759886,0.20157416969176722
81.7787027923072,99.28643180282663,0.7887713830653861,0.05936355067147552,0.32909995965283945,5.033506621661235,5.215844866823886,0.18233824516265074
52.29085986916009,114.66972671830058,0.44825410658725134,0.008358477358703209,0.3669729853884385,0.0037530346313818796,0.0,0.0037530346313818796
163.90116500335813,60.59098383457339,1.7928727104739368,0.09718156161519127,0.36387075020725934,113.11678966092741,112.26013188527082,0.8566577756565863
120.35391006393931,114.39636869420822,1.3002061275805268,0.0838126811398706,0.16575639794619165,20.091991667795185,20.19146286710812,0.09947119931293713
112.05825104962828,72.92217990191932,1.9669520608548197,0.048684353962922616,0.2220902440998764,46.29748836579453,46.667890166985465,0.3704018011909369
107.75005680077653,196.0642428564141,0.7655062926218233,0.07942185079910963,0.27724776424435316,0.15820456778328884,0.319955671005026,0.16175110322173714
192.58957695701574,102.29708026923473,1.8369607069495066,0.05962199619611877,0.21463028079110527,100.9700662554135,100.82493742036242,0.1451288350510822
142.84103103995898,139.57351103197522,1.177449002817272,0.026518910566040513,0.4901789771307433,33.091860675237704,33.61565881885665,0.5237981436189472
150.42202823195427,163.72743317079383,0.5612798488954965,0.015030181404785604,0.4538566636035035,15.671311624255111,15.545994122492885,0.12531750176222545
81.54489414035882,133.0414833911708,0.10635348803213135,0.07443258495986435,0.27053857350140886,3.7889627829591534e-08,0.0,3.7889627829591534e-08
72.20498301538427,187.079612364761,0.76532850921305,0.09134516058937918,0.2653811317627426,0.00044174917978791715,0.0,0.00044174917978791715
131.74639404425636,186.61351552006576,0.47883631730408516,0.020079798777875413,0.298364800042732,0.6787025297054221,0.37759228779719933,0.3011102419082228
105.43414852168507,112.85165079315328,0.2861535450386601,0.08521081569988366,0.5439884393949723,10.257900342928274,10.430203198795287,0.172302855867013
52.087654373577394,67.18829756911254,0.6961445756288935,0.03955590690157296,0.2094394710782063,0.4637598273898327,0.8939931545923443,0.4302333272025116
97.87081517268712,131.04891766281708,0.3709644864625319,0.04581682808862463,0.15619829390451387,0.005986824663574336,0.0,0.005986824663574336
75.19224978864153,132.86778061456747,1.19371369267523,0.07581639736357683,0.5866880860893648,7.839098462714382,7.1699348897676956,0.6691635729466867
188.92978159719655,114.47431100785099,1.2166830522180787,0.05014224094929379,0.3722793658216048,83.49700487936273,83.6327999788644,0.13579509950166369
134.803218638821,159.9075635038469,0.9239795101546187,0.025371465722013143,0.5099736680689709,18.708276684712644,18.331670332389752,0.3766063523228915
87.97684189382271,121.5823550959139,1.7275541508878465,0.030137510160467854,0.19848149286009079,2.0151682584266357,1.9015312116983019,0.11363704672833386
198.68000461643766,103.40216526551089,0.42653558362198124,0.07782512447046537,0.31365353987592237,98.65696841406832,98.7184417061251,0.061473292056788864
111.97506879903466,175.79155913661816,1.7083462157320157,0.044693015224747085,0.15125920452799843,0.29775560768522924,0.0,0.29775560768522924
164.69577194610105,81.4198313022273,1.7943525388057124,0.038584780215206,0.24435181050238355,88.8321112621234,87.81474473185756,1.0173665302658463
110.90013123366927,184.02820977039744,0.8247363111909111,0.08303746499606211,0.16399705178220145,0.009648937569999072,0.0,0.009648937569999072
96.84636356696294,128.24544546654187,1.5373872815732694,0.022655398318233568,0.18934687192750907,1.9457090428473425,2.2336950517385823,0.2879860088912398
57.04882590910282,70.58372597924853,1.413506589463985,0.028281169958740606,0.4564914198121337,8.62303069188092,9.093014109785909,0.469983417904988
166.29788206782916,63.55734041591654,1.7659677334126995,0.039102931786290575,0.11526252570559295,106.98135431994297,107.50360268169386,0.5222483617508971
150.80346698191278,77.6111894574968,0.058873175900960695,0.06751733526331848,0.15471391431269269,73.5001665658941,73.56581646895259,0.06564990305848539
154.64724051703337,91.37611036081236,1.296968760631499,0.08094769508446814,0.5644658137564461,78.43113403753489,78.03648164915666,0.39465238837823335
135.99403476955487,67.083149061257,1.3787198575509036,0.05531043712570997,0.5695328977620907,77.36369635250199,77.07816038702767,0.2855359654743239
162.4975306902903,99.52814905143136,0.7173625324358528,0.08061037735747212,0.2509502085603492,68.60250230880972,68.55173097300445,0.050771335805265494
122.25501851495692,139.83012594665945,0.5711411019637609,0.03540093192799113,0.4902781204399783,12.551240792663748,11.79658635816546,0.7546544344982884
53.25851835561345,124.08370160148188,1.1913760722984144,0.039616565013278884,0.44779188229657707,0.8140217459848946,0.7281449550262096,0.08587679095868506
163.46289387356094,168.012305122664,0.26688182890830237,0.06960538817583627,0.32610693449936845,10.30883981636346,9.544814081778302,0.7640257345851573
65.96292978070743,164.07264979188264,1.7784427103152178,0.07775456011928274,0.5045324581165993,3.91694170347092,4.181385550423425,0.26444384695250456
85.57138527637125,161.8280160631061,1.7220415493787968,0.06420836480953994,0.21518704994644186,0.3776621059466505,0.33583436498533814,0.041827740961312365
184.1433904221114,129.90014913117,1.211769168114833,0.04813149774340854,0.5384732709398301,74.28944606983866,73.52308414684862,0.7663619229900434
111.42602359802407,162.08545442400128,1.3282097566249396,0.0015993719532895413,0.4270343047340629,8.41066862659742,8.13465499705989,0.2760136295375304
152.49195628170372,90.66379069222867,1.815510964876255,0.06374920409086603,0.2469500172045728,72.12986739268311,72.27172563945182,0.14185824676870595
178.49227135759267,87.66603616695545,0.5280062838517476,0.05578791829214696,0.5221865169501144,93.81642447740839,94.57264980924184,0.7562253318334484
139.54531995551017,168.56603201618742,0.8050943637149816,0.09010520321636485,0.3585554113093533,11.53498293884676,11.206670729483033,0.32831220936372674
137.86569877320835,53.601912273922366,0.8713173670772782,0.06109126534255678,0.1671964876234752,87.0424011684552,86.69111017536966,0.35129099308554146
155.8109548226019,59.56368364285804,1.679861912352546,0.06927333140475762,0.4262832103669454,103.26197169017914,102.53765808293322,0.724313607245918
80.02751458772893,103.9399592805058,1.0082457592329683,0.03882907355144195,0.11771769788082134,0.12270850608781236,0.05834917441875831,0.06435933166905405
171.8265089035202,79.27395821112236,0.521324244757144,0.08729185522011636,0.47246485296091056,96.18352250882447,96.03862671283385,0.14489579599062097
177.58105811922178,58.32310539919171,1.0913279106492157,0.08856016783650471,0.5966798903323781,125.20843824868676,124.8120213790217,0.3964168696650603
93.89646830704646,51.82534162292253,1.8296746833242499,0.016123559774718434,0.3008763592076864,44.326813400867685,42.92827791756814,1.398535483299547
92.6829498294509,90.38715124478612,0.2159237813924812,0.008132170389782823,0.37630209950849247,7.673590789974767,8.06874825847024,0.39515746849547284
103.19649156768715,73.58264583074362,0.6999731021861052,0.022687557190023147,0.5804483714518177,36.38552275917564,35.07625133990926,1.3092714192663806
188.81733015557862,53.278575096052506,0.36198273532885267,0.05768437091411595,0.4520057423508843,136.6397229195866,136.41181978598166,0.22790313360493997
174.02522457702153,135.86239814799245,0.5734232879338467,0.0616878423937689,0.5115489161828789,50.73920277351792,50.1890009166852,0.5502018568327145
159.28904638068482,167.06523309088269,0.49968227710035507,0.07604575593146168,0.5647618848382633,24.55801623666703,24.165485008967025,0.3925312277000046
75.60254476910193,102.5293379644697,0.757485832614295,0.013737755363803263,0.17468708375449607,0.13389577494324145,0.0,0.13389577494324145
97.65835022139407,144.15900396306404,0.05830962294466007,0.08510686159697528,0.17866509040584974,1.4046814773658878e-19,0.0,1.4046814773658878e-19
99.92080581839005,68.28392937209725,1.1116540483683128,0.064529273172505,0.33031234257384623,37.61635305838769,37.62262460327399,0.006271544886303104
192.54943522052474,193.85706938249817,0.48775525153284854,0.03593534715810304,0.17694032886662456,10.50169972503592,10.556754019695827,0.0550542946599073
51.65250199933032,122.96587085336081,1.8611868029801253,0.0856613373567012,0.2780525308586297,0.33205683249504014,0.4127602231257299,0.08070339063068976
114.88542748562958,179.29777265833414,0.8074325939013892,0.009511404450229645,0.18127888265045614,0.025820386382592875,0.0,0.025820386382592875
133.30771901838602,78.58221939006197,0.5623879313610224,0.014307660960829582,0.48190381000272664,56.46006382318228,56.72423598852616,0.26417216534387933
181.65534081332294,95.38216289889773,0.25194352216955135,0.028289425783442824,0.46764888237729096,86.97592179606313,86.17202361464933,0.8038981814137998
80.70600314716957,152.2482446420192,0.16174417605222624,0.07477733741196722,0.18005385424581608,3.666912515942664e-18,0.0,3.666912515942664e-18
124.01715018549639,110.24676423447295,0.8894571893652303,0.08739336036966712,0.3043458860817474,26.7520225446617,26.691435810589358,0.060586734072341386
62.02208148058125,162.8457361889063,1.4783974751239535,0.05565611153625005,0.2707115382330846,0.035202670976906936,0.0,0.035202670976906936
83.66113855188325,155.8212509510543,1.764322257038941,0.03600056446638065,0.5760774541126659,11.024464540758107,10.965481227509986,0.05898331324812034
125.79153834396438,198.21024098229654,1.8799881813871724,0.02637681035087901,0.16536203950603037,0.512925044222782,0.5814210197692162,0.06849597554643427
54.60752315271277,54.43904179185326,0.6129656399530921,0.08612475354989381,0.5920412637532042,11.289612292424987,10.875043641145727,0.4145686512792608
170.56396143262617,122.57131170360115,0.3427990731793947,0.012261436854723074,0.19923421298784225,48.51690070436403,48.87447808821678,0.3575773838527496
114.87789020219866,159.80003012521848,0.8223724497572747,0.09460985260895932,0.2230557633716275,1.3370947886604263,1.0341898203275122,0.30290496833291414
56.736592908849346,138.52237433286095,1.0137465204597327,0.04140760991033565,0.20683999997584115,8.807610861229307e-05,0.0,8.807610861229307e-05
179.1329252781491,58.09316302823867,0.3468562466015204,0.04489071263252951,0.5264667704587777,121.9381703870597,121.6718958019942,0.26627458506550283
64.13322869504708,82.02694175453934,0.7024557003804461,0.08222141819090685,0.30076536778031027,2.3309098067702916,2.6969170724105993,0.3660072656403077
169.90318625857083,135.19519395828698,1.601310208084991,0.06471538887213787,0.300743802650161,53.73405737487852,54.26280977135491,0.528752396476392
57.36764656250602,151.42256448765613,1.83612778524951,0.02689701398702976,0.20182301828820734,0.0024146954301024065,0.0,0.0024146954301024065
139.14416420207306,146.89060426168191,1.2106321204032022,0.09998636146451383,0.3494372183559886,25.331800791586545,25.32241614648929,0.009384645097256339
126.78670659786206,147.08554688837978,0.6454192639400661,0.031859363030724154,0.37882326815562095,9.141571412518864,7.98661593175693,1.1549554807619344
77.0586812053331,93.37074783965093,1.1501933927788466,0.09669651850437606,0.23999198922011802,5.379972204384941,5.4386828607267965,0.05871065634185513
76.36733191892154,63.16928229485649,0.1775395436190232,0.007748927037366804,0.18944107427151088,13.300220016370403,13.244165690328735,0.056054326041667935
167.45997971646472,129.63254851558145,0.8809624607359265,0.0893426544389153,0.44400603614944656,54.60502617499394,54.357558270265585,0.247467904728353
167.1956775919777,64.30531093378542,1.8895821492352707,0.017616667383883556,0.3447531709486411,105.31301017456131,105.32335183056344,0.010341656002125887
64.17872056777149,86.02365660745163,1.2538043584044305,0.09026460840078028,0.3816583522384738,6.629516625966936,6.744859996768895,0.11534337080195911
165.93973458259376,128.11319969006308,0.9291627059202054,0.03448177024557658,0.23031254744130278,43.28085505313862,43.410336363292245,0.12948131015362208
124.61425204780508,84.92662561170728,1.9568870731281933,0.018024472797941806,0.1607141626537474,42.90640093691931,43.0116914140057,0.10529047708639183
82.26968271174115,174.39613780974506,1.3024847375532476,0.0754006338326053,0.28847946165322635,0.32940800410506865,0.3446036744693899,0.015195670364321234
156.75756798826944,133.64034889204066,1.53601532808842,0.06639069508287745,0.10001911878768435,36.180805109966755,36.37605274035436,0.1952476303876054
51.41535914414758,63.764312773423285,1.9835436887313058,0.011578565180594481,0.292946605682041,4.817144910551054,4.94558033292806,0.1284354223770059
131.57842278515653,98.85667466780315,0.4779964814678569,0.015345584306960813,0.3367372653946792,34.74960049673069,34.54532303156078,0.20427746516991618
187.46598169607367,105.55236307984262,1.6677608593097755,0.0034904509633962746,0.24177365502282158,83.06038650828366,83.03472952947713,0.02565697880652351
90.045767801926,157.4430106678151,0.5334634121620337,0.03032848532829835,0.2573055342217765,0.012523967579366968,0.013536158251127972,0.001012190671761004
102.556495077167,124.5112669382447,1.6295373619603364,0.005361930199269238,0.5527865715903619,21.745669870176343,22.357616678229785,0.6119468080534425
127.18275529162358,153.0730417708199,0.3281124173804242,0.053106756911778144,0.4274606475246461,4.937541719600386,4.596912715136991,0.34062900446339484
142.60247243244748,192.62469061841,1.1041473001454671,0.04969375063854958,0.203788555908158,2.1452494729093523,2.057888080612745,0.08736139229660722
124.19476755873166,140.77513576422047,1.9240838510801974,0.09736630975637589,0.2938120614989961,23.407210301937546,22.812053801103062,0.5951565008344843
169.14015585184612,150.8157909239527,1.7704431652663162,0.041320582895869186,0.215812438971455,35.748212881162004,35.47722301568173,0.27098986548027426
78.36608350161968,191.43003593164724,0.7583921871713468,0.03202418187095046,0.20453241903689465,2.193923796415609e-06,0.20652952911685674,0.20652733519306032
65.10331697693208,88.41909232589981,0.3279250249748357,0.06611786657202827,0.24216334450821878,0.07683944343780036,0.013192436541586972,0.06364700689621339
66.29856548933935,100.67944036506557,0.8404504831320369,0.027102037693032002,0.13869079087319322,0.00267491949873859,0.0,0.00267491949873859
163.81285913810285,144.33905301406753,1.9364879352564859,0.08655982334026287,0.5527447990527142,66.59629568226363,66.679837144311,0.08354146204736423
67.75986247680032,57.69147323527319,1.9154077886394394,0.09339222670916882,0.22402760180362788,20.735099020108954,20.298971170055793,0.4361278500531611
198.18412603435604,93.01565222906214,1.4944581686977356,0.07277537429057705,0.4146770949889902,115.89890086377453,116.07233361545244,0.1734327516779075
165.27754888984663,115.96539750181005,1.7144773743932558,0.042103480505674265,0.21599201499991819,58.46681091369031,59.541355211590634,1.0745442979003244
63.96157420288442,107.20207570715223,1.2493843697784748,0.0784043962587607,0.32042496997162195,1.6717581837012112,1.8571144702978906,0.18535628659667935
127.93540672438253,81.88247246416947,1.5154760577221063,0.09704230302255454,0.48419375944729803,61.8836906979747,61.34017759847154,0.5435130995031585
107.07757853444025,64.7611843529252,0.5016678837552344,0.09172576233014156,0.11966708964634623,45.228911445138394,44.83097823841624,0.3979332067221506
102.24813802508068,121.8600211582736,1.0362122741467172,0.035196676025924446,0.5516929594729992,17.392311182583015,16.920869040357204,0.47144214222581127
154.33280456189624,134.4490569639612,1.4090257230138858,0.079237954695401,0.5911652957280322,56.95061001993631,56.27491363426299,0.6756963856733265
158.63638635903487,68.78720158318299,0.08478799820637974,0.08532942408774907,0.39742755148909303,90.34505809844514,90.12109743813221,0.22396066031292605
74.82975841029173,166.64863512417483,1.8853503855614369,0.033100811516451334,0.43271651836580893,3.2065228679071893,3.642525605140044,0.43600273723285454
151.6431145399691,88.33840682997845,0.09021640039376966,0.05927074391867724,0.29431561729779676,63.77580957688983,63.98891902741114,0.21310945052131558
182.89626696390295,180.4825074357659,1.2316086904928392,0.08369715667942623,0.5700636406343832,53.65354422415669,53.200746196698375,0.4527980274583143
107.48664205183708,155.83248974096296,0.621773178093585,0.05693226886164765,0.3277189953205141,1.4863990207915379,1.7036228858057179,0.21722386501418
123.63965153540907,107.75674604480636,0.30940594607446187,0.029454923246844192,0.2771182937079055,18.4757136776649,18.40308444184498,0.07262923581991743
132.7051943231088,169.710809895887,0.8167813920522192,0.037269083370126535,0.29444948776156743,4.621792772589849,4.540863916876184,0.08092885571366537
106.62516969309033,116.24013751037866,0.8699498798172547,0.019636969771166937,0.24912448704034015,6.840540840714013,5.786931562330345,1.053609278383668
115.98550048974043,126.8442527528384,1.3590493366465386,0.027999781040123572,0.5251894400275365,25.666478645211505,26.416857182064017,0.7503785368525122
82.3852099078428,74.3490848854986,0.4721075451888726,0.010579262182208893,0.13646792828062723,8.862810522323215,8.939697207089033,0.07688668476581739
173.11389903201956,127.32181781017805,0.14753208345229168,0.026816438777152552,0.1361006163774878,46.29480751209648,45.72027871178291,0.5745288003135727
179.55483974603237,194.6810348267974,0.7770291974481031,0.06279305023561252,0.1049619641973136,4.206260023365928,5.830544621704487,1.6242845983385585
75.25125672907976,145.00670375673394,0.5538592006377362,0.0633456867830261,0.19885496293637836,4.47715604386615e-05,0.0,4.47715604386615e-05
195.4646037056556,149.9701796907131,1.608582180382598,0.090099432826389,0.23064823694498285,67.41931123076246,68.5437853916884,1.124474160925942
168.37799523463292,164.26635256158102,0.7577925468071242,0.04875836423323099,0.5376833306661977,35.5169808336379,35.59794608853954,0.08096525490163486
112.53547498314808,153.68695231355375,1.0149239646471906,0.05219937088060446,0.11183963794641358,0.053420960678689955,0.0,0.053420960678689955
156.3331904954749,140.19290126735504,0.4332751451102119,0.019094159854885797,0.3143105752148323,22.70919897087623,23.05027397909071,0.34107500821448156
162.79257624076143,195.3842072313653,1.906516631974067,0.0014364464347800699,0.4570963819097301,29.98038972144431,30.384218691042324,0.4038289695980133
150.95393955677406,89.88038142327395,0.2805004802750468,0.08365244535733495,0.12360469008542649,63.15800993514881,63.42150302127456,0.26349308612574873
173.8685358773033,70.1879337087913,1.6956871800831772,0.08192526389545216,0.2742558909839765,112.80190678243042,112.8436377574176,0.04173097498717482
185.92720486221708,73.40422845200446,1.4200511387390125,0.09766034854736232,0.5069948114926536,123.0128018468092,122.23104868304478,0.7817531637644208
118.35708882787814,188.51071425034226,1.9929123119455774,0.029584423954483654,0.31524685647872897,6.229113141991391,6.755011807228822,0.5258986652374311
51.57187308415762,139.4212474971028,1.902655205855679,0.05311134384707278,0.3085662201184326,0.21846715424425578,0.13456607637996854,0.08390107786428724
129.2861644943265,189.42247135787406,0.7116116877097355,0.032473927739708475,0.4597469589059151,5.685004577388195,5.841420215400806,0.1564156380126107
99.18858252960561,79.0381215247271,0.05246036090214027,0.008114059983051402,0.21428294924917665,20.18409926604984,19.898207942933645,0.28589132311619636
57.64414672321148,196.00879667622712,0.8459366090163558,0.07280532857572161,0.5770329790524198,0.26735942371641785,0.0,0.26735942371641785
167.81608409415026,187.5181865267455,1.0849988343443013,0.09791160964635454,0.25240827582705505,17.19483075295706,16.382723810536888,0.8121069424201721
65.83171400283501,78.01830757925075,1.9123868249670661,0.07124927364051119,0.28631170778354575,9.420454222084459,9.037134746002561,0.38331947608189765
150.37610019986934,179.30420907481002,0.36244020702099045,0.007424929247903178,0.11365526045145338,0.020342012157849254,0.0,0.020342012157849254
155.02636787046913,65.20113309320207,0.44965998959891035,0.031600614044032894,0.46674180829482725,90.76770792711379,91.06706684748562,0.2993589203718301
181.85664957089554,66.90092718289698,0.3351762352792121,0.017483537821276762,0.5871090687905465,115.3628997477533,115.70639813904323,0.343498391289927
94.53027282611214,135.67758491792762,1.0513881255097128,0.011802545352391381,0.2643740106260538,1.418123150313475,1.5943067475044117,0.17618359719093668
55.01006235605037,75.95986890860978,1.9242222654182135,0.03299063802772447,0.39629456655996664,6.983374840769493,7.014089156421921,0.030714315652428326
187.12403918707474,101.50684394287956,0.6645921630348345,0.03263111740702246,0.5217025993054092,89.50853117909311,89.79380103112649,0.2852698520333803
102.42932542609856,62.30163121533818,1.4249487767013544,0.07501086358265359,0.547073915513249,51.03299770393862,50.47969231793071,0.5533053860079065
85.92970383117205,77.5496376622576,0.5123509468924012,0.08961405241003317,0.17216166159176396,12.405105519667998,12.652959193502475,0.2478536738344772
58.78746052346601,91.32218856026705,1.3948907756644235,0.009078092272148564,0.45386485656083697,4.608905166108942,4.892733987989011,0.2838288218800695
69.50374925268545,161.29926145065812,1.4839086711149538,0.0855225496713336,0.2553824893582807,0.11266383477938713,0.0,0.11266383477938713
164.23046169507734,178.0191246006262,0.569549993679023,0.01816051168976147,0.5004875877422492,19.95243321553172,19.42579281075718,0.5266404047745397
60.35443630774137,197.15128563945598,0.6276579861622907,0.08759545229664353,0.4707161850665469,0.013549415430987616,0.0,0.013549415430987616
90.95940495322864,158.51445230380136,1.1273574405429136,0.04319455915655671,0.545004461690852,6.9408807591511135,6.36043677589279,0.5804439832583235
118.06718515184161,67.66519279730943,1.692112535151281,0.038964157395900895,0.12036840470252438,54.71949280158003,54.24028360727017,0.47920919430985975
110.18974462791701,147.58337787302435,0.25271330401629355,0.09859433732131893,0.3885708943127426,0.9637837459832195,0.4722622459282917,0.4915215000549278
50.84724103551387,171.449554950778,0.641571199878426,0.024534454357875848,0.17129508990549466,1.590439322286206e-18,0.18655411608050798,0.18655411608050798
66.21704690558127,140.21859853211868,1.0698716944087885,0.0508251170517122,0.4917780647454367,1.833686784149867,2.5075471964637295,0.6738604123138625
170.47389873973447,88.08668431039462,1.1610834739377207,0.01130069109441998,0.3023474138526684,83.81347464165331,83.8591264366716,0.04565179501828709
94.91627516691557,91.28190248065115,1.2336234975000526,0.07223482207406882,0.46313035027646643,24.360996364170553,24.174367712126852,0.1866286520437015
143.0196295907549,195.07289103468977,1.6219438350052184,0.013298701963273929,0.4479564794236782,18.085005149472963,17.65445534247997,0.4305498069929925
88.05908599747244,99.11670946201373,1.1242865458254478,0.011477900692220344,0.1818274958655188,3.281174336514173,3.449019067117632,0.16784473060345917
146.50594883540126,129.73120234070706,0.760944328514561,0.09696369098451091,0.23003908320093955,28.32988195096769,28.68923455232229,0.3593526013546011
139.22073439058923,111.12466375696744,1.3523746413755509,0.004551653799524169,0.297261669799302,35.16797735326462,34.93792715986174,0.23005019340288158
118.24242835125368,173.3760607745755,0.37760508597483744,0.06385292205123201,0.5009883292078643,2.6039054177312693,2.8845202608109837,0.2806148430797144
139.27507458936168,186.17902844428622,0.8387340223807584,0.09124142643958304,0.10870512689066278,0.0875187473457415,0.0,0.0875187473457415
151.36887653262158,155.18148258844292,1.9414586988430977,0.018221689695467193,0.3169017847360043,27.109358713782314,27.58106317646665,0.4717044626843361
106.57436389546174,173.25057646262007,0.13539766019129065,0.05674750409377563,0.5273006245398795,0.05846752607829864,0.0,0.05846752607829864
199.9570512657226,141.99540439262245,1.6861432177172706,0.0021984632248663984,0.47208751661761705,76.45442630318053,76.69289282842604,0.2384665252455136
95.26900099408903,78.52908617132444,1.4026035696403778,0.02821784839234657,0.5846091319487052,34.24969469361636,34.32941635289715,0.07972165928078567
123.31380042167295,175.05640949279936,0.6854185097314313,0.02646731427017156,0.2726606277657543,1.0221948279140403,0.886833347471125,0.1353614804429153
147.05248397475077,197.19233520905692,1.1328108677330153,0.0541479851949701,0.33760464946217095,9.2021976898438,8.986889311007989,0.215308378835811
120.72158930287897,96.66488598385092,1.0217186144755728,0.0909092674886272,0.34998142884317873,36.321728848108364,36.19064639116961,0.1310824569387563
110.76492647619197,166.0972570570981,1.4073532108477163,0.06652070501268012,0.16938969898088388,0.6764311483627816,0.2623735733169923,0.41405757504578933
155.21016940725627,111.99250276931944,1.0758270071158547,0.05030806046196205,0.20129566725617967,49.47793709222283,49.85329101282469,0.3753539206018601
140.88877664715915,72.08418773079136,1.1595622128596939,0.06451803496534712,0.4011009169469967,74.7097713701977,74.63870631228593,0.07106505791176687
50.19760578200888,84.32954006232083,0.37123222030914266,0.028762001929939995,0.46591290751605785,0.2669947095274612,0.43095786188979446,0.16396315236233328
133.28028880999744,143.39861108015677,0.1872691096035421,0.006393836948087895,0.1144532563397708,0.22288415907923387,0.0,0.22288415907923387
163.41401330793087,76.9408569946012,1.833506727380124,0.08015138998394783,0.33722441507566825,97.41577048756605,97.33218833852388,0.0835821490421722
98.27437545448836,150.19155313061276,0.7388800818950051,0.05342543312302203,0.5548855840351775,6.63925330646439,6.524675450464038,0.11457785600035209
111.35066281901962,168.27341951565882,0.18135403516130694,0.0739749531089596,0.3589491304963579,0.029079200683048367,0.0,0.029079200683048367
157.80744237085517,134.71987276678826,1.4605672653576525,0.04637114077834525,0.5348836918049811,53.99755625929569,55.17257516582157,1.175018906525878
198.7661713893066,131.20519450743336,0.5067959362991953,0.08507910569340676,0.3389168580810189,73.51688460603023,73.83407001057222,0.31718540454198774
140.06843339599405,179.53958071177487,1.6591537296892307,0.021583587491129288,0.4527584411016127,21.639132619079867,22.123891567432157,0.4847589483522903
193.4320966818306,58.66183478937047,1.1069560557736307,0.08986168076177523,0.32723209238790163,140.32540040437195,139.33466823816718,0.990732166204765
103.75951014587022,83.59309808379558,0.31546176775339735,0.05674139663066083,0.5665445067247453,25.571313286500214,25.394195244940153,0.1771180415600604
173.26595890598009,163.06399760724054,0.6400799248544201,0.074444783620307,0.25992810374705355,24.304737220690726,24.423144985355222,0.11840776466449654
184.35874947965252,187.86507487724458,1.796059096539048,0.06339055018090206,0.41297997546248877,47.27555949033038,47.79473700986325,0.5191775195328674
53.202131731580124,180.35058247986836,1.8237724975279235,0.08590662149111446,0.3734532695681554,0.2802515825832159,0.8012201178760776,0.5209685352928617
131.54801134913174,51.55280323801934,0.05568986026103391,0.08202033578102841,0.5444161465550256,80.23014892580233,79.7129248995519,0.5172240262504317
78.95113042381494,172.57152976471377,1.1551249638390007,0.01028383297259925,0.5947886631347388,3.9822574776778907,3.8554727714162738,0.12678470626161698
161.05413630581359,95.54393614015692,0.914372580419565,0.08950140996963676,0.21446968502880456,73.02915645095335,72.44630287343745,0.5828535775159054
178.23295216628824,97.28535176240136,0.3865483279655615,0.028571378045066854,0.13883070730960959,82.01612968047573,82.48996347898506,0.4738337985093324
191.6794498778939,119.49080011930137,0.41191951309839375,0.006120003920135964,0.1886866313253074,72.48968360961847,72.31140792782759,0.17827568179087905
198.96268728957597,142.45764888864045,0.42032086972086163,0.08946899496453786,0.44299431039646875,63.93473795655078,64.79357268169771,0.8588347251469344
107.02240074793961,179.21747962053928,0.3053925902881298,0.07695680371017126,0.25383528192877447,0.0010860622185052335,0.0,0.0010860622185052335
198.15499706495115,92.58747545515085,1.1212167440021565,0.008829624252438729,0.10890265364628962,106.47960820374249,105.99654053669323,0.4830676670492551
50.06253753546558,138.60754070215694,1.9281745276340858,0.0789735170981973,0.4029813883445823,1.102356996355442,1.0432245786207872,0.05913241773465483
196.5571058071818,88.094387450511,0.20434634733533624,0.07029539253756371,0.20581287831312914,109.71911416515842,109.47432228636204,0.2447918787963772
56.63471199206552,50.497008087107524,1.286418101574735,0.09923091321073627,0.4091338347889637,16.57498944797942,16.32832371852306,0.24666572945636034
93.93430595963996,143.68558249052126,0.6938177475123216,0.06514146489331549,0.3683155776063105,1.7926143786471158,1.656189065862531,0.13642531278458492
133.04851134470846,98.60345835861509,1.1797321456595782,0.060343658358291224,0.10587474405797023,41.22268408576804,41.11962188544869,0.10306220031934998
111.98495118883605,192.5534600751882,1.5105792824622948,0.08429757577645253,0.30467599357088293,3.449288868916341,2.637668556120186,0.8116203127961548
55.47110452350887,143.10105784465264,1.53833599030054,0.015155238893839497,0.4753174712788123,1.2600207091146443,0.8583573023991917,0.40166340671545253
184.33117997186355,131.1982152916986,1.5519204613213118,0.012527969771569815,0.5818024392755744,77.15030135085016,76.83615524112605,0.3141461097241063
172.50646758932658,56.079658828564796,0.3998643526820907,0.09712820761051016,0.49640477379956927,118.56384900396046,118.51180466574289,0.05204433821756993
120.31967342871675,115.87189691477049,1.4502728656606583,0.08985838744159269,0.12293190381694089,19.65248591688035,20.178793703977632,0.5263077870972808
167.2560305017289,137.18997597241594,1.579996227262712,0.07608826411966574,0.3330036586439179,53.197992124480876,53.529188301382334,0.3311961769014573
86.78884595348146,90.21021018359602,1.6287060434405962,0.025300026280765144,0.3603431949741095,15.873677513276625,15.56691407983191,0.3067634334447149
195.30173016746915,196.12189560100907,1.8062546474368715,0.012356169753996027,0.2941907359466459,32.117247836590465,32.203894091416636,0.08664625482617083
166.58379789613804,164.4227439345728,0.14694550994897576,0.05076816677287363,0.32621013555021783,10.022407047888478,9.148513136596936,0.8738939112915425
144.27142953993763,158.54576719266595,1.3721383734815358,0.09042041404671732,0.16612621942371317,13.259222052002514,13.257183606068399,0.002038445934115174
175.8324142946432,163.96058425497765,1.007531055749386,0.04791722874858333,0.43082832227379386,39.259329481324144,40.24372338655903,0.9843939052348887
154.69380242831596,88.10344485876547,1.4811881292135596,0.0431093642853307,0.38302116066288394,74.18024088864546,74.0601266605837,0.12011422806175176
119.9775050094405,181.51701387010584,0.4047271820793309,0.07045195293377404,0.332504476953129,0.41322219456515175,0.11724682020820865,0.2959753743569431
138.82654173226712,199.15066393040004,1.8604476324058905,0.06180647630099816,0.49684133146126763,25.224424015735835,24.328175326212524,0.8962486895233113
199.1897493662723,93.09669973326405,1.538134587649,0.06950070452670838,0.5136236481737548,118.69478929893353,118.65547460198344,0.03931469695008616
197.57592604139305,136.2357471993561,1.1465294784069844,0.027459091259563462,0.34885534210909763,69.82441311655687,69.89479566721742,0.07038255066055399
149.9078448903723,67.6205610033886,0.521916022760613,0.003970783317009086,0.15719835588137718,82.42727666969708,82.63372659161809,0.2064499219210063
108.10376039821865,131.76790639670673,0.9069219878300417,0.03361119961222471,0.3468031135456543,7.541716982492112,8.099860412227343,0.5581434297352317
187.3570848901215,88.02660182229454,1.8079616355182078,0.09131606569298263,0.26028510420284257,112.78136833624986,112.06383219044626,0.7175361458035923
169.71206564290486,155.97847138942558,1.017600179543046,0.050358202452132295,0.38087347433381236,36.44921350988565,37.28787446140079,0.8386609515151378
178.11886366711641,145.21109583331548,0.12840992369097598,0.045402774033229565,0.23899340538595146,33.78367794550576,33.28842446038176,0.49525348512399603
89.76159328624578,156.6627413159856,0.7353616878509556,0.09667100104611794,0.20713337751184244,0.01912694087762784,0.0,0.01912694087762784
179.48110636995037,88.08081118768766,1.646905105209488,0.08376491946695112,0.41103437936381737,104.11678572533867,103.62925013190691,0.48753559343175823
58.10473872253439,100.14324451479354,1.2073005993769887,0.0016381139686259096,0.29939105604328065,0.5137032934300234,0.41246419950940094,0.10123909392062247
199.48186009084,144.91592865427583,0.14206158403135097,0.025151593731075485,0.4662529118346018,55.46759484392609,55.51521362849182,0.04761878456572788
154.48089273570878,54.61766979646088,0.23207605786937546,0.060023582851209324,0.1528554973502181,100.61877442488216,100.77888623341295,0.160111808530786
148.38531794956293,107.96937117999298,0.06913473682879137,0.06374529518417722,0.2917670768132278,40.890750095450144,39.34365674445041,1.5470933509997309
175.07611565349063,148.07310651060243,1.1012245072104918,0.026053377745268815,0.14058813326817546,32.189095265479295,33.09053560175074,0.9014403362714418
175.4606799406102,133.2648619741718,0.9172547785838479,0.04496152977487175,0.36794001134378185,52.85396490973001,53.07617532974162,0.2222104200116135
124.26047879166161,65.81597220859372,0.20518296182442108,0.07149287038410754,0.37856057449606884,59.40319275749032,59.31526600030932,0.08792675718099474
145.09164177922707,96.93341490275466,0.4219406435296085,0.06595955758407494,0.30606178773455206,50.94242888674226,50.97421442579545,0.03178553905318893
192.87370686575042,101.92655409185215,0.537147945661537,0.05415125310470963,0.5079746343040453,94.61014603900814,94.91648611352403,0.3063400745158873
95.03721629439522,162.7912073037674,1.2137586647514964,0.06880364067812056,0.3096437939822355,1.7096631473297617,1.512240956907842,0.19742219042191955
146.23419889465282,196.34024734168833,0.4654011212394835,0.0281676677720048,0.5807771359721433,9.25670714239066,9.1319182584411,0.12478888394955945
185.1305847869447,136.70335308811178,0.999957371638839,0.016882148624181127,0.27504034241446684,53.318675027873795,53.16413208950035,0.1545429383734458
158.25189992533205,112.67312267824352,1.4733039479870114,0.0002438083614859421,0.30800462285545926,50.49187153010797,49.732891271205226,0.7589802589027457
138.11260050241373,105.26277364316914,0.12514091725099255,0.05763073790574713,0.5490687190208701,34.39454132723026,35.157581689228486,0.7630403619982289
89.51739715353587,89.26549751187278,1.4617257335250329,0.028310491130265306,0.3105902053217625,15.068134549997687,14.96471816331957,0.10341638667811637
198.14607631519794,153.0349198762164,1.065544282714685,0.044751914906010805,0.17668973078148117,52.8339857740425,52.23854783485857,0.5954379391839311
152.33094431307143,183.97529300068587,1.248607485650139,0.03278525119212479,0.5438458559377995,28.25246465949764,28.744295472921685,0.4918308134240448
184.81277241029244,73.18669650047275,1.0161262251621541,0.051798536730080835,0.47078530237068283,115.7551281717726,116.57091276832199,0.815784596549392
76.79429284193634,147.588980239757,1.2832319427601526,0.08543633111737817,0.10588291958176507,7.13639201868659e-06,0.0,7.13639201868659e-06
148.36907736500564,93.361409338518,1.097546192394018,0.057647244907337115,0.29442232635485877,61.35853056721756,61.23852474531776,0.12000582189979525
65.49842865627376,161.19746661656802,1.473399388673023,0.01908135316857398,0.11316089678133581,2.2214931893280587e-10,0.0,2.2214931893280587e-10
143.1714210154422,198.02033978285547,1.4872749123337354,0.060072374823937874,0.27129362509393184,7.422900530600536,6.852685254306511,0.5702152762940251
95.29025317122156,147.79542398333518,0.08634640780640568,0.0599846346065202,0.27315423652827275,5.3996818267748735e-08,0.0,5.3996818267748735e-08
150.105587001821,87.21729387149063,0.35799777087380014,0.037704726974955555,0.17888126817245573,64.05766060550243,64.17502686307809,0.11736625757565378
81.15961030543724,82.86423385985816,1.7698194833466423,0.0025238206879065308,0.538813635639361,22.246318948277956,22.27180168385397,0.02548273557601277
185.36453075615347,98.72369106083863,0.41867234874340775,0.081187680160384,0.5688342281670291,90.62306860471215,91.04703827933562,0.42396967462347845
167.25486513660667,90.76279577415556,1.0835851809684554,0.00056781045258395,0.11337218972015431,76.54789618531784,76.66708241673055,0.11918623141271212
110.79041886449038,114.72471034148144,1.0747272819595548,0.03416986400255356,0.37372115966123765,17.103476347094855,17.243196051755845,0.13971970466099037
74.74163353460663,194.5876788502999,1.5051313597787845,0.01091617260906388,0.5282650119281743,2.4442382809359913,1.7528726455939818,0.6913656353420095
76.15875767345727,111.14797680681727,1.520793196766633,0.013309867796352471,0.44050996574165147,7.424668792978608,7.27106585722289,0.1536029357557176
81.452090578049,137.2579965367123,1.505772248166598,0.04468295655156437,0.5726470165595177,10.845972042572054,10.680884190752689,0.16508785181936503
138.78190984815336,135.9212193655487,1.8612058944931453,0.06831260652601061,0.10991765998200384,20.73702885129636,21.361042024248647,0.6240131729522886
142.48656196192843,100.74273772789093,0.5427095790098557,0.07332076499500767,0.3665664697838854,46.75236266550283,47.06544732993791,0.3130846644350811
92.02909270564669,193.7713938249558,0.3974705843187986,0.08255473945565545,0.4895150525453187,0.14432139974424918,0.7486416388612014,0.6043202391169522
158.5302325844823,125.86259792852339,0.8467304189756707,0.02128903701846423,0.2996068857344981,38.75276735247799,39.09001074715989,0.3372433946818987
182.38094748031747,81.88941366818845,0.8841332345253123,0.02719665780624028,0.5497647284627946,103.86767850066657,104.20127191779733,0.3335934171307571
92.5171996829435,139.25169998629465,0.832413673937815,0.007124359069688502,0.4377971441114782,3.656528975160752,3.1590587802481664,0.4974701949125855
82.72509455233397,176.16297355516394,0.9345406113544648,0.0962786478702871,0.4967126213780175,2.0497881910546774,1.4021202128389554,0.647667978215722
89.02170382996962,182.0838241422177,1.9045899851486945,0.08378888025145537,0.10271988655453126,0.00016730278897244058,0.12892407004040507,0.12875676725143262
83.20102921580812,62.32795530350041,1.0074712396289387,0.002211200240675204,0.22784701547206956,21.801602629258014,22.09221225401673,0.29060962475871577
120.81456696697158,98.49705702186318,1.492747839910822,0.0033937618929113958,0.17986385811909836,24.9864368013653,25.228984339737366,0.24254753837206522
93.41242003340392,113.22908098247818,1.1092472917176905,0.0685783024992138,0.1797077679040112,3.0790633683739372,2.8135844267519623,0.26547894162197494
111.18790442847637,77.8577876921709,0.9731995643853956,0.09990036373228539,0.23125682035186365,40.71967697207525,39.99029405361668,0.729382918458569
87.43157083414077,125.06364285326968,1.6874527883865695,0.0993668381405381,0.49510360164934264,16.21956016300003,15.994703917695649,0.2248562453043803
125.82976229507328,77.25649747194885,1.3088934020361163,0.026872602212594843,0.3086138537826256,52.27793858088738,51.57519534305176,0.7027432378356195
96.08017004484697,146.21471219484016,0.30938847506860206,0.04559009349294771,0.5805867165682338,1.879694608493395,1.8996322491180244,0.019937640624629438
59.499271805383714,62.996033613534046,1.2153490330640586,0.00164063727565128,0.18275355293553378,3.4057378973034673,2.845081888997953,0.5606560083055143
81.0127592964676,147.053145020665,0.6400017388911815,0.016012920757246484,0.4466185730452368,0.8105552588599743,0.5965881741692556,0.21396708469071868
79.99777762855092,52.126423072799916,1.6035449652180873,0.08675408352448288,0.18590166788468568,34.67824442324562,33.54145587655982,1.1367885466857999
78.0132133567105,143.85567663589583,0.13176656671836737,0.04002614012323216,0.5316419363911743,0.004631370083092362,0.0,0.004631370083092362
69.96962525012532,105.09716198236461,0.2920475563080132,0.02081532520809387,0.2732402800183188,0.012756874350950131,0.004203438931824621,0.00855343541912551
67.7371152577212,179.0116812561218,0.41687909556393066,0.05762915047707762,0.16576219549933927,5.328986752822889e-19,0.02102957277791262,0.02102957277791262
75.52430120998736,91.07183372582854,1.2431702290738689,0.09459518845983324,0.21449831200250272,5.03757121597657,4.9556971077408924,0.08187410823567731
86.04656555603219,136.8951570609326,0.39961774043525405,0.01701290141789442,0.16876563645076922,2.205650050199229e-05,0.0,2.205650050199229e-05
62.4269068254083,188.40603778347437,0.3680211270628309,0.024615773951103925,0.12659060422306753,1.030086805740382e-46,0.0,1.030086805740382e-46
73.58861884055332,181.0910521333682,1.4858092988729432,0.04737159787729248,0.3494822800990003,0.45394469733289045,0.022915572421489117,0.43102912491140133
104.09123039787488,135.7774240050955,1.02987092252188,0.08207541885640461,0.5884290486511862,17.70826386351122,17.276589792529954,0.4316740709812663
58.28033498121067,124.12589756963422,0.13476839029401175,0.07641023460575262,0.3848106139016867,1.3777898411131599e-07,0.0,1.3777898411131599e-07
156.80015402480774,68.1177182182749,1.820737171233044,0.04547733134931814,0.5574222806992258,97.93515942927942,97.87963805122928,0.055521378050144676
130.2075076134065,168.199992239305,1.7388074864387988,0.0041431534291823,0.1164247399061761,0.4998597127519462,0.7027853918757643,0.2029256791238181
129.92131526868909,71.99420589621461,0.9834095841856734,0.020685970378173636,0.11015949924779281,59.37687565919491,59.141654923642506,0.23522073555240297
154.02578945641423,191.18346280350707,0.6757239077958697,0.09902519489186545,0.2783863991400317,5.860018401189542,5.700053338426422,0.1599650627631206
142.86786296404608,172.59142758790045,0.5074291527037895,0.03748177718704076,0.15401005372974283,0.44585636406286255,0.12247687737527002,0.32337948668759253
121.07372672497995,176.94962001149025,0.6450566155448814,0.006157905702578893,0.29434611541403466,0.8207224344321578,0.0,0.8207224344321578
86.17109543988909,119.79593918891946,1.5381642908028854,0.025859231443365216,0.3131551448859654,5.055181775779374,5.623619052984946,0.5684372772055717
55.71329492449746,93.15905150779639,1.5315086243290583,0.0612017848030093,0.45829004820822616,5.073939967278502,5.092803575455054,0.018863608176552304
151.53024185134586,185.4486296112814,0.09927395526316812,0.03875002355642191,0.39334863861738023,0.48264203999721644,0.0,0.48264203999721644
169.38724630409988,113.64489384284379,0.2789704429342124,0.030688201447806786,0.4547929173374845,57.318969274066916,57.42311525285406,0.1041459787871446
64.98977134585455,174.92528182395134,1.5259683461932272,0.009871643996026736,0.48170040092710864,1.29215238245079,1.0465226571756432,0.2456297252751467
93.45697814222703,122.8993301229102,1.0137592702807114,0.022044277722875285,0.5977039876583903,13.99714183051654,14.068581779172959,0.071439948656419
67.20044215326428,176.84441375818136,1.1250164678705563,0.04926322222256907,0.1894788809488888,1.2173412768621997e-05,0.0,1.2173412768621997e-05
54.353958991897564,146.9787220125486,0.36310045989918877,0.013537416998696273,0.20465193752959768,6.642378417478707e-16,0.0,6.642378417478707e-16
96.05383090093463,164.83139349102908,1.0062671193798085,0.030956401906766563,0.5393191767768131,6.104579056138281,6.039678500632704,0.06490055550557727
125.62679065862208,156.41181779931233,0.368035507767273,0.009463475820654911,0.16375157909762741,0.07362895805640646,0.0,0.07362895805640646
88.16750939079645,75.816582911568,0.10652716269272551,0.01823300827866553,0.17954960706503256,12.504860297152703,12.246710951230064,0.2581493459226394
90.11420059788739,69.93630142640286,1.0197450569002557,0.02918993662416928,0.39983248455020814,26.67769656787968,27.101327467287323,0.42363089940764453
190.4362320741802,136.96776531188135,1.4551802939320784,0.0643042981284725,0.3359253417136704,70.42095268018272,69.89664962882989,0.5243030513528311
74.65680888866655,161.91768440960584,0.7830343103863956,0.039875713667851344,0.10058370105731654,3.916743060358812e-17,0.0,3.916743060358812e-17
126.33720238699513,117.3901067432806,0.9994664591548078,0.0440802538186609,0.4628906846577886,29.52624343686793,29.18591016802501,0.3403332688429188
80.25533786037866,91.77018970559575,1.9594846556107424,0.09785013940207353,0.22777043739936767,12.288520480375816,12.106560233876163,0.1819602464996528
186.7071033036804,161.30111961105504,1.5222470643317543,0.08719064793321801,0.5028542920333525,66.4880207584531,67.10588308870196,0.6178623302488546
58.1815273431747,93.57168722963763,0.9228628633161545,0.015494955130185084,0.39928961051722445,1.5524175316520177,1.0264293827407656,0.5259881489112521
145.11461617748023,58.4905013183122,0.9265194313243575,0.02095422850123,0.43861199551962493,87.93455426392549,87.5539912759011,0.38056298802439414
105.41364271317215,58.04581409252534,1.6222478799745117,0.032657998992561665,0.3997103606447383,52.179669798738196,51.74848736794289,0.43118243079530316
60.14613058933032,110.26489400520718,1.3866988998353793,0.06773427785011504,0.588587602640747,6.956152467911652,7.076539190724205,0.1203867228125528
148.67590558566053,105.82122100377217,1.5598520070096125,0.01310547199394021,0.2974109793002053,49.015886284906614,48.59170041460544,0.42418587030117294
74.73731129129203,173.9375843868039,1.008276929997189,0.0017539286543629242,0.23572862215909965,0.0012262644104761265,0.0,0.0012262644104761265
148.4110818642595,89.31938381705282,1.6523676754174401,0.07836825811140338,0.23036974545497643,70.11767730291297,69.65551193913936,0.4621653637736074
130.58919123996327,62.389898942846585,1.2603078181209832,0.027022749808132986,0.5573089205992908,73.09110194913961,73.06347941115355,0.027622537986061957
152.0656170032953,103.49168403421578,1.9519968674151458,0.02435852894612388,0.33044276652711957,58.602243558874065,58.46130945498842,0.1409341038856482
182.0532323019223,78.35336659358623,1.2742135541328397,0.056288768680031166,0.13384381555894945,109.12287147933532,108.78919755439883,0.33367392493649106
197.7471111142502,169.98554013178716,0.46764830493818116,0.09745894526868573,0.4612764339574894,44.44088840314109,44.5710869482556,0.13019854511451
178.14965474668895,162.3037446161647,0.4085047319022828,0.00787998002143101,0.3711939054561788,25.531847799753635,24.487997873954935,1.0438499257986997
184.4065965987218,60.68793924251217,0.3428628400515513,0.06394767259720567,0.4161270935858111,125.03478488729758,125.48928029890436,0.45449541160678564
186.8873821545953,96.55441325479705,0.8535068413048023,0.03395477790384586,0.1497708792552542,93.09102014957384,92.99086535618194,0.10015479339189426
93.54638850615055,182.31762614149827,1.2787927834356,0.07017223976643114,0.5596985721378859,7.5216481980407295,7.687073471285565,0.16542527324483558
60.90402322399512,138.8748261826299,0.45822857763035957,0.04541583680561439,0.2898672427099699,8.314093714959078e-05,0.0,8.314093714959078e-05
58.578619032575176,171.46407809404863,0.40045437976926346,0.0007106813297667825,0.5455880277930217,0.008804220127946363,0.0,0.008804220127946363
153.97070519816452,103.40663600634831,1.1624081709334098,0.037123148244038964,0.26604373403767334,55.874973098430445,55.815953741149144,0.0590193572813007
56.697363346141834,106.5843122693309,0.56584582338591,0.06593273483348171,0.23515646500784868,0.001374237936789105,0.0,0.001374237936789105
147.13549179828112,183.55701093675776,1.8546781748806784,0.03321307613834134,0.13401586478658048,3.053333374846755,3.2941956737027596,0.24086229885600474
197.8241188663377,61.3454992356199,0.053626954868749764,0.014850573844421934,0.16006097750300022,136.52745518878922,134.8538793028317,1.6735758859575185
126.92677571848924,189.80829973216453,0.2156129519024279,0.07389996712800703,0.4637542028060697,0.4776012225565758,0.6556182205564483,0.17801699799987247
111.37955946499295,197.95508822361808,1.8491030588907849,0.040780999107820716,0.5563028321774577,15.87410635799683,15.932945624242752,0.05883926624592206
191.12517500695876,128.61628623039434,0.5073849769866492,0.03145790995164669,0.11165511427045874,64.54547194929256,64.27322413815193,0.27224781114063035
157.7191260174636,170.99250190262345,0.9270917272171817,0.06686686898191138,0.5114392748663321,29.49046717274706,29.630213841065782,0.13974666831872185
96.95804437855672,64.65189475584774,0.8900370937967209,0.07979058867368789,0.5678962902509584,40.842793992806385,40.37598522989789,0.46680876290849227
101.32193494800299,136.30029035232764,1.0481753869751254,0.016550241422874822,0.45510805713149594,9.0346975307274,9.388236921541772,0.35353939081437247
140.23376786840237,114.13632172182102,1.3341708545961122,0.04467451748092836,0.512273036971791,47.92488948192714,47.843627213640275,0.08126226828686356
114.57534651643557,133.06678752164544,1.2496666184379182,0.056160168827602136,0.3154790242995851,12.380770868133148,13.010420741677905,0.6296498735447571
94.47272772695317,132.25516380619695,0.2085070174635078,0.055046704924416295,0.26109357354642126,0.012897990721727481,0.0,0.012897990721727481
166.99358172241608,121.72164072284112,0.9134573099190321,0.0347648926602501,0.37971296866467896,53.615644572347705,53.713086539388556,0.09744196704085084
125.17202598994415,126.37648638310162,1.6716283405531114,0.04163817324181629,0.20003102210808707,16.48326505768093,16.437391354122322,0.04587370355860898
83.12202408106847,142.48410184309267,1.8748878159028446,0.0760493598115271,0.4929615292809497,11.42815935353472,11.371417541830741,0.056741811703979295
139.0516794412482,51.60269781990085,1.2952213778519697,0.045904403123794416,0.37064716198262526,90.49785053432217,90.39124625477147,0.10660427955069451
106.11360698881037,89.26371566684662,0.9053700366284618,0.02826788575801961,0.5326845295899637,30.29689691150564,29.458941055806072,0.837955855699569
191.59620422257842,59.59275050489169,1.7276418667350582,0.06914394377373925,0.2753593849459559,138.71508672221705,137.49553411196592,1.219552610251128
81.63250483223857,170.4298021333749,1.0580439090935723,0.08785142735131239,0.36714361355224745,0.7616415819547138,0.4712643878534095,0.29037719410130425
199.02269259353727,111.71430587544411,1.768308479219985,0.05405053970318296,0.10789130670387972,97.49143672751892,97.00012846191737,0.49130826560154617
137.49525886320333,114.03638741014575,1.7794693868288072,0.071170456744353,0.48368455475734196,51.95223494654176,52.38304052259701,0.43080557605524916
156.73665687894655,78.1991571121022,0.9914950532770619,0.07418849194041063,0.47754065414041524,85.19277680063652,84.95322358473169,0.23955321590483436
55.31704024996546,91.18675235599515,1.1399243977802735,0.06410876880396739,0.4921915055710915,4.148443824111872,4.08188876035716,0.06655506375471276
56.62862287422244,123.86487801200666,0.9654532647868178,0.09427943093906688,0.16259784494138782,2.0140382655900978e-05,0.0,2.0140382655900978e-05
109.47486379328222,131.65217123988646,1.1179239287543155,0.05047692875325904,0.5222882930426965,18.627095373521648,17.66265628902341,0.9644390844982382
133.92640662094408,114.06333041423741,0.29370117400565016,0.06315305624663803,0.16896034462881213,22.06624325450794,22.18151757369383,0.11527431918589315
131.0204224313316,133.89501764266828,0.3530066549079249,0.07924373354607667,0.18913940583602776,6.271018157775984,5.7019128755570065,0.5691052822189775
175.6144744556347,53.28222585367426,1.668922276121859,0.01698575200149287,0.4412380236176371,124.12429509275034,124.23110307385896,0.10680798110861645
189.32164720584916,190.1285565898503,0.4990149801571186,0.09616107358595422,0.22696447738648148,16.324905976636018,17.345361601964008,1.0204556253279904
117.13716315659872,183.74695805765285,1.4324102836650379,0.030827889258357666,0.5125213970165569,13.062533156279649,13.491743501649776,0.4292103453701266
86.13882207847459,54.72177824335982,0.05335717491738374,0.058681328658632514,0.4521726455154429,31.58812273439424,30.922254723228622,0.6658680111656174
165.54467422690368,71.79210433520329,0.18319578766148498,0.012363295370917505,0.2686786150264986,93.91498808945681,93.54894339895246,0.36604469050435284
184.52834424690818,158.50241018262318,0.7309468889158542,0.06328602566270629,0.2105170220485306,35.24242304246502,34.83119398467871,0.4112290577863078
199.13850823357862,175.48498828401807,0.8323570039195269,0.08399159018438396,0.3455942152317819,44.690192449250816,44.899232253524694,0.20903980427387836
155.59956701820272,148.5155117585054,0.9958179236021116,0.08743357690596014,0.42763251355345566,35.558461411265995,36.08164630899866,0.5231848977326621
111.44158092556293,141.2040766769731,0.6846654174128687,0.07406743816620101,0.30962206220584954,4.263116570016848,4.044621065672356,0.21849550434449228
116.28838180619266,144.93687962560986,1.7299612766980976,0.0012744364111357933,0.5763610024631786,25.864102809763523,25.63089671247343,0.23320609729009334
87.807865159877,116.62192255408274,1.4420595328604626,0.010305655209200883,0.2835900501685211,4.151773034587901,4.9252063283719885,0.7734332937840875
129.69391322279074,199.23975448711548,0.5147084026867076,0.07988865651031239,0.3716876430208712,1.351391064314953,1.6518480434051845,0.3004569790902316
132.82440549566405,55.3651721118488,0.28364313692124976,0.02329121677753695,0.5028838222543132,77.82677161901174,78.4980288682999,0.6712572492881606
139.77659520223764,107.43177747891997,1.749499322973132,0.04712096557167145,0.3589146685931076,48.32884983167827,48.9458082451394,0.6169584134611341
139.18530576754625,175.17705764385374,0.09660129857517788,0.09983988110257452,0.5281629098539529,1.0583078150912737,1.6268340286652574,0.5685262135739837
133.2624482720552,145.13645913355995,1.4582746122438368,0.06680722027601561,0.3835030610053205,25.063845800306865,23.648595455877235,1.41525034442963
126.43831790635416,50.059664912886106,1.920223489959429,0.0030712074859050587,0.4315980319552286,77.8475491078612,76.84799153582739,0.9995575720338081
108.12175685452617,66.23411678172462,0.34210534580636986,0.05985157852140588,0.4498005337110841,43.44765014145565,43.974949269570416,0.5272991281147696
165.3551341556924,94.88650532616495,0.18553213518822675,0.019731763055711518,0.13618246542619508,70.81536151206315,71.27324176245827,0.4578802503951209
150.19783461455177,97.53518885785154,0.6331252914388579,0.07917103381533133,0.30744732517496454,57.69533941475335,57.5165366730418,0.17880274171155008
59.5666259691088,60.05497745356476,0.4693166579977761,0.05897927508293898,0.10090341767512037,2.266425145173436,2.749920376803452,0.48349523163001606
78.34529095438452,182.95861620004789,1.2223953679528397,0.026215393297848513,0.2867439057656692,0.05872923113154804,0.0,0.05872923113154804
84.25043474478889,155.39646142802002,1.1786620887563104,0.0013851309310717542,0.47580926628943454,3.3619643712226157,3.0399511368761267,0.322013234346489
172.37100720155556,142.82783059370766,1.834708842327155,0.03589164370893572,0.42888659469880375,57.47528338450816,57.55139095187828,0.07610756737012281
168.7482381440159,132.5753983225045,1.7726514560298265,0.05263402270680278,0.4980481609109064,66.06126102053213,66.37335242942905,0.31209140889691867
111.1963670758624,137.24083669440017,1.7799258269268303,0.038050807763255305,0.30245620755266944,11.781268761247425,11.401521356908503,0.3797474043389215
199.21517281028326,53.71210289434741,1.984270269167404,0.012709181872078713,0.15153188861413,146.84066901314193,145.27211191750635,1.5685570956355832
60.26988779692324,183.86799033781685,0.3535987755958045,0.050282490809772165,0.2576841012878087,8.46184580254892e-13,0.0,8.46184580254892e-13
153.73751184958707,61.347447284003614,1.1900605254568701,0.08524105377353848,0.3292681357106694,98.32977882330727,98.02679761024883,0.3029812130584304
190.7956104785934,66.34725295296204,1.5978328134465831,0.06103904034935991,0.3349849928140157,130.65717087172186,129.48262642137988,1.1745444503419833
80.60197198310614,80.13923983602396,0.79100923136747,0.04306656400575529,0.3379229619548344,11.095477945611378,10.75482937213284,0.34064857347853916
134.35681965960234,137.58838028225713,0.13733309567347818,0.0008859483899226307,0.5609994630621805,9.721549169514432,9.318634881899264,0.4029142876151681
72.53903534151944,57.19053954575886,0.6493997754151111,0.002433678067111178,0.4004269056577122,18.181761837905462,18.207788655869592,0.02602681796413009
149.92679781725337,109.80598977621145,0.7432593672958958,0.041408934914240914,0.47927309361255255,49.34300161454081,49.30087497467002,0.04212663987078713
149.91421101823988,80.53326620877195,1.1545532374223277,0.062191971473334544,0.2215539985214898,74.97386650282705,74.22739092620093,0.7464755766261248
126.22510337193127,92.10243718471312,0.6883635526787233,0.05412454867257558,0.3014967777798051,38.437670741250685,37.52973988755775,0.9079308536929318
83.81067302651884,194.293748790922,0.8064472666259117,0.04952883421100586,0.2022091932219586,2.4270966278150874e-05,0.0,2.4270966278150874e-05
125.31991829519468,160.52471324144125,1.3379491590347528,0.053356783755690786,0.5326151168328984,22.473010342320954,22.706757286071387,0.23374694375043248
112.29221206081871,117.8546912698153,1.6121094848913786,0.0613421566602369,0.5773623108385854,34.16626817134944,34.27338980677294,0.10712163542350339
85.69573935706265,178.12601841622438,1.358684507109298,0.08804735615529231,0.3405279103663268,1.2118339542600864,0.8046722097013657,0.4071617445587208
114.73810198574976,56.37300658351199,0.6771170919847954,0.05933162093575034,0.21196479309553543,60.58498499335907,60.30516669661438,0.2798182967446934
126.64387510872098,159.74798523184086,1.241579121438866,0.029537914177622873,0.2567810905997472,5.837388700632307,5.604629719099631,0.23275898153267605
63.525796473423675,147.4616875413151,0.6011247528698475,0.009270680005796506,0.1550714493559823,2.7672471805622067e-12,0.0,2.7672471805622067e-12
161.9352942699781,97.42618027544759,1.4986944478565742,0.07043148319913452,0.1357144056580639,74.26933281090149,73.56306529875572,0.7062675121457715
145.35847318048536,91.14509202495395,0.7800248750682283,0.048316130520452055,0.48456156270637984,60.37403475739812,58.86599252121624,1.508042236181879
83.95963106170012,155.7960691680858,0.34537919689267466,0.04042532296722309,0.3729190937601945,0.021749573130080135,0.0,0.021749573130080135
122.35640069436717,159.0537814486371,1.389289124245384,0.08220633189532241,0.5776377863375828,26.23639593836915,26.840258092295663,0.6038621539265137
170.96980769428842,165.66348875915054,1.3949448743916233,0.08663425443646879,0.2957439946923973,36.14868241568834,35.22848306273245,0.9201993529558905
51.03170165514996,100.57480052119568,0.14910698602972072,0.022252711326734443,0.2241585531900692,2.3822680453241425e-15,0.42209985460672783,0.42209985460672544
157.95318215969064,123.5811767535481,0.464464601483051,0.07424530292617851,0.4234378412946399,42.033781056191046,42.159979997234224,0.12619894104317808
81.41492547893904,147.89710059757644,0.051246973979291476,0.03230917647246219,0.24723098316840772,5.710540835350158e-27,0.0,5.710540835350158e-27
159.66959759307485,193.99108475450194,0.6308327604101917,0.06752197636154793,0.3467674755916479,8.599945900614436,8.226031587797365,0.373914312817071
153.0071684532516,130.93645926116534,1.0073552620386697,0.022169383640120246,0.1577645541312198,26.40718701391596,27.010939153236997,0.6037521393210383
157.8334370672671,104.19709649911204,0.11157632254058009,0.051018846394228316,0.5196983349355253,54.28363546244883,53.70543051308185,0.5782049493669774
90.55114557914587,64.45235040822269,0.8699968614880587,0.009157413434184825,0.5989470643455682,33.37287940656788,32.86742667901191,0.5054527275559693
112.76555058920025,113.86424850149982,1.1343156187058856,0.023460801197589046,0.25021695720364856,12.822490800026841,13.155032973460766,0.3325421734339251
119.27268671746224,112.56199416335247,0.8128731943836464,0.04814068602687114,0.3549657237303109,20.631062172558487,20.687781601498237,0.05671942893975057
187.50426171280247,121.91955934439108,0.2136499311172247,0.0014281245415780908,0.4043059024065411,65.7234925036229,64.98566084459225,0.7378316590306468
105.79096820652133,104.89152823874181,1.3802905796699334,0.03302613679855489,0.17213352386263361,11.377218095939433,11.656193075885287,0.2789749799458541
140.94490972890736,78.03643062198046,0.17656817643952372,0.013910194214616945,0.38499091930004226,63.1004057023402,62.88485154943801,0.21555415290218605
92.26333505767553,177.90304486471058,1.4686418238002072,0.004167139527099561,0.23186773803786512,0.12478573472672405,0.0,0.12478573472672405
157.6869660525158,132.51701314398855,1.8877410056974349,0.08279841781248298,0.43843429139485757,58.764292741876275,59.636575860535764,0.8722831186594888
179.84803862897593,101.73440866744099,0.8001411129436928,0.0793936801770111,0.1903246793019219,84.3759563301789,84.07505982247953,0.30089650769936327
175.05248807681807,104.47148611734451,1.7759835763896619,0.04461041774030347,0.49627116881201494,86.88408892174085,86.93873060752765,0.05464168578679107
92.42285124664198,175.02894025395312,1.4422103702624138,0.06290398659686408,0.32290993270780455,1.6580519942125491,1.4750849407179238,0.18296705349462528
117.77334251488044,149.71206344530745,0.37547264102367106,0.004023679951299863,0.40746907124147913,2.9903897671875583,2.754242357914329,0.23614740927322941
176.30311652514746,183.88694532354504,0.13449898623677753,0.07375614597536852,0.4577138312386466,9.320565940977772,9.452719415175043,0.13215347419727053
127.75661694147725,59.11511408235401,1.5983379973435587,0.018243363974453086,0.10513629312473491,70.3403552872335,70.07245232537723,0.2679029618562794
62.433063022044635,168.43458576931093,1.0037924725101541,0.09196686013250696,0.46264095428861407,0.44027268560081323,0.44618959001445546,0.005916904413642232
135.17677899761242,152.9655918537532,0.9261028138320047,0.08073525501956702,0.589363310985447,27.66398310167328,28.638862702096485,0.9748796004232041
80.97888064400225,91.73132244251768,1.150469639095511,0.07438842383092562,0.22997194435271376,6.5939561861430604,6.841493240610152,0.24753705446709162
86.34289850656126,170.49764909715992,1.8721259342848464,0.03155633960157757,0.5635048440697614,10.34308795638971,10.511162953633466,0.16807499724375674
147.2768447607707,119.40595653480295,1.2783196190084216,0.0040454366481975645,0.17348949720387694,30.276067158245695,30.49099910369727,0.2149319454515748
171.02178704468244,99.98170011000141,0.5584935134017235,0.033929043969556004,0.518487718771573,74.59992982907487,74.8983806508954,0.2984508218205377
199.9216421043191,182.98542940886762,0.9255183086753094,0.047696846534642914,0.3494376385505731,39.35027460550994,39.89431414770267,0.5440395421927349
176.8678757153914,79.65065272717524,0.8447315870167552,0.06343554941037632,0.10119697900567862,101.37304255599354,101.52482775313369,0.15178519714015692
159.16329182798182,115.86962554272553,1.8238031441518834,0.05540952706054908,0.5794466790923902,72.61575707370346,72.50647724409308,0.10927982961038651
110.52802134549755,159.750745111509,0.9169618635164254,0.02826815905667005,0.28728270024642844,1.8336406357982717,2.008835774718534,0.1751951389202624
148.8506098955483,75.68105437352698,0.8817849959194789,0.05776163059485569,0.582812041322589,79.28847342673387,78.37051308477388,0.9179603419599971
73.22966171432539,195.53000052584463,1.0930078754931423,0.019251045468343653,0.22096365757382977,9.434155767647288e-05,0.0,9.434155767647288e-05
156.17316717658088,160.12936329228432,0.11385455264029173,0.09710525268930224,0.3116360397258857,5.554684271375876,6.8469722357883605,1.292287964412484
186.1543855307634,50.76840407221302,1.0161235971021783,0.06908808781049607,0.262608387630639,138.82780249374065,137.70989745610083,1.1179050376398152
81.48882649894617,188.1591525152274,1.4673993780132826,0.05637826313114569,0.24814953527512065,0.06903147876146443,0.06684534892841043,0.0021861298330539958
98.7704230530012,118.58068611918634,1.8704283497946623,0.049402975932589924,0.11721406988876767,2.956936967374663,2.7126335960445083,0.24430337133015456
74.17883643850463,182.27401017412313,1.6773403736689867,0.03664134922192102,0.445412252959833,2.062848278579354,2.5687300167039666,0.5058817381246126
172.63922967178272,57.49433268287212,0.7523937984984796,0.0941437156730427,0.5602197803849862,119.19746221419916,118.9642375680177,0.2332246461814691
91.10848087054606,138.86914649490632,1.180953809641899,0.06492242275258915,0.3614159138387587,4.393724774194052,5.148190431112194,0.7544656569181427
123.64697575074193,72.51238012907405,0.4330142017777232,0.01747549134745532,0.33291663356460266,51.726358953093595,51.789711725043944,0.06335277195034905
132.0991718326552,180.39881738372281,0.6193424367161513,0.05961281275322057,0.3241410225968724,2.7618209766086323,3.106279434284602,0.3444584576759695
115.62351412135361,184.31710730892456,1.1739630650000172,0.0727900708303985,0.2473887762758599,1.3043898762673525,0.8311891704814585,0.473200705785894
182.94751008256608,160.08928436981006,0.2249669074092071,0.05642169452180349,0.24333242244333989,25.835630293951084,25.593574890755406,0.2420554031956783
138.8310724527422,185.1621207406376,1.9427841324083432,0.08343959562426319,0.3389813858464401,19.311747395472096,18.13260691149561,1.1791404839764859
141.6251479383951,187.85007157090752,1.1775522988681402,0.08861896678312542,0.21689072938176182,4.705016246285666,4.747286723777343,0.04227047749167667
182.70642079338333,84.83322479564745,0.23914543894313706,0.08252197678229757,0.4502603448919903,99.53212127252282,98.99102084493867,0.5411004275841407
168.06225809857912,70.1951634579851,0.4338253538227984,0.07221683334367544,0.2545046660186323,100.03218103101443,99.79203957838524,0.24014145262918873
105.25162463095161,132.10845667253284,1.5917689977202694,0.05219733940657435,0.13714841480796078,2.2130823366982995,1.8602531434625682,0.35282919323573125
106.44211165227968,120.66251722321863,0.6634270721374609,0.029627475742499756,0.500968851559572,12.82908057139258,12.002572268765288,0.8265083026272926
85.15499487425913,192.7629169258252,1.7567973787482445,0.029181222048950507,0.1626752716826381,0.001275747153803023,0.0,0.001275747153803023
161.77786315683034,180.63603623390682,1.3994584337776852,0.056106974235549445,0.3474664924581402,24.238267814592405,24.560604480467163,0.32233666587475795
148.485890966123,171.5629979226166,0.4695981136630314,0.03789348790645386,0.29011971487032506,4.9783853760918575,4.4075536008385505,0.570831775253307
142.1641242257249,96.21598451128847,0.9108285057027882,0.09255346159088784,0.5719487283414492,60.078577355422965,59.95873383002201,0.11984352540095244
133.6375245239574,91.31541393528818,0.24705947460742383,0.06376653799136232,0.4956158751253664,44.359194075736355,45.2680463974747,0.908852321738344
143.8984335048621,121.34577511652495,1.216295500997612,0.010360859616868667,0.5753827989471226,46.17328050462349,46.26870660233783,0.09542609771433774
175.98528450893903,120.18111025905961,1.3312348917192036,0.072339467860099,0.5665652230301548,78.75221248320604,78.7052509271879,0.046961556018132455
181.72211369833062,130.866758713575,0.3157168969780415,0.07686870214903253,0.15352942889380214,53.99316242135572,54.59509772175775,0.6019353004020331
82.83288999545937,159.38440121714996,0.5246661754860759,0.02425872336133066,0.3150760918435864,0.01893963276791749,0.0,0.01893963276791749
126.10257554452589,135.46870761439857,1.2155934636704089,0.03238319183305283,0.1784845493811271,8.111927390789596,7.174875208725435,0.9370521820641606
52.719897568964896,72.4296268401045,0.25918664967957206,0.07014317593304617,0.20364194586955833,0.003576111654415473,0.0,0.003576111654415473
88.98015785913654,175.2990325990297,0.5636664236860903,0.01714126927117924,0.4535210289324213,0.39199403358838314,0.22780903098655614,0.164185002601827
195.00413661544056,193.4645701492798,1.6751105650615659,0.07187012086626575,0.18052175899801484,31.27672135104639,31.518767653663637,0.24204630261724702
196.43589200260192,165.88302643739658,0.5955896472080122,0.019897565713180288,0.596882385062998,51.52186280055743,52.49370367556265,0.9718408750052205
111.37099664371956,168.01084969666684,0.9363634096039318,0.05112509399640117,0.5468976536684115,10.131051989768366,9.601699597081858,0.5293523926865085
105.58134278805777,78.40566382913606,0.8530969718360878,0.009860694178611719,0.5288334995136525,34.86570072378891,35.03294260288244,0.16724187909353105
62.96711199032093,189.91779280525876,1.8390221744629711,0.02016428901518711,0.1622900641373813,2.810950537621997e-06,0.0,2.810950537621997e-06
163.75584148978143,72.24397678220429,0.0797126955190526,0.043709900824882054,0.23108893064331706,91.76314162091505,91.24729382807769,0.5158477928373628
103.04846176532726,142.55325445510607,0.5641978364767622,0.08533194207672734,0.26859215542385195,0.9316436661431649,1.117546523547908,0.18590285740474322
91.84698550700038,83.27267302666053,1.151910743983539,0.01812061979623828,0.12582687166834913,11.509669823383703,11.605769628588163,0.09609980520446015
93.160007474914,175.60285099261557,0.2011677759078993,0.01635178630582226,0.33952893742390544,7.348790693422922e-05,0.0,7.348790693422922e-05
51.15308628807191,154.43887630921327,1.8588299986769448,0.05564451954851464,0.559412985151802,2.70988893340761,3.127412825577615,0.41752389217000463
120.82166765309692,175.91857760211116,0.5464221631612026,0.06177398037281561,0.17682810262961132,0.02601221508266882,0.0,0.02601221508266882
158.07206391364537,99.21962067965812,1.3966259380219561,0.09189526749902814,0.3262968037149184,71.99639385996565,71.45839138981825,0.5380024701474042
109.93315624990936,54.58493391753671,0.9671844903819395,0.06711480847845108,0.14884148354054513,58.778910033120646,58.82737064180809,0.048460608687442175
80.2167474278304,50.36477504680272,0.8724422141421775,0.08955362534164374,0.42159685039253936,34.54623552986124,34.088839169515154,0.4573963603460882
117.0258263621229,113.6233933688186,0.5079575481747516,0.09430406897903033,0.5007247990798425,20.684081003155526,20.86380475405816,0.17972375090263526
67.91726538930506,186.4211918741248,0.11422066993202969,0.09569533949292239,0.52458084535183,2.92567386861823e-08,0.0,2.92567386861823e-08
172.69494122556557,158.79138893409223,1.9595001096295661,0.005234802022322305,0.5515451927695763,57.67903542866569,57.33822847303459,0.34080695563110197
149.15249518999497,188.1012507957213,0.9671022958802931,0.013266310423165895,0.415210046602867,12.549602547690213,12.962079012878057,0.41247646518784364
61.190646223652855,158.9383275360599,0.6895778454220758,0.024162106215694625,0.33561083238680756,0.002679677850254511,0.0,0.002679677850254511
93.91546924385369,115.53963132660586,0.9474455402567665,0.07580366429579222,0.3812094364409835,8.979769620112727,8.877407645243224,0.1023619748695026
91.91991164355801,139.56171117473195,1.9390608667570997,0.09717584482621149,0.47607796343469566,16.638192949090946,16.29529513863006,0.34289781046088663
84.1340488854014,149.65259556365936,0.9386651929564022,0.0026957298024973377,0.31305475493592294,0.3817606505044826,0.0,0.3817606505044826
111.59603384916898,51.15225500168739,1.2591103364877336,0.00297903636359681,0.255128137059078,60.65531345534596,60.0465199723168,0.6087934830291601
158.94980240419858,123.01063470531483,0.38440824582816674,0.006159961023855154,0.1264551341856329,36.231500554052886,36.139705654095444,0.09179489995744206
88.54686739565423,194.54786054260197,1.193214374463013,0.07937647743084464,0.2486056531402995,0.057876266497400075,0.1871967948605402,0.12932052836314012
109.09802445084762,198.0078760922697,1.9536926623358992,0.09905592589675839,0.11877385986889136,0.055765559468031634,0.0,0.055765559468031634
152.31398827674008,142.9832483297539,0.5142298690768885,0.04745541922273651,0.3909820171638896,23.43989934029962,23.601170248699724,0.16127090840010538
138.2783071756891,143.4123328693815,1.9756636647611567,0.08993769363680569,0.27283541296795233,30.046547479958846,29.812100138914495,0.23444734104435128
177.05964034111486,54.72309875440054,1.8861071482814662,0.057073563864438695,0.532408601441819,128.96197868951847,129.16882739831323,0.2068487087947517
139.37854811828277,63.19386298175645,0.17853176190550107,0.06603047547496559,0.11098205192436164,76.92527452706139,77.37585315154197,0.4505786244805847
115.26316262732648,104.9792713948093,0.6703855302377334,0.04546003374453508,0.21188051955795936,16.049948290026975,16.798839174839145,0.7488908848121696
186.54895574636078,108.49996432545367,1.8649226589500116,0.00740475831932822,0.19230035207874005,79.7648586402069,79.79285839534917,0.027999755142275262
75.145442856792,100.53436383985117,0.0716765531051269,0.0914202535234609,0.5886714987844206,0.1918643245131788,0.0,0.1918643245131788
129.24130289362995,67.25665723479068,1.8660478256852444,0.03927955739380095,0.35418090141100544,67.98151513794048,67.79288129372762,0.188633844212859
181.1297861149497,105.04160042144113,0.49241588398852526,0.004576587677756927,0.30887017868118993,76.37986996819971,76.3468968047345,0.03297316346521484
167.39361569443201,122.59817587155806,1.2485039722400575,0.09208392584956726,0.33871404941672134,61.40239191905694,60.61989229846033,0.7824996205966102
92.98836519384864,191.97876333501003,0.05557979345513146,0.0935610674111587,0.44344753312376706,5.645270098406056e-12,0.0,5.645270098406056e-12
55.464792096479165,123.47192503945173,0.5373227708202314,0.0350266002072021,0.5239710652864819,0.2400521117500265,0.4161779906639751,0.1761258789139486
146.5207887146172,86.30595456938632,1.2121584604237363,0.03416403071432279,0.5187839162204394,68.83229205321396,68.24242719801885,0.5898648551951169
69.37044975473049,61.21534911431412,1.815309027172487,0.027423330282035953,0.29719286860697214,16.6235606936902,16.86444908407383,0.24088839038362764
129.54979514030217,189.21723609228928,0.7874212047362087,0.023739483997923017,0.30008975832178364,1.6699977792948282,1.5439389533924626,0.1260588259023656
141.988771779707,85.35879928082478,1.5566504132732892,0.0895655666281734,0.3377731863006165,68.88115627885296,68.27486385161005,0.6062924272429058
56.874423936781895,64.05228671005722,0.32090989105096124,0.028119585080499877,0.1259507927643436,0.114745782450282,0.032627795807101734,0.08211798664318026
183.8905072861667,54.022634651282715,1.6168011037555605,0.03432457925381516,0.448379189797494,133.0134285766789,132.4675715767027,0.5458569999761949
91.28821253784986,140.6338745749502,1.3721163641184126,0.06272713828331794,0.24824773485824078,1.7941031092500133,1.2309445082699924,0.5631586009800209
165.618385868659,189.0102262353909,0.78928967361074,0.06441360440843634,0.12671086836263465,2.670154704784217,3.4291391331124252,0.7589844283282083
108.86544281120186,124.71695287700184,0.9412051686055158,0.04593091634535318,0.5278986344950946,18.151886957551014,17.44874306932884,0.7031438882221721
174.43931136285573,172.7913838590751,0.5767706193406479,0.0746688511064064,0.587518087273778,34.67728420228573,34.7970605426358,0.11977634035006446
60.80311453048759,89.70225179094427,1.9175009532213851,0.027759540717511678,0.4164561072580134,7.044476934519782,7.2153957035507155,0.1709187690309335
51.57602848847703,73.49387465757113,0.24177704865988742,0.06778174576471625,0.3340000734268501,0.07287720400490882,0.06514523956818152,0.007731964436727301
127.36727611452613,81.57141100124826,0.830294022863199,0.05567938358934486,0.4731918787753514,52.157148606264386,51.6929933740231,0.4641552322412892
188.2708641114196,140.24689879450386,1.4225360508795792,0.00032781237820777025,0.589000202162563,72.8662153688937,71.6313572898055,1.2348580790881982
57.34005432887647,171.62267572243852,1.1042530093423648,0.03627251372465756,0.4280006925232668,0.13595040719836182,0.0,0.13595040719836182
168.5070185212777,117.74112733009446,0.6520056569989675,0.03317500582162738,0.5325433900708348,59.395153568843426,59.39927182098669,0.004118252143264556
160.1219518641377,122.25863309118165,0.7039590927132783,0.007413289798310397,0.302266859436887,40.99092836543505,41.44366136479765,0.4527329993625955
154.40135061156536,162.64693769009705,1.7072958201190338,0.025543163535771563,0.13464764929913506,10.228795962056495,9.927690867675047,0.30110509438144817
121.0899106457117,152.27001692147704,0.09650716406776616,0.08906051468286064,0.33563081740637557,0.08737074323111438,0.0,0.08737074323111438
167.4357911257586,97.92460890359578,1.9063179181647254,0.040608028730765446,0.2513228096878818,77.45784132211281,77.05608899051683,0.40175233159598633
189.68841234548174,66.94924700939312,0.8087140083637498,0.028059869184966946,0.24344601687636488,124.24129980899174,124.1116225493519,0.12967725963983412
70.58619717153343,72.44898284553945,0.704295221204694,0.07086962635296086,0.3313362750393791,8.573583683549344,7.91770859508771,0.6558750884616344
128.21496324468168,146.14476700285053,0.4330450543555587,0.03694238913531727,0.44912639819979683,9.35667813548315,8.685422600544626,0.6712555349385241
160.5232506944406,53.3454912605329,1.0246842157893776,0.09522425843493298,0.13441560635375252,112.13704982141246,111.43981613606923,0.6972336853432353
190.3893067071469,158.7711522239804,1.2573327661023432,0.017168076778185815,0.291723623992423,44.10959972567072,43.17284537476262,0.936754350908096
92.16125372605715,110.28692032883882,1.9613785440689078,0.016997698044200604,0.5422602178326983,22.67346538942106,22.703588413322137,0.03012302390107635
104.53314426204498,191.7992756704657,1.837514023530139,0.037773552726364935,0.23079890783164755,0.7417086172979523,0.26672586159661904,0.4749827557013333
173.4827628371065,52.60266357375376,0.9587985733263075,0.04911616859452947,0.5621063803088729,123.50856649252582,122.84611542387282,0.6624510686529987
81.82009631345302,173.39398106759904,0.29066543097486297,0.015309916345780827,0.38305398393482804,0.0008981192599314854,0.0,0.0008981192599314854
70.5247676005921,85.6683948810034,1.4538165257400266,0.003947262839623356,0.43269113397291925,9.70544230547501,9.38020147364508,0.32524083182993024
124.32812781837585,73.97237766686656,0.22841382848762565,0.022306980285931834,0.5373559143147618,50.916915221088615,51.18767639877365,0.2707611776850314
174.3815102523597,68.96086787378559,1.9719223824856393,0.08264933030746344,0.10969915799282873,115.79167936831351,115.7434561730478,0.048223195265705954
64.65918785098074,58.665076035247964,0.7951494771025506,0.056943956349853754,0.3724055680055206,12.970355327135309,12.412991835076703,0.5573634920586059
136.78283739738282,66.33298170977177,0.9346828595656834,0.034843422898861075,0.2480651884080258,72.58027232259677,71.87645989625094,0.7038124263458343
93.31115528597043,147.38004069568376,1.7403519737511832,0.03580936210829786,0.24900098635600956,2.068551552481459,2.0869331001387224,0.018381547657263297
126.9098096450167,91.31073789123694,1.6309963729952366,0.03905101460791587,0.21980526230939715,42.300207657373974,42.53804497908241,0.23783732170843308
58.94272588475297,97.96892003442714,1.3505975204884741,0.09755634057112855,0.5505574920237972,7.61622989804181,7.175052755933976,0.44117714210783454
127.76329680705703,125.18956943358201,0.13727701798122027,0.0005615525502394525,0.22359185793672123,5.59663275532057,5.96182129012216,0.3651885348015895
130.98473793153227,197.22613373367622,1.4201755531803097,0.08066891784821983,0.15305737517234067,0.6180836057687458,0.531402734957723,0.08668087081102271
139.20540078764003,104.4232694847309,0.6118010128296454,0.061136334164558305,0.530832139008793,44.62976112985223,44.14552298315142,0.4842381467008039
168.75255131594523,167.2246859182539,0.12819236951090845,0.08870925521357877,0.30000137012028794,8.993319424228886,9.573764070069359,0.5804446458404726
64.36427777897514,110.7140015192573,1.0432350969386865,0.051934364643861586,0.5200390870684353,4.140214852225883,3.9441171378344286,0.1960977143914544
89.81585940873859,165.8867613782698,1.3588691975273297,0.014504522984470615,0.11638201629857728,2.0580279654432935e-05,0.0,2.0580279654432935e-05
90.55126822989914,156.9911932953422,1.323987667596037,0.07956753513122417,0.19872164580507648,0.2523218952992057,0.0,0.2523218952992057
194.05680913355326,154.51469650919768,0.8965875132244243,0.030198033750909948,0.3964598448256117,53.068028985089484,52.198498254643624,0.8695307304458595
111.25756374502313,131.01618236630674,1.9866592633449907,0.07385707815702723,0.4173773929909037,25.027936684798924,25.458767040460135,0.430830355661211
189.7721729065337,183.45921127926405,1.4985996804479382,0.057182216492660615,0.2016453841141583,30.290340635936076,30.39326448049411,0.10292384455803472
191.2834589673093,83.94038883410525,0.4628217637253783,0.015544530590957463,0.1353082774295943,107.94479930356374,107.23376032044744,0.7110389831162962
113.65479341524909,125.76358052570039,1.2050527253680652,0.05432766205187903,0.4181791135307841,19.001843250471396,18.466292300642763,0.5355509498286324
151.31153639978845,139.43426205874124,0.1370276330342481,0.06404889917168133,0.15740037935240034,13.313859899595371,13.622969281487087,0.3091093818917159
170.32789266139798,139.56941677979202,0.5461698965252509,0.07618947768768035,0.20879060215744363,37.04001074353248,37.425812677948684,0.38580193441620736
128.98900278447212,64.78936970906226,1.4474408229241444,0.08397263211450623,0.14954104462573845,71.61473292443024,71.69888105369418,0.08414812926393722
172.9651382928214,69.66590566005237,0.3854491875606325,0.0714075061843457,0.49460724655606847,105.20105541781766,105.62178278654572,0.42072736872806615
128.97354628349214,53.73120110607239,0.20170001517548064,0.08881889356922458,0.3559678420289146,76.19635646753298,76.23904947649618,0.042693008963198054
155.95368669432642,102.21570084860473,0.5102102819794462,0.07723585379987123,0.5206681465589311,60.028492392841315,59.776395024611865,0.2520973682294496
90.56378418941483,113.79971595131558,1.741226769253127,0.07205126484615902,0.25799446968763207,8.574295683756002,8.48738476155767,0.08691092219833152
114.50398544682818,69.0391828781303,0.485441228163637,0.07630226121101846,0.4298256084466464,48.333187023086275,48.688092192644035,0.3549051695577603
174.47704760349978,185.62956819653374,0.7337243000552924,0.030627572274246086,0.36680765618295197,18.87924006217547,18.740475875748416,0.13876418642705346
135.25413202389856,159.85270086253092,0.8586329410083965,0.020855603972859783,0.44140678993306104,14.332452457904836,14.266315817926333,0.06613663997850239
134.42585849901653,81.00526283043456,0.9563386024031229,0.02211335849300198,0.1593099315638253,55.11715961439671,55.39654437836983,0.27938476397311973
61.195519061189444,164.0101217761649,1.5195511501860421,0.020848994917789732,0.24186551307381074,0.005386753981345291,0.0,0.005386753981345291
127.78986115613532,160.48519482349218,0.6780283411310111,0.03162242861748389,0.1557142868228277,0.4121846141917116,0.16525151459110532,0.24693309960060628
147.77232815863613,85.03549075587068,0.5820597341867894,0.03516196300858714,0.48907317437234765,65.56298697527237,65.30814385220019,0.2548431230721775
111.79049889351012,105.0610503083548,0.4435403220586807,0.01220173753661933,0.27555552366610747,12.081606779521778,12.188549104305253,0.10694232478347487
57.589312703353414,160.71044758032548,0.29035077968049383,0.02208296704967391,0.1219637457737435,5.244705922664351e-55,0.0,5.244705922664351e-55
133.6358270410052,182.0299418582743,1.7128835601130021,0.05648629979570885,0.5895504348086412,30.679343555130117,30.495139731066853,0.18420382406326397
71.35818874824052,153.00267519161787,0.11932699040634835,0.07437265941777076,0.5223018596822167,5.9726433560824575e-05,0.0,5.9726433560824575e-05
100.02862377515052,123.71172024421278,1.1381095566207886,0.09892573866121968,0.5727995324789902,20.343936579211622,19.14940171758554,1.1945348616260816
99.21512137852994,132.85137653637952,1.4544334747827075,0.07097616130982749,0.410978162011701,12.630971796407735,12.413470991098087,0.21750080530964766
148.1633213686706,112.9318744664125,0.5977237118020894,0.021773214034391697,0.4517806003682664,41.90222998527638,41.82528942344902,0.07694056182735665
75.74562689432739,89.20706930743835,0.4694857491781758,0.03849461643708734,0.2987173366291429,2.33166146651941,2.2409754048307526,0.09068606168865756
73.38001786664618,166.74223639743735,1.0662280230801422,0.006680458213735652,0.4290333530884485,0.6233938307690896,0.7268491808931685,0.10345535012407892
191.02025284448385,74.9931808790478,1.6604531859047584,0.0063204207945191555,0.17847396997438356,116.81011029815075,116.60508101066391,0.20502928748683757
180.02071202348375,112.03652573359075,1.9705222068776627,0.07006332296600636,0.4007796121799103,87.5342627024884,87.24392805424249,0.29033464824591704
148.82692227101393,155.6019832213685,0.44366546904561466,0.010624902916992397,0.4880875272838915,16.731986337888166,16.474692156550127,0.2572941813380396
157.36239677775032,141.11589434020914,0.5498622018278734,0.05844762035380401,0.1862404740566275,22.32563733859655,22.402504370947213,0.07686703235066261
61.03749844278887,143.49880732206952,0.1751369379843179,0.022399793831269145,0.15341071739237108,9.58581141213067e-41,0.16430703299569416,0.16430703299569416
153.59706096577304,67.72854738324529,1.5962891205099767,0.017542810096928152,0.33812366689037676,88.11456011172987,88.33104345166464,0.21648333993476854
184.42173517161802,68.88745421789484,0.38787622209582795,0.08004786293231345,0.4647604283316057,117.64207361305165,117.91829968762592,0.27622607457426795
112.98850655627558,64.29943627413887,1.3123442982121485,0.051643138457413064,0.2518527493153384,53.021407744490375,52.67676572482148,0.3446420196688962
75.09911623199255,145.82828728824126,0.6324773007132488,0.012254198868186995,0.5242798205600211,1.0592578951651035,0.993690593597691,0.06556730156741253
155.81739968518664,192.15092045377025,1.8115726201728732,0.029104366461036105,0.4409022251135729,27.536621045606687,28.332454438157104,0.7958333925504171
125.73721057559634,166.3948562134438,0.3577920202600235,0.03155168530342011,0.14378377021738262,0.003002018208837609,0.0,0.003002018208837609
68.82711305929108,129.18740043094718,1.2555805713330708,0.0810362728030922,0.5053936562902289,4.6852919140855285,4.291651938677255,0.39363997540827356
69.6856239214112,168.68348611344885,1.7470067957426596,0.06415369318701163,0.12068076672346664,2.035498818554174e-06,0.14135464203324943,0.14135260653443088
108.48342033089135,186.78864673220946,0.8221002189778398,0.02188960943278693,0.26728526023288746,0.18190207493393817,0.13279889959623858,0.04910317533769959
83.6436736172075,71.48475077259764,0.5728765040994126,0.07492546862287447,0.244009282607721,16.15154857854153,16.07705853437154,0.07449004416998761
175.773007419527,71.65402213865036,1.5419292660246398,0.0014668259736642431,0.16496713896938495,104.28089187145531,103.71855782992512,0.5623340415301925
107.01634740250059,148.72326610398596,0.23673786558971555,0.04433221121999799,0.3151442364874055,0.1319835217694032,0.0169786417305815,0.1150048800388217
138.34809358529242,75.24955327138244,1.726170238536838,0.042763370417814354,0.25143588792253513,68.68084160206828,67.61375824834028,1.0670833537280089
131.87437906401857,75.57348058447343,1.0333591193450136,0.060205643339880224,0.42165761169039084,62.21632970829316,62.22827068309286,0.011940974799699688
193.01303729801452,73.0520557997668,1.1007349198998486,0.07617070817109677,0.18273724483198558,125.8361989427247,125.77336509462532,0.06283384809938752
75.35545198094458,88.17734723853266,1.7744347545247212,0.03747431776189647,0.1974994137458865,5.167968242421573,4.900179854048819,0.26778838837275387
122.4924914007023,176.67834522322568,1.2175708555668965,0.034205026842943874,0.5822948628649297,17.690064584087494,17.28001448892806,0.41005009515943414
79.74077649883122,110.17439228838273,0.38049091543706315,0.041555905328103396,0.5776730416932674,3.5264417080681163,3.022471171074951,0.5039705369931653
170.6203499445865,128.95863777698293,0.3972449569871373,0.09328455573346733,0.47902096143242023,49.655834138985995,49.458452289156995,0.1973818498290001
163.60592998196785,159.16528265607212,0.7560503382588443,0.059445430624422604,0.4326604808883,29.70554135668621,29.891323911169557,0.18578255448334602
117.8675352252137,148.38010036123245,0.4800511163725735,0.004267265115533625,0.2980726984636006,1.8479996960665304,1.3773848650672775,0.47061483099925283
181.92002833848144,189.5128553937051,0.6488026969438591,0.048683401260272374,0.18773228134991113,10.185907248710677,10.319411763127551,0.13350451441687383
65.79171197811874,56.299602908710554,1.2523694181566913,0.06817751270869617,0.5111845917311538,21.395672661250384,21.098944880682847,0.29672778056753657
160.38083832992987,150.77875050302146,1.0850037076187462,0.04368177586544743,0.4592578115776773,37.77200684851792,39.05445404574651,1.282447197228592
161.06680321671902,159.83872528293057,0.10564380969735745,0.06833788704624988,0.1308241222566692,4.065047941139113,3.637800223358333,0.4272477177807801
146.26296217909237,89.8483854658508,0.1167012120219188,0.049602946521894266,0.39715863549394836,56.93370815512637,55.80952704599393,1.1241811091324365
184.20928725720978,97.91595079517045,1.9545905585555714,0.0011665641414236982,0.33278033094179427,88.95001749048485,88.31334082496664,0.636676665518209
106.80253479522864,162.6161898411188,1.3778285818620815,0.004355148883304705,0.2813126526304466,2.1518414782444157,1.723933724051765,0.4279077541926508
97.50920797665977,152.56194660547106,1.3761720780594835,0.07087020041044094,0.470677164238825,10.02100506619146,9.940568198546341,0.08043686764511904
78.08161012881403,185.95418031234712,0.3634965119934605,0.06841603805239298,0.5427875445417195,0.06090837962931028,0.2369109799296396,0.17600260030032933
125.17574967633706,166.51834391910285,1.6899228693362294,0.040569877164441714,0.5392147701021132,25.042402565435367,25.30788725848731,0.2654846930519419
101.05166958895816,157.31558516832771,1.8658164059790083,0.04402043059638401,0.3383628006699938,6.8559887765239935,6.86055319803711,0.004564421513116201
150.3614833140769,95.08935249627113,1.469569021788939,0.011150710454662406,0.35441307742863115,60.229922330533554,59.65100097975066,0.5789213507828919
128.77215370129792,84.08668645078701,1.0397714279309331,0.033932037325049916,0.36628973928549724,49.56778123790707,48.892636806812746,0.6751444310943242
99.03164787399534,105.17291548787387,0.4250356875200639,0.03528008971436336,0.26037175390092804,4.805753821474617,4.640603074004051,0.16515074747056602
157.0629682883501,147.10622869060472,0.18168362209509253,0.04447248888841807,0.39345461991004704,16.650180077952527,16.646882782183575,0.003297295768952324
68.83666784467178,109.50975161106011,1.8595972354281336,0.09805265828522311,0.5286018604740228,12.936411200248287,11.653525046072993,1.2828861541752943
180.41890129355647,127.42427398058351,0.28977432156637517,0.0698876227395522,0.4009074236181649,56.1315277388436,55.6357840408963,0.49574369794730444
151.91094011551175,125.733346869199,0.12554928332005932,0.08487254985023802,0.2621681935736586,27.581925364665423,27.383508338327157,0.19841702633826586
92.46515538456526,64.25657212544043,0.47459133525780994,0.05422567499637751,0.5271839937916927,31.81978490626983,32.48948630949589,0.6697014032260569
83.47370715742527,117.79506646161988,0.06749605660141783,0.002910774436942565,0.305132342519311,1.1669827321398414e-05,0.0,1.1669827321398414e-05
60.412479717404835,105.67059498395128,0.31305039243422,0.04490726415059487,0.23947358268173144,5.5937034842492e-05,0.0,5.5937034842492e-05
174.55825365132574,179.60846401339376,1.7656532867293073,0.052041323745206605,0.12026243637572434,16.968337246012965,17.330897107509077,0.36255986149611275
118.82127266055501,68.71306742886308,0.6482461748571954,0.014776728494470715,0.3650307494604571,51.05594567084306,50.80869014856367,0.24725552227938863
108.34213482745771,75.25377603356549,1.2472411394585536,0.09155445903187052,0.5857092936251401,48.533249989574074,47.709869095651364,0.8233808939227103
84.20038972232418,96.70323499958728,0.07157995855548911,0.08361262341588362,0.5460067359102387,1.3014577268898488,1.5738920736833997,0.27243434679355083
55.40897514160456,53.68849244570393,0.7602145619011283,0.08613401626992397,0.5885975645422923,13.450286066755435,13.086175108611428,0.36411095814400696
191.28538968460293,165.60175561486506,1.4620169794833178,0.0506403148543608,0.3370533985756635,50.4378384961757,50.05546392262469,0.38237457355101157
139.93901622839184,63.36031710921586,1.5370709305855292,0.058368074164956776,0.18780174518187978,82.01596356120416,81.30126618810944,0.7146973730947224
136.872977879597,106.02941915770857,0.6406926649656418,0.008079924983067166,0.2587470578883838,32.62487263263347,32.12067573208906,0.5041969005444074
111.19421455408478,96.17552297589435,0.9689560739178349,0.03356516561944289,0.5700287789121754,32.705988651962194,32.81895142897534,0.11296277701314494
170.42105806012586,52.115854823965364,1.7574050081317911,0.09658677186115622,0.45396212464147456,126.65358495639683,126.45660765111117,0.1969773052856567
171.942011694058,136.2347761891952,0.7545494119494547,0.09566163474377229,0.25943356139509266,46.53946088811742,45.741723284267934,0.7977376038494839
160.91429653267735,57.70180373477821,1.9221061618517463,0.0732039069956747,0.49082926875049115,111.8204964806733,111.08204491204236,0.7384515686309356
142.78103547547983,81.9661287619144,1.846285371042726,0.07646864804405476,0.26401821329131103,71.96235111728609,71.3543073975589,0.608043719727192
118.16246152494173,131.43791721371457,0.11212324119258486,0.09938217590371098,0.2123536491593915,0.367564139753771,0.17453053522086037,0.19303360453291063
113.32468201951974,174.84929575173786,0.3471138188539465,0.05172847006878695,0.4343369535387237,0.7781613300083317,0.8824829830452714,0.10432165303693974
106.67047005865923,120.07997907802903,1.0690246436545767,0.005618980572373445,0.31065961588793745,8.940231542937035,8.520530824601298,0.4197007183357364
174.59522404742853,195.07890864761353,1.350009311398474,0.07166165703042142,0.43210265410186444,33.61966805997493,33.03887361850871,0.5807944414662174
185.3734951134378,179.34493644284365,1.0055298622414397,0.0537858282360766,0.5166493835130512,44.54413862124794,44.518559816032415,0.025578805215523914
147.97810733202184,66.784573225285,0.12473091009861248,0.0980386437910266,0.1927996314690624,82.00523284890218,81.30926083263613,0.6959720162660545
173.63440797859334,72.39508311771667,0.12125352907958345,0.03193141902093185,0.16432689082491972,101.51908201326133,100.76912593947897,0.7499560737823572
76.090639823536,154.15967202262536,0.41400513410117795,0.046032515626637065,0.575314704943032,0.4854550772799451,0.0259875794513178,0.4594674978286273
100.18786384008197,160.34090077094595,1.223333777123269,0.00950170671131524,0.34638718440549465,2.691192946217825,2.701733417628496,0.01054047141067116
103.94994404999164,176.81862769024764,1.8814216037210438,0.04170802203086828,0.25928457005002536,2.2106466597340813,2.353154088898261,0.1425074291641799
137.16722217109003,168.26281893329912,0.6086219835812237,0.08646074273385143,0.5246722974302469,14.437731913849149,14.460642268173846,0.022910354324697124
107.20215390707142,54.99955331866914,1.295106721477207,0.07060071745260028,0.4027796542246266,57.68002742417387,57.9875743297362,0.3075469055623259
87.6895326059699,116.93841143240097,0.6703710241705494,0.03822257223810143,0.5183274289546563,6.866168660061348,6.155226596523889,0.710942063537459
148.60009426525602,163.16756228782197,1.4363790584293135,0.04775552718442369,0.1652551316788601,10.088559359294962,9.093715886321196,0.9948434729737663
100.22950901969682,199.30287573149445,1.5303335753033642,0.07387473789257779,0.4432801141859116,5.439003442392057,5.714606982057429,0.2756035396653722
152.89985905577203,75.57770702865479,1.2699332401077978,0.01953637272515585,0.2600688590469721,79.2381266094985,78.42722662303004,0.8108999864684563
151.554867970539,194.96513296545544,1.5646527074494112,0.09068638315095412,0.41260028436241025,24.567532098411938,24.148574604161197,0.4189574942507406
68.33150416704441,130.21259958903104,0.7803108033133144,0.019436821954800634,0.1679324711926157,3.259242249531945e-05,0.016437882618987487,0.01640529019649217
143.43119852854028,139.81481401403084,0.9980521241595758,0.03180154578751362,0.12134811090681177,11.469212084436194,11.405094233061273,0.06411785137492032
139.71200886677303,129.77021655737036,1.6187758310542473,0.07995126513607824,0.5513381228728242,49.02135848159036,48.254093216717365,0.7672652648729965
101.34725093714088,102.61985574023387,1.9567977530585574,0.02311952209499355,0.3405351089148331,20.448778525919373,21.46721087338431,1.0184323474649375
140.48069900762744,100.71498773551289,0.49871873326249505,0.08704457258400727,0.3108800011382792,44.49440739567318,45.579442079421966,1.0850346837487876
76.57463054015435,57.320024889232386,1.8983183613601193,0.03640726888053399,0.49989574385888214,31.26803912840925,30.16628772379837,1.10175140461088
121.33417598494022,69.4873207222628,0.27601863717944924,0.0656376242775626,0.5668595771019043,53.367270552403426,52.778142455364616,0.5891280970388095
109.11886657671462,161.5002034916389,1.8838802162788393,0.018872588725440412,0.46928496549008225,14.861210872476033,14.648881796670693,0.21232907580533933
142.91247798519666,83.41730118821098,0.49285397349167903,0.05926756940362088,0.2239482520676994,61.89720723965881,61.57697411359334,0.3202331260654745
52.09150005421856,55.587711927724435,1.512887154795808,0.020492459136797283,0.5698156898664504,13.635639201152532,14.269755902333468,0.6341167011809361
81.21069132526281,62.94872162250113,0.25346043167477306,0.002509241052443756,0.4644807269650285,19.46190964938838,19.424075867168305,0.03783378222007627
164.30470366375442,53.34522501861221,1.9089839922113017,0.05141674961920201,0.31002538579191863,115.97037953357218,115.65271764379398,0.31766188977820775
167.74428699322667,67.78648638915226,1.0836363674978928,0.08352858143860481,0.18751366408942685,105.8239766634232,105.38103193952736,0.4429447238958346
191.9481530539895,86.58313313716052,0.24040232990245874,0.05834877129798665,0.2183749252940476,106.57105872222019,105.74812025500813,0.8229384672120545
57.3862239998625,68.63062263619172,0.47980454731341526,0.07916686494327053,0.4955821395286172,4.760311310627259,4.41765638832625,0.34265492230100847
179.11000427973045,184.6050875224089,1.8618588474486972,0.05443294664078786,0.2724364603517899,32.112126297411606,32.247440614508875,0.1353143170972686
74.83580029187908,117.76178315765367,1.0505764801072135,0.03940076781059201,0.255578149564731,0.5932311636341083,0.330860916119164,0.2623702475149443
90.18134031158911,183.40940913898595,0.07188436692980071,0.08300193058189963,0.558622044629542,4.904890330112335e-06,0.0,4.904890330112335e-06
179.22131031316025,69.03153963715191,0.9739238325247151,0.04267421822758474,0.19057483785326204,113.0000175012345,112.8227696951941,0.17724780604039836
127.37403784433465,105.3538061414533,1.7213092591057675,0.00022244389594374694,0.5113116907327281,42.7631712492849,43.23751561758259,0.474344368297686
68.12519389786955,155.5383754718663,0.45468755105545494,0.04372324519999308,0.3108478243307037,0.0003002837275025731,0.0,0.0003002837275025731
126.31853463166,167.62215085359125,1.4753144543835177,0.04282132356402797,0.5932156781043746,26.140334022404673,26.555865885870436,0.41553186346576254
167.90544764687652,118.2117977197123,0.5498032407845445,0.0304685989395457,0.5172459771570982,56.42919216067,56.461477680524744,0.032285519854745814
78.24829622170277,173.93187701796393,1.4801351699106706,0.028577443434126784,0.31985945580298025,0.4315594955151223,0.0,0.4315594955151223
159.70569606999675,90.291892767528,1.2959804697256638,0.06471832952296809,0.4816146524227316,80.18079461269795,79.87207453397941,0.3087200787185367
139.07458220426713,183.16312201025045,0.6628041223299468,0.05668612386984245,0.3402211189099278,4.671394533791965,4.789501534929439,0.1181070011374743
54.197983881335055,114.6676709973374,1.9516682965796954,0.03776628083275505,0.5825400667203114,6.706205602069112,6.616585946080029,0.0896196559890825
102.97548202469449,175.13289391312122,0.6632593349514802,0.0654475777440533,0.22105577152003034,0.0242917118810681,0.0,0.0242917118810681
198.9259563757219,171.20116345157285,0.4503914924245323,0.030503832687770762,0.2167502963680619,31.79414982251396,31.71651033002413,0.07763949248982982
69.81542559523159,178.63505476721818,0.5311943528715198,0.07770655452818398,0.26703332063845864,8.323531380714138e-06,0.0,8.323531380714138e-06
177.29232444359553,69.9122584055142,0.25194354509071776,0.04761137693201533,0.43588530932272196,108.2137223672659,108.24625256322524,0.032530195959338926
153.33455119832527,90.36428854974469,1.0770886253854761,0.08390044739505115,0.32390504011596244,71.25861648668061,71.626882906925,0.36826642024439593
135.00788866889866,145.90512783593442,1.8357565913570508,0.031228839473079695,0.3865466246676398,26.811897130244056,26.71586798806959,0.09602914217446568
73.84635989887595,84.52036680777371,0.36460070528270794,0.08297451711948757,0.2265690575002368,1.3570683560172405,0.8353385710438488,0.5217297849733917
142.36877154126623,187.71422114548056,1.7757123112704398,0.020734438781372412,0.1505624271641761,1.8203643692210676,1.9728495666614023,0.15248519744033473
167.1898347443661,102.62097403683651,1.3799059129956597,0.01861612928626102,0.1440528055823874,67.17880074034443,66.9281826788274,0.2506180615170308
166.98938908223005,82.12733705825823,0.9648820247572231,0.005870198042323027,0.3388815533286549,85.54294228866179,85.6210449122209,0.07810262355910425
180.58444657547437,124.98925588680265,0.12615148159582168,0.07375173713037524,0.2005439213363114,56.75268425552389,57.122389778418686,0.3697055228947974
93.43432569392806,126.90617900355949,0.34967318405568937,0.05167635306068699,0.17319927798550208,0.008038351878583427,0.0,0.008038351878583427
135.70021851590906,69.5867009835561,1.4740454208049047,0.07705333763978886,0.21962620508180938,73.59669149961869,72.7621010514063,0.8345904482123814
89.02282273932423,137.6733968171934,0.17096168722373162,0.005862820645667933,0.33145467390096495,0.003086513372451069,0.0,0.003086513372451069
86.42287621590303,98.61276050414128,1.7333811122165579,0.006804543965897459,0.1969356290266336,4.960077193459263,4.9023653204470925,0.0577118730121704
107.21153426043537,154.43005562317626,1.7827408847789412,0.06072891640095129,0.5948662724510785,24.106168515095355,23.94300780994211,0.16316070515324554
79.20225452929265,180.32947922358093,1.3082909708309727,0.08202063443610697,0.4627738511401699,2.384000043402146,2.3549003306878156,0.02909971271433065
105.36752011692187,190.64863863844795,0.2888462392711631,0.06192499144030256,0.27564448705393096,0.0002486664647479084,0.0,0.0002486664647479084
141.50907243307608,104.05279286815804,1.5473791083168191,0.05837533523892894,0.41930705662765966,54.05482667149404,53.96685606715742,0.08797060433661841
116.15628195130901,77.0426226053084,0.3979025169134476,0.09578407382549711,0.1875509847430135,41.99490501531771,41.53923813124549,0.45566688407222244
74.27503718731742,166.0018898552752,0.7539613711428815,0.050306274599430004,0.4257883007102704,0.27712236388446,0.16436052460256434,0.11276183928189565
100.28942186633338,80.60715574882441,0.47395931463154517,0.00889721066836896,0.5526495222172185,25.861511971736768,25.89550840546549,0.03399643372872063
134.1093179488646,160.7329439448144,1.0873092151411263,0.06595936116357114,0.540701604641831,24.315071521883837,24.855143343671156,0.5400718217873184
196.1634772653383,109.44305600847582,1.6140530228961911,0.05717740963299403,0.4358739769079031,100.42947385544424,101.08023175383981,0.6507578983955682
134.28546940049569,74.3342764103671,1.541430420551565,0.09376805877178265,0.4914844409758098,73.00038282670278,72.31866424575854,0.681718580944235
102.40370686169504,141.24256718019072,0.4538702479206569,0.06386487396851638,0.5761790625592351,5.931673789162485,5.9723882550722145,0.040714465909729824
186.88771473761005,136.77135013100536,1.0068414070721914,0.02787890572983477,0.4365798047020226,62.429351020651495,61.66495192242597,0.7643990982255247
170.7785703878589,50.35589930307495,1.5495386720772966,0.07227579233771712,0.4070912694906069,125.81524547238067,125.27050164000967,0.5447438323709974
62.09771089997858,148.74975432915897,1.4210218665558867,0.0927168431997302,0.3608207745968025,0.6548821183624387,1.124651832556026,0.46976971419358726
88.19970370413392,65.06595101159215,1.9148130409644162,0.0964517303211314,0.2605262482042332,35.09981711920746,35.4168739634626,0.31705684425514136
54.687723666629864,138.83345556551103,0.7297252821329235,0.020957392309409597,0.4461211674885689,0.08712610949803123,0.39840690693407765,0.3112807974360464
120.91759591384972,175.89085496031174,0.6721403441453323,0.03820370951833414,0.33635808668386924,1.9301802580367369,2.3954563879712154,0.46527612993447853
138.53199115169372,94.60944016539709,1.2602768233822852,0.09311177067826865,0.2544423991835758,54.89803149580928,53.93901809462038,0.9590134011888978
117.48850639191265,74.96839726430017,0.4674487980767915,0.001915708751745504,0.12049045986817872,42.58721298981112,42.48191827848842,0.10529471132269919
183.22957965952753,122.09669517769862,0.8142462715957698,0.005061789469192246,0.2665214008967447,62.280088832365905,62.12557316779173,0.15451566457417698
72.59791361493694,75.50735465717078,0.4239366813145686,0.03803082085534268,0.5869355488395347,10.2994039912683,10.302002957609854,0.002598966341555098
194.0939428443249,93.62656900345947,0.38516039298045607,0.09977759944206369,0.2471606901712506,103.9972184371072,104.22680429526466,0.22958585815746346
187.88490444541554,182.44309507992395,0.8533445627529647,0.09631614855770326,0.5441254231924039,46.0808024494838,45.68279974518898,0.398002704294818
142.17957389647705,127.18983052564705,1.0426831908889558,0.0825158809162654,0.10349565004242425,25.638489820577448,25.682104928927732,0.04361510835028426
156.23145835395854,122.88082779907187,1.1150503989244285,0.03238792830987005,0.3616885815856,44.77273501358795,45.04199520531963,0.26926019173168214
55.59654386043914,196.34845432632463,0.5583179817463749,0.02984043644338287,0.3164483670617635,3.0267357812723807e-07,0.0,3.0267357812723807e-07
151.12164513397016,182.57408166084127,1.7187764280376587,0.001258583692470139,0.3752396895581276,19.105715585493286,19.684245942904695,0.5785303574114096
130.59019653837106,115.4896947826757,1.876207912897808,0.016547197600369958,0.46800755249814674,40.65082825722479,40.105356487095236,0.5454717701295522
70.01257556272813,103.43489477945816,0.1488609352838956,0.02875950143344245,0.3314392308915389,0.0038810987485552173,0.0,0.0038810987485552173
160.85715593002345,66.6765312187274,0.9941300887900912,0.0723912729045918,0.19954914880006222,98.8104985368413,97.91384915002403,0.8966493868172591
72.33806260197649,159.19009815754686,0.8889281426505475,0.06029867346667189,0.12909077291926915,1.539542336924023e-09,0.0,1.539542336924023e-09
167.43188330292068,55.06644721027148,1.515169608179505,0.039658271085913716,0.10879255891849657,115.57687199743107,115.86379977144085,0.28692777400978287
66.56382663949753,195.50782219446768,1.0143764822048063,0.022465703154257766,0.27778767108639957,0.0006056430553697482,0.2136125194969125,0.21300687644154276
181.26935832066656,97.98255925695683,1.3159097221109768,0.0005139639207200731,0.34763438821085935,84.7389367253282,84.37182397865264,0.36711274667555926
98.68590418125737,111.29114715867418,1.7104341440135886,0.03394396094463322,0.5255835480961545,24.33298609346783,25.072031965964143,0.7390458724963125
176.94061687824933,141.55397956227182,1.5440388949423371,0.05722903632241347,0.4462804116361627,62.1220590752622,62.14579587582993,0.02373680056773253
176.39819325772942,172.7478716433776,0.6353175471116073,0.008140998328802896,0.5322529554070764,31.576383184868973,31.40477959171455,0.17160359315442264
189.46497494412324,164.63440569610657,1.9012200831270691,0.020595381097526788,0.21593503493350588,39.75183660027058,40.36234770119571,0.6105111009251303
60.76486096816743,116.70087272593216,0.7886783873701783,0.026332773161439883,0.24677461440070395,0.010432765099805397,0.0,0.010432765099805397
107.84621176777034,112.97976617040464,1.6729105365362449,0.056069607547405746,0.3671546969469258,22.360776717770555,22.262413511713042,0.09836320605751325
77.04671689927656,109.13191659293138,0.5161189317475472,0.0437879081203128,0.43403405761958813,2.1476058554724418,2.1573604377427955,0.009754582270353751
134.36066328232738,163.6957542756416,0.18293918978122253,0.09585641654450545,0.12289207204198724,0.0006109332403674492,0.0,0.0006109332403674492
158.15815531497333,145.30836478913807,0.22653102171197992,0.014931647308442143,0.26488516900613135,16.068341593357772,16.16254544873895,0.0942038553811777
107.32125815679598,151.02184279769995,1.3245718120631254,0.010944534479952707,0.5625933182228319,15.633297256967222,15.313055690645626,0.3202415663215952
97.9494110841546,64.66067822917663,0.7687307666463649,0.04258775073941672,0.5953921543351253,39.70947775605284,38.94517664108867,0.7643011149641694
100.97215040649395,73.15415187447832,1.930811375395288,0.0545026844231165,0.1517829679676931,35.2603025216108,34.99915445789168,0.26114806371911925
106.29172095402411,199.5974825354618,1.8125384923740822,0.001604986688980026,0.2673856276365447,0.8525455522241208,0.3649053420668551,0.48764021015726566
77.77041844082241,59.50261150776567,0.36140845002602845,0.021732105639969225,0.2725441641452717,18.944878915565667,18.77674673164705,0.1681321839186154
119.43767096992295,181.0925096651087,0.29660188737717447,0.013402791665240645,0.17524196850930354,2.315954346324622e-05,0.0,2.315954346324622e-05
104.05727904950156,95.69076104384283,0.22720645562361763,0.03205583709350068,0.5663449833894336,15.815337284730326,16.27351052365239,0.45817323892206474
154.95607007161243,124.47001789187652,1.1445552830188783,0.07874220524455942,0.5726996869994677,56.80822295827535,56.92594598835653,0.11772303008118001
61.95733690511565,125.109213925299,0.9935690013435012,0.04378860315097312,0.2138866337518429,0.005025339989814803,0.0,0.005025339989814803
155.4737715069553,50.39076788368509,1.0164805545676763,0.08128522110120967,0.4012267171898458,109.09255640016052,108.76208849999703,0.3304679001634838
102.03047068022556,136.6713426370217,1.3813395561143846,0.0676755223675337,0.17324736227026336,1.992564266000894,1.6401266440356537,0.3524376219652403
115.02335340061039,56.37349728156782,1.5345717945204527,0.05707116296220484,0.4440595503907584,64.71415498037157,64.14957379051884,0.5645811898527313
50.219046132297784,173.65919351617336,1.2621015592625278,0.02853716484890654,0.11215741124012144,6.896732834492073e-22,0.0,6.896732834492073e-22
195.216110486794,125.11116175640986,0.5004950820483145,0.0211530854503601,0.5599683844307901,75.1992538588435,75.60221780823449,0.4029639493909798
149.42963191453737,95.54810570437982,1.4385972328121492,0.08515718667670245,0.28802954730004393,65.69242112761523,65.35543563932997,0.336985488285265
122.23873838090653,189.81306054288405,0.5215467874450463,0.07861723853640917,0.555091603370579,4.963856217134797,4.949385368342984,0.01447084879181304
51.42372378643738,78.95357866168601,0.3618866690015047,0.03620429695443333,0.1228863454091316,7.386473990720102e-09,0.0,7.386473990720102e-09
185.25354557561624,58.28082880353149,1.8133348534253106,0.09585075754756042,0.30520554318706183,136.27722545436512,135.56531857893773,0.7119068754273883
53.540141184771834,64.18759742262117,0.5642245317537319,0.007645920559035757,0.43338418536525647,3.49072956824884,3.278956340817203,0.21177322743163707
96.14698211532476,86.7097842688449,1.9876953573265104,0.002011715303601436,0.16267060129782804,14.113410063986514,14.98556747339848,0.8721574094119653
145.9716772134927,133.3932630699506,0.6616350754245549,0.0293424814512373,0.3279165992265797,23.467252460081127,23.203382236963066,0.26387022311806163
155.47441598162084,128.77354782170153,1.6044135255862653,0.09611536510614971,0.12468662201040834,45.213466141971836,43.41109777169614,1.802368370275694
114.65694569740573,99.14673363535408,1.8386790533582396,0.07027269183341385,0.35175577248996415,35.767226562908924,35.65928756697735,0.10793899593157619
56.30935959087466,192.72798417827585,1.720567909904259,0.07030030117001851,0.2258902431655914,0.0006195261873727983,0.0,0.0006195261873727983
76.50004719907425,112.4780148045318,0.4020499567238892,0.031897854694033466,0.5924341482739118,2.8963139289864532,2.4224934895689856,0.47382043941746765
75.7995017549215,68.05959277061089,1.0996177008561052,0.08877067154498744,0.39713300221326275,19.703205392272523,18.97195160441133,0.731253787861192
64.47507243706892,60.75913503399388,1.3999123631052102,0.07745454253120505,0.2925368504271506,14.0842487366479,13.372865647468174,0.7113830891797264
60.39154902567392,76.89019428958935,0.42245662188635147,0.018488304055091522,0.259336715967756,0.4310316827748224,0.22502721626259614,0.20600446651222626
198.69298632287962,69.58782322630776,0.8319216253879581,0.043131587540985505,0.46022904643980134,131.6309624177893,131.5313499928157,0.0996124249735999
186.4690317505992,167.59152841138473,0.8214617201443335,0.06689064883277367,0.3856708488317202,40.34326645417033,39.66559656477901,0.6776698893913249
196.68754686107604,132.82520972780088,1.742788683812915,0.0547845478167136,0.43437537400322257,85.41935618247297,85.0695275455399,0.34982863693306854
164.5862660734851,73.46922033961033,0.5029200052798997,0.09296112519458284,0.12591588937415446,94.47282352994984,94.21487576556814,0.2579477643816972
104.92785655924064,109.73697865024064,0.48305575255553757,0.06998525506096813,0.32412301251371467,8.892725684907667,8.878607946155828,0.01411773875183897
72.80538615418563,188.63295275121496,0.48194220012977373,0.035938663971220745,0.2665895207561424,8.726077012801e-07,0.0,8.726077012801e-07
95.67623097462555,178.6075584840686,0.645572149925195,0.088940913158164,0.1631606994886521,2.696520592393708e-05,0.0,2.696520592393708e-05
171.54370118170317,136.1010597560898,1.6177395991024337,0.047950475018732314,0.35055620064419524,54.944168448730665,54.162488035518216,0.7816804132124489
70.99227297311637,180.1351046689404,0.32094410314093164,0.09652450904441887,0.4298076017850465,0.0007073781910736671,0.0,0.0007073781910736671
156.13250552123276,62.76335221035456,1.007875824335598,0.06849935651350789,0.2729522598916163,97.55718259077088,97.09529499608131,0.4618875946895713
146.22545208198315,152.80205549671757,0.1470341340498643,0.02241652466132398,0.5719452006584075,10.219226572101867,10.805348619072372,0.5861220469705053
69.42189727774065,53.758777486643325,0.5678770515315629,0.06557376123940246,0.22474029227222544,17.800408412116468,17.982650955208445,0.18224254309197718
90.80745609504032,121.88624529232675,1.2764569440765223,0.04895903839754889,0.19092822673558865,1.5800097658560297,1.7771189435617458,0.19710917770571612
162.15143981934227,103.42385695187251,1.742631408633803,0.02857073638762969,0.46742088516966585,72.7088316790108,72.17332425109183,0.5355074279189722
195.20696377730914,54.37484940446702,0.2603925790105641,0.09901360162316979,0.5752835002507206,142.21613806897935,141.62014343392815,0.5959946350511984
153.38957115741277,178.7578167913298,1.2497253705219817,0.02287967655867953,0.271914350532392,11.211436860006096,11.030952494887458,0.1804843651186374
54.261762875818434,106.32395636507908,0.96565308029487,0.09974093372122847,0.30562810570639865,0.22668391579701908,0.52835265316304,0.30166873736602096
158.38268083894678,99.16027306826123,1.7854135253627619,0.07685833726363397,0.3246072202679463,73.78370489200235,73.27465568032403,0.5090492116783167
114.37435620942158,87.36200670715944,0.40915417504039436,0.06258668252581574,0.4056898145355258,30.844890937345767,31.18859512083083,0.3437041834850625
70.96813857048022,114.73228580601074,0.9252240947060102,0.037502342575895936,0.36398141931537975,1.4811754267763568,1.1693805806647113,0.31179484611164554
135.03763707243397,126.3638958338389,1.802218718683835,0.0027282124534001475,0.3451720675576837,28.814377583217535,29.57432878993013,0.7599512067125964
141.48761408957125,171.62655526477457,1.474128158759742,0.06557804703796903,0.4265812253143678,23.725345292786685,23.412502832754374,0.31284246003231075
161.38223079151072,54.89938398867436,1.1333265430931743,0.00818224121631641,0.2466528874303733,106.98967612064568,106.86266313759313,0.12701298305255193
73.18965863531203,80.86412037230195,1.6563064071766354,0.06442652727097285,0.21533967781949034,8.29563211643893,7.600622494977863,0.6950096214610681
68.98841198783227,104.57669572605889,0.41875671475532766,0.0983072274461515,0.21617771197227945,0.013173232319383055,0.0,0.013173232319383055
90.6547870670334,127.78242803444012,0.060464498966309864,0.021924169606930635,0.25875805291594756,4.604404951577623e-08,0.0,4.604404951577623e-08
194.18105697984004,111.6474430131653,1.435413982507935,0.04823029552019015,0.4948832789825628,96.20326100028416,96.69886705577719,0.4956060554930275
95.88558333696744,177.08530181034453,1.1443758222390195,0.048926865333563635,0.19778639164162662,0.03494284572249862,0.07863570250827934,0.04369285678578072
50.90871756953776,87.10879600679144,1.7576733263608466,0.05882853963090956,0.45385956864249366,5.114214697280191,5.571667951535314,0.45745325425512284
110.64146844956734,83.40574417512536,1.1698731041576358,0.053299155778672835,0.5007381856171641,40.12610500064356,40.22324304783189,0.09713804718833075
173.31139210205174,186.65569328034286,0.8805449437229023,0.06603530707584822,0.29784958307761056,18.04901728134253,17.82744453022751,0.22157275111501917
198.5758522624965,64.71202425143098,0.5002106069212604,0.09544016745462401,0.334433033008268,136.880610087555,136.69710118440057,0.1835089031544328
102.1510452253855,161.12156720019235,0.46838943109051684,0.08410106417672228,0.10459759986689213,4.431275475673917e-09,0.0,4.431275475673917e-09
85.1937984362219,137.90677486400133,1.3274604283036608,0.07035186191052002,0.1168162092617234,0.007932107717462139,0.13057185357651946,0.12263974585905732
57.920897385990045,67.94739859277627,1.3944486755390944,0.021562015816564164,0.21855830013518904,3.1310343367832836,2.83092969194481,0.30010464483847343
128.00683776562244,131.78993756550403,1.018939321167364,0.09650602360567923,0.25579213796386935,17.440433994971443,17.446997243251456,0.006563248280013312
80.43376922090248,112.44182940862066,0.4064334027120313,0.06743406582880394,0.34098965228529843,0.7204331405563744,0.6034164922087228,0.11701664834765158
100.114078948993,96.41780621949127,1.5091795444206764,0.06210824703274729,0.14817816312635093,14.668078240037772,14.787283734033352,0.11920549399557956
121.68963259346894,149.65308914372923,1.493097778709026,0.08982423646829818,0.14718793790501486,5.185899922663239,4.898838285032571,0.28706163763066783
155.3138768000881,104.47414265171047,1.4795653032294311,0.07085057789330253,0.21788187884908458,61.59650613781312,62.07052625580985,0.47402011799673005
148.54277529818978,182.60214805940956,0.8025466976927055,0.006804493137726353,0.5949814968556488,20.528391562134118,20.97637027199351,0.4479787098593917
122.07268889882205,59.55570488971433,0.10951460548503023,0.09649701833626756,0.5511486378420101,63.14315849874794,62.192664599812574,0.9504938989353633
150.2592367474066,156.59561552982234,0.8246042911708643,0.0676430201672218,0.27472136098500743,15.912839768085107,16.372116533365666,0.45927676528055983
171.79823022658172,199.98652455407466,0.05799745641822245,0.07642418449832711,0.2812731952494606,0.06523512474723292,0.0,0.06523512474723292
199.365443480159,134.5440762223431,0.5381734434796748,0.057310594405996645,0.29667669821426246,69.24788837462283,68.89547502162196,0.35241335300086973
58.136550042813255,159.26320969656678,1.5134210800385615,0.035885403770814,0.10276688680692916,3.517494564567377e-14,0.0,3.517494564567377e-14
190.29861205101417,180.44827816716662,1.3076364634207864,0.09023672548221658,0.3908471023803036,48.173116031482195,48.05080171352419,0.12231431795800773
128.7288315367358,167.25120799145913,1.8176732314616029,0.08036533473608388,0.29955413238395,14.84630186002002,14.068333397568917,0.7779684624511027
107.50141901157619,184.33237976334718,0.942341487902294,0.002020296749130046,0.38456301367648393,1.7423841983431103,1.1264760509185336,0.6159081474245767
176.56252653271932,160.9549310753422,1.2876760869864814,0.0816516655089574,0.13339555182856713,32.75740911698634,32.45638482250433,0.30102429448200496
136.55712179658792,142.0660312396356,0.943076988232218,0.0162754244875045,0.30455715706354425,14.632207244448523,14.303654862103805,0.32855238234471784
125.9709965747569,194.65637855956157,0.892747573511801,0.0875461674629367,0.17276393758820965,0.12425268568665215,0.0,0.12425268568665215
131.36767016303594,176.6683785399071,1.850189532794992,0.05808748960653927,0.2697353742120492,10.152768579761315,9.78420640686694,0.3685621728943751
55.01424690678566,155.5634190247075,0.950726020928995,0.03749075019066985,0.3080621650726638,0.0029316444130711578,0.0,0.0029316444130711578
69.8293737990079,71.79451469107,0.2895366034796199,0.02153567533998816,0.10098017447800314,0.8889193198799106,0.6871575578360591,0.20176176204385143
189.91191140111872,124.29028106299211,0.7536465256521092,0.08720427534048426,0.4729999029315346,76.95666872648863,76.73742185562872,0.21924687085990513
164.80647835914908,78.41794522588043,0.48867290729156515,0.07697717951553565,0.3115735420647192,89.28457653892798,89.00822623196514,0.2763503069628399
88.04967598427427,153.55904394606108,0.24961267094732265,0.05258763984409659,0.46096039534676725,0.08162621322596664,0.03099971059643991,0.050626502629526726
192.7650212710915,192.62930188026112,0.33756983323775686,0.06914277932057862,0.5853710481905211,28.073573549064605,28.370950659282904,0.2973771102182994
89.09207343280823,180.24372336269838,1.5869529803360698,0.0738468953766673,0.39438365625212024,3.382410199801434,3.374274466741557,0.008135733059877026
59.06202160918697,85.5293850386091,0.7786007271628962,0.002459419733863799,0.2973877074280833,0.6734925477906106,0.12504466688273652,0.5484478809078741
189.028123894902,74.08775989903788,0.7145971162418808,0.05080279821489824,0.495996014293947,117.7467750200193,117.5611160057013,0.1856590143180057
82.98239551747145,83.50604646579234,1.872909803363947,0.07581657574081901,0.5028946928196708,26.57892393680831,26.5518272917665,0.027096645041808642
77.57840558651253,164.00325902342158,0.2262998407905632,0.006836074832314987,0.35349026717720844,1.734796462313172e-05,0.0,1.734796462313172e-05
145.3514038208436,98.26961308020178,1.9510505596888585,0.022224522148430584,0.574708290740624,67.93128547668138,67.65875573584671,0.2725297408346705
164.64168815895994,134.78269426456177,1.3584839559497297,0.012221230538608597,0.39630329146998067,46.049048967165206,46.14786539533007,0.09881642816486647
170.08754310107753,130.64934858445525,1.9360901923174323,0.004906012183823472,0.419225161151227,58.26987967898087,59.13503473834679,0.8651550593659181
50.22394412425177,128.39919436974222,1.8493709798416145,0.01111200278173068,0.35481903564334827,0.4115974712327697,0.2089474139315044,0.20265005730126529
107.67511493859337,89.94514346474188,0.6386804143113358,0.07806602498925701,0.5106252274798814,29.04076040848107,28.61125030213526,0.4295101063458091
147.11878619721153,110.05007709728287,1.3415049521639286,0.05102022796692566,0.5470857546627935,57.86653434069669,57.62359093677976,0.24294340391692515
59.562760462595456,96.48240386339049,0.29662081644503335,0.047482863550843316,0.4488354824644001,0.1942256161544318,0.41918091505463195,0.22495529890020016
53.684209236519884,60.28613581590934,0.6005660737393935,0.08238924085551051,0.3462548718611561,4.260842184600321,3.411665007910166,0.849177176690155
95.72462363432561,82.66408610361088,1.3916127318952487,0.03839911730607232,0.21327047382492473,19.989972773835014,20.01040429440419,0.020431520569175632
131.3546027665011,68.32452770100603,0.7438647059602265,0.09269215836544999,0.5352533391823093,68.6271403368806,68.31262316715353,0.31451716972706834
142.24816444244675,61.67522980408411,1.7236746204834252,0.03792266003989478,0.4067451135872978,85.36443051533871,85.15971563180844,0.20471488353027212
138.02423461269217,96.11018391904727,0.06579476101085828,0.0018813886097660327,0.4057529881023806,41.92670881034692,41.331897726899214,0.5948110834477092
55.46452935243249,83.72292093580894,1.030588531233188,0.09780284820065654,0.13150427355396058,0.028997492815721504,0.0,0.028997492815721504
145.19436761273946,65.84088667557995,1.9014323641050586,0.04057158358977734,0.5138007189942334,87.64487438868741,87.31044688016755,0.334427508519866
189.58369919688528,114.4670337392266,1.3521938718101807,0.09611671044831145,0.5412100567511268,95.97255458714677,95.87657120929234,0.09598337785443789
77.64305933523353,180.962086365003,1.5259988286469188,0.011749845262236824,0.5260379875717182,3.537434155381545,3.1804730179240153,0.3569611374575299
144.5003065549945,114.08812632149076,1.1803549482826103,0.06063697359873315,0.23180328661518215,39.95446344669082,40.35497798269512,0.40051453600429454
79.54393139300393,153.0747116005678,0.9032992744777354,0.0240329237329318,0.327879726691116,0.26315312590786766,0.11741843201154012,0.14573469389632754
89.83476145194194,149.93976120138188,1.0642909145806407,0.055411727975120444,0.2642177405630408,0.6102171057031933,0.8806392067773743,0.27042210107418096
170.93472330844722,199.2750178081155,1.2968098271594697,0.0916688836899231,0.5096236908301568,36.7785652539971,36.39485888863574,0.3837063653613626
60.38304349864721,157.99567071411582,0.1143966989127618,0.014777018917651841,0.49728790497645003,1.544245960799523e-08,0.0,1.544245960799523e-08
175.0205005303841,57.1445466827256,0.18537679661703643,0.01308256158223724,0.5802411169091554,118.01439112933335,117.4295498676493,0.5848412616840477
98.22436283473391,179.2487468142801,0.5554417132419156,0.060043008284030946,0.5860315709099367,2.5476743831622457,2.7283508799382616,0.18067649677601594
56.891654599096725,172.02633861808778,0.22858937163088738,0.03188365903397953,0.3369024155386616,9.857308494451272e-12,0.0,9.857308494451272e-12
193.86671411494515,107.63684573464465,0.3514109682727213,0.08080931610542316,0.40865148033759224,89.30297771115164,89.10111635528537,0.20186135586627074
138.24593726135123,71.77923150596837,1.3364128899176988,0.06701368961117977,0.4954013010158499,75.02557254588352,74.9021305821883,0.12344196369521399
92.45289826607737,72.72872820126406,0.272852298870592,0.05662399239866394,0.2752124111043093,21.015885089463296,21.41032815808652,0.3944430686232252
164.49865423180188,144.606996130303,0.4575986170281777,0.02682730061323293,0.2736498220869753,25.28887562917339,25.520182194142166,0.23130656496877577
173.24197055171055,81.43355440241963,1.4727557726812408,0.08374482231004504,0.35930801872385065,101.64811764000196,101.5243544581483,0.12376318185366131
152.10717901992598,73.31294631358936,1.2991050337055186,0.09672366821461574,0.25068237815475647,87.46199982161455,86.80548000209538,0.6565198195191755
103.9210223107008,172.4041460178613,0.9111863612222847,0.05431234855334045,0.11312122061874444,3.548738937476036e-05,0.0,3.548738937476036e-05
95.4949812329836,93.09969044199745,1.1997810843790369,0.06449173769657628,0.46421646870805877,23.255286866002805,23.3897343280674,0.13444746206459612
185.94697854991867,107.24160207843175,1.284783473451421,0.03415217766014655,0.37973193219321344,85.54740159232234,86.08225551107023,0.5348539187478849
130.80008024834274,56.336232323022976,0.7741971982811986,0.08724641067393474,0.26137492880055635,78.14362498219046,77.94986274350612,0.19376223868434295
90.50410523275447,125.98746960236596,0.6313880280422712,0.006731575529209378,0.43448925948020034,3.3631968119394244,2.9971201558427403,0.36607665609668416
193.5421287141663,134.0408730051552,0.7020508669237105,0.04762354038869158,0.43271551364179994,67.76571471848953,67.91011732642993,0.1444026079403926
67.25823360545914,121.7145053524779,0.3735366586627694,0.09907832845020625,0.4452184611682435,0.1810151743546946,0.0,0.1810151743546946
125.0906337140131,185.0960185414891,0.9896328732825108,0.004254718110861644,0.2080398556214955,0.3710173686605893,0.0,0.3710173686605893
73.8398573799947,123.74103677000676,1.237598080004997,0.08388513314177415,0.5539024151001516,8.19360843622081,7.693349115914518,0.5002593203062915
58.11504305816226,96.29282205770568,1.7291543755063923,0.014609961768568647,0.27650622720082907,1.160009646744241,0.8749119469828628,0.2850976997613781
83.18051090435912,116.8102648739128,1.9690029746080844,0.012076391552797217,0.31090376825907784,5.752255627675375,6.241794891295331,0.4895392636199567
104.70877400070464,106.59009099752524,1.8805430908508638,0.05881586148913707,0.3910103682616528,26.10048703192875,25.78797856255902,0.31250846936973176
152.75357425291102,87.65049677193359,0.9159717703511076,0.034880925086819003,0.14405345106058096,67.85927589189457,68.02344096990808,0.16416507801351088
124.49585345992928,70.39964852977661,1.4178089897097184,0.0441629383435431,0.4426123554809446,60.987144923720955,60.34566143478416,0.6414834889367924
173.21816093964492,196.6529130694008,0.1361447095252086,0.020773050595418886,0.21449731359282556,0.3656503876467472,0.4956029982318455,0.12995261058509833
135.0928439619845,182.18196242605728,1.1443919493739456,0.06560379308721287,0.16385703775795193,1.2608160234761865,1.0646297996981673,0.1961862237780192
189.2891945142262,91.95962485588623,0.12004091779763068,0.00859387862211224,0.5881980879838791,97.42568143723695,96.25012355537379,1.1755578818631562
93.47315283900369,58.215440986316196,1.1393066155001992,0.06386708541525979,0.16155374769401135,39.34581705946021,37.978454555884085,1.3673625035761248
130.9858138854347,123.30186950059857,0.5122137718890643,0.01655223533932061,0.2164569640154759,12.939811611141408,13.290700932393591,0.35088932125218264
135.86457710507744,102.32507428983037,0.06428443622065778,0.09035566559307151,0.3181845874730913,34.13252347363188,33.420459638271225,0.7120638353606523
173.92844337778322,55.105816614989514,1.180434702327778,0.08439645213597732,0.19471367383859647,124.04791197791846,123.76277567430726,0.28513630361119624
131.25168960157876,124.97888765468345,0.4136025532346915,0.022227283975291934,0.17734921215454238,10.245842096336503,10.505370308199133,0.2595282118626301
54.572136368697414,72.76556546734575,1.3608172937837602,0.07410755155111019,0.520414170663134,9.399339555863605,9.459743441662201,0.060403885798596235
141.48280009086463,154.07601930849364,0.9053264318875941,0.00043620839265200444,0.29385581343486067,10.906449378408766,10.746680176792875,0.15976920161589092
162.18182863469485,85.84017396178308,1.4958709246119157,0.07444799349483026,0.40293261888879495,86.90472024381877,86.09132512181515,0.8133951220036266
98.3959601515796,119.17999006417362,0.5229115866877888,0.08217859731285575,0.2687157270294136,2.6246067964027198,2.297706578063277,0.3269002183394427
182.39635763723768,172.1766108717456,1.6240346626382234,0.005808814058901601,0.11348125759639019,17.164325641874782,18.31847642189109,1.1541507800163089
118.42294748283896,86.27138182539244,0.24423404322481929,0.07420153286751825,0.44181977132105177,34.29162923160642,33.89109294362352,0.4005362879829022
173.71742230788394,127.78599026130897,1.6624230462805245,0.033417315020659456,0.37878275594041333,62.08074929351743,61.18287925466859,0.8978700388488363
71.06752375835339,52.433895077976885,0.3183679981689116,0.06632085408522287,0.5575484275399523,21.20158162740669,22.474006620273876,1.2724249928671867
85.87350508084754,136.17444162684174,0.5541763540874848,0.01704939731099243,0.12095928053781993,4.766204814398895e-07,0.0,4.766204814398895e-07
134.43668918579908,72.04984253519913,1.768169050087033,0.08783058738565458,0.11485221176419144,72.75057796989628,72.43276985122341,0.31780811867287184
142.80291507238888,81.9127291870871,0.5738509814693983,0.03585370317919562,0.15997778113242048,62.558297538574706,62.52613300658397,0.032164531990737544
88.63864912834984,85.8881197034386,1.4736308882773204,0.05500202635775593,0.4755066323849384,24.129947048904967,23.597161892219013,0.5327851566859536
60.33820273691474,74.13415055346903,0.7373214736093954,0.07717515050461976,0.32915593549021727,3.4643227663668235,3.5434723631387897,0.0791495967719662
194.78107188637728,151.16474255550932,1.251357940307086,0.07570158505363406,0.30162134706647437,61.56564957395497,62.39425907030936,0.8286094963543889
139.29901335415593,94.3655928065628,1.6907574694642442,0.0021523326326163827,0.13213132689627569,45.35056030131011,44.75707874853049,0.5934815527796218
54.46737261635354,155.00832300878355,0.13561229549879616,0.0277896923016288,0.24371212032407716,1.2581311839026816e-31,0.0,1.2581311839026816e-31
174.8777786114369,176.85331806440325,0.5899144312642868,0.02258393802355927,0.11804495081346592,6.500781250627384,6.28408794586878,0.2166933047586035
143.71133566808015,129.46159518699938,1.5588540304291763,0.05634734404258597,0.18183260581457036,28.401028141827666,28.77832805794934,0.37729991612167524
77.02765577255718,191.16047069982943,0.6518775984635085,0.09542886811274086,0.2948691928038405,0.0012973039039363768,0.0,0.0012973039039363768
135.85509790275887,184.91213093275218,1.7488070788307224,0.011984291571842299,0.5275439237756886,24.056015980794605,24.197038742948738,0.14102276215413312
74.02934489815897,108.9578347950835,0.38101950532768336,0.08561354948458008,0.16487006807214774,0.000574818678568876,0.0,0.000574818678568876
177.85734768953995,83.71573805176547,0.5368202024433051,0.0018918770785519958,0.49309939828849336,94.51692288606769,94.46257118078128,0.05435170528640754
154.74445918823073,195.51270449196133,0.7391285909737327,0.025770006923681355,0.5219591109915989,15.608399593852958,16.29426627970832,0.6858666858553626
65.90037387799143,50.45644739373077,1.282071889025497,0.03204696284963704,0.3911692180468721,21.026880777181987,20.60239344729245,0.4244873298895371
180.07945164287472,157.68754912453127,0.4685316860788769,0.032589643352742725,0.27551661572158326,28.663259216654538,28.77723991615103,0.1139806994964907
104.19483482790247,154.95114416067355,1.0197723633152964,0.009942348551069303,0.5384949883625796,9.438786792966845,9.414027196615471,0.024759596351373148
175.01878306828394,140.01930192223637,0.4219263964794175,0.03442910143767023,0.21241307946214902,37.389399642196764,36.709083762028186,0.6803158801685782
66.0678340307264,151.75436181846078,1.219760326769838,0.08511541689136158,0.5342958476326615,2.852634627110916,2.720268930000973,0.13236569710994317
192.07989728760478,97.8520173808148,1.756897850251286,0.03179805478507363,0.2749970810969997,99.94791721165197,99.45424884940122,0.4936683622507445
57.06873748933586,116.30768354631283,1.3664112909160449,0.04684381567909031,0.31897463451675667,0.4839597524838264,0.3200803902474263,0.1638793622364001
93.50717671603903,144.3992271527543,0.41067906377547747,0.007070586449328332,0.2927194714209781,0.07917756702823686,0.0,0.07917756702823686
166.68964956377008,134.44230030711526,0.8828599157209155,0.09264226588382099,0.3552646068056773,47.67871991195008,47.139540245797726,0.5391796661523571
169.3653709440323,52.25310094620861,1.5227443217376464,0.019462431437402106,0.502766987363832,119.18499050564859,118.72564058611803,0.4593499195305526
101.83541809966746,91.10848385160604,1.3635509083892474,0.045260134722750325,0.1766620883140311,18.33484185543736,18.607774496964353,0.27293264152699237
66.30419390611304,181.66645530756077,0.3354249845049004,0.06404582551918635,0.557077472631405,0.010790934578339295,0.0,0.010790934578339295
190.13485693858308,169.4690622651894,0.1642473402386333,0.030644467288551858,0.5356587728641462,28.564262724589298,28.25082868988379,0.3134340347055087
100.25238276593058,167.63199440372944,0.79088659888356,0.04107419234649212,0.49122822465168825,3.7463501562392434,3.482499312507695,0.2638508437315483
90.35167438374094,170.2834064502494,1.3077764608334932,0.045797014017906326,0.5724294726474122,7.994882127062596,7.3715388515776965,0.6233432754848991
104.96114091270073,164.74998683934342,0.11148664635920424,0.029593521868383578,0.1949978836590802,3.738421213442497e-12,0.0,3.738421213442497e-12
152.67904678787175,184.69994073358183,0.40936557469412843,0.08392004755497835,0.495264318373107,10.40229557603653,9.376982463812187,1.0253131122243424
167.16807883582067,181.7757895908996,0.5392356698072698,0.016456032719866256,0.18687578940757912,4.377341934861164,4.818804577915042,0.44146264305387817
122.55859172578818,67.55105989511524,0.4142397240929343,0.09875823321231891,0.26062972128514805,57.71551309592837,57.44615964955591,0.26935344637246317
128.72959767360032,51.35796840652991,1.908150077273738,0.06416634209249623,0.5209266251926131,85.02557740496837,84.49418225628318,0.531395148685192
158.38564650832524,132.08097283109032,1.7177386286394227,0.01741450465801212,0.38490701846412156,46.04198561314108,45.4673642217921,0.5746213913489768
121.89970407880243,133.8523438583124,1.4435983202461111,0.017329041215530316,0.45101374824410667,22.84410268477913,23.522862843324873,0.6787601585457423
178.7388472594153,89.77865803884457,0.5922942721039635,0.08349865726928102,0.35044632128570874,93.32336191579603,93.5170925281223,0.1937306123262772
162.52267687878526,141.6950382108209,0.12485690276755698,0.019675251716438837,0.5738329962251154,25.639758574292784,26.070792850835005,0.4310342765422206
71.65572921550334,192.36038578459886,1.0770340053142495,0.05179145217778042,0.3491301800895463,0.0653898298666018,0.0,0.0653898298666018
117.24014618180263,139.68877381747458,1.2531681376529884,0.05602108027567729,0.41930326320876743,17.03019310828732,16.263373886418798,0.7668192218685235
169.8507810788695,108.13521116593287,1.4482146377512144,0.05291444412941998,0.16410141316621604,69.722131238519,69.55466867111534,0.1674625674036605
113.55213738924408,110.36583275215939,0.13520109477024364,0.027194560647170685,0.41308975541330517,8.711746006816917,8.837256003928125,0.1255099971112088
122.35796584537978,133.44134288586991,0.7282760037857825,0.04087031910608379,0.541114917921344,19.58376397475375,19.71290594906022,0.12914197430647079
95.56634668137326,144.30862443423177,1.5116500812665281,0.057771645134645666,0.5092211961807082,13.181853555728491,13.033993166937083,0.14786038879140762
194.13010970925055,181.52062998583426,0.5889213427638309,0.01883694180738371,0.5664325514838938,39.96187794330885,40.46266303913682,0.5007850958279718
103.2590106192537,110.71381692729389,0.8392317000076787,0.007694523283673716,0.21435756501683448,5.396401292835797,4.26768597069049,1.1287153221453075
72.4912216901091,65.805286661611,0.38770964894765964,0.09577872288163279,0.29133659655513056,10.727400029379488,10.16911334003223,0.5582866893472591
75.74372335531824,139.99663530024924,1.0889756423908976,0.05063591019007063,0.27203749789275866,0.25982208050182587,0.10140979332921773,0.15841228717260813
164.95409682104605,182.29209256512124,1.2016998615128363,0.009333609992375013,0.3106366433541645,16.46292025429623,17.220689982018634,0.7577697277224047
196.16630584761552,92.01555570072749,1.9095592405486563,0.08942593515545563,0.38912698121936096,119.7047224330968,120.46764622425331,0.7629237911565099
133.79326853217646,160.5605745480588,0.7917884347185676,0.078092576632088,0.37129042053535344,11.32569120154988,11.34926505408578,0.023573852535900386
164.0443682131155,198.72525228888745,0.6676448406196825,0.03172823245405476,0.28053671952310033,5.404469477068439,5.6963476047868475,0.2918781277184088
137.03346921961258,153.04246251508044,0.20006978345781024,0.04724339677645343,0.18314905427448205,0.6180146517196903,0.6589164209643457,0.040901769244655384
144.35475330670204,78.65834124456576,1.401943510205135,0.02045360660476372,0.15404715897166013,67.92107327268239,67.636663013294,0.2844102593883946
151.27298261431665,130.45800858422626,0.1762831977441507,0.07144183351740037,0.3920042309904038,24.446958894271006,24.499765043876522,0.052806149605515884
170.70606500062954,80.7078134198264,0.8773545070367921,0.041909810338895494,0.2562008925224065,92.91580944628205,92.70490575040583,0.21090369587622604
125.69079097040301,59.3989378229973,1.9088715364597655,0.004022148767535961,0.4385672660841272,69.304942838161,69.13159725187462,0.17334558628637353
92.9070952760593,166.76754793579806,0.9416395443790458,0.05478398552507366,0.25171784601841496,0.15071929256070038,0.0,0.15071929256070038
141.62478535566157,128.2026812116739,0.6113208252574491,0.014080327965812978,0.21093385745111595,17.918812513940637,18.342922740113373,0.4241102261727363
176.51647278253347,163.4244836691339,1.494016746841375,0.0237731877306393,0.39568690395030626,42.174480613349104,42.8087577475407,0.6342771341915991
144.59385564645146,174.1171212568003,0.09195171685972989,0.05317347961890021,0.5736054221703305,2.118812131981432,4.268092763913231,2.1492806319317985
145.9785964564668,190.5813307736045,0.6486086600170778,0.09308193444515586,0.14874526120174955,0.33579163982383786,0.19873368639751732,0.13705795342632054
129.04330818578273,178.91379001004356,0.062240574355719475,0.04276576754959996,0.5180199265880954,0.0382999380856186,0.0,0.0382999380856186
68.36146701225672,59.65219100773231,0.9703060775642416,0.07624068569689367,0.25338578482126295,14.667315108211355,14.776363363015385,0.10904825480402991
99.65332172451413,116.70044410983458,1.3415605384703908,0.0731095297501485,0.15761049654963902,4.795190925336698,4.55182103834148,0.2433698869952181
69.88131214271205,89.86142797156273,0.39240457424121455,0.09242651616375981,0.5419260272189301,4.182105407360929,3.69356268535957,0.48854272200135895
79.85747934276344,82.62729397897371,1.44388174900881,0.012277574259027547,0.43326938078853194,15.88521639931366,15.17881436891113,0.7064020304025291
164.96743718351277,161.90737329044555,0.6098591615355239,0.09504854966014277,0.5203151454345636,32.115504538651734,31.75010720823402,0.36539733041771427
105.88936148795607,159.279054622608,1.4042672271825962,0.05261047509535088,0.42403735928892816,9.358040504356705,9.912254386517379,0.5542138821606741
58.290561425184144,152.3891085505831,1.4549078909650255,0.06564337960301629,0.3256997538651192,0.16837098306555487,0.0,0.16837098306555487
145.75099457144944,118.1143501252406,1.670847632058617,0.06849628221353489,0.25506246972510216,43.882860936546464,44.0789880368394,0.19612710029293368
83.31611139450365,78.51796711723708,1.9988787626265214,0.09379199949272726,0.11292966749032549,18.530564368923216,18.049458063985938,0.4811063049372777
122.32891844874537,105.50162243687609,0.7454712802047447,0.031057987648812603,0.1631644569131702,20.10136161253773,20.252601152872558,0.1512395403348279
129.26429971650978,53.38218746770249,1.312617769256592,0.012738549247054566,0.48670882986797903,77.76621864772744,77.92301794121056,0.15679929348311816
93.7532137201101,117.06495756235729,0.14917844011010084,0.06238398095872813,0.4047307831037651,0.649524840700316,0.6967857193826106,0.04726087868229456
128.29701711770758,161.31597233891068,1.0512373411240479,0.06075428837906504,0.411982681714571,13.602092795793418,13.609953182719575,0.007860386926157759
144.59697889254804,112.47475455345476,1.7635362408659232,0.06840887071424918,0.516758570511221,59.70234109447108,60.28048461591537,0.5781435214442894
99.31698669586058,156.46970883333157,1.1104332761689808,0.04673156762952099,0.1732988474844697,0.10654181213168523,0.09069163339923847,0.015850178732446762
178.04760035067503,69.10766836009604,1.784352963855826,0.008575406131868834,0.4419535355158558,111.35474168404278,111.24338408812142,0.11135759592136196
113.879983726314,59.20854489570258,1.4441189989030356,0.09601165558252323,0.5779554155200193,65.5680405127703,65.13731390656213,0.43072660620816805
125.55153305565163,160.21831945735192,0.9234420449201695,0.05446093416928454,0.298092228395468,5.8646010922818945,6.255143681649798,0.39054258936790376
173.45253243099825,99.76192328572617,1.282320694836673,0.05150335973530802,0.14337467051369077,80.06674064754887,79.53618446798626,0.530556179562609
55.40422323543434,134.2816753420041,1.7714831971048421,0.0353992374346145,0.1085848481187616,1.2602355713499646e-08,0.0,1.2602355713499646e-08
84.06316719391569,143.8606682314433,0.9157404951244706,0.09988177032608599,0.17994956894698708,0.027349173561866613,0.0,0.027349173561866613
50.067428911138315,127.76625729837237,1.390697311782207,0.059390987037902465,0.13043539807665952,2.8006927057268553e-08,0.004972698333531866,0.004972670326604809
123.19167302436259,138.43924993005135,1.5065905420214105,0.014185362324071594,0.4252444807509467,20.904786141894455,21.708222044455262,0.8034359025608069
95.0538948725461,156.1004251103153,0.802992152602154,0.016317191354705853,0.10175288337049146,1.1522572931513419e-07,0.0,1.1522572931513419e-07
138.82464936387146,155.54636232598062,1.86337246852156,0.05311131750984879,0.5246082265226287,38.093621476137486,37.684173889960036,0.4094475861774498
105.01519265111602,126.81498100142632,0.1066393123736511,0.049506196338544466,0.4069916100279891,0.585803051816356,0.763548649105914,0.17774559728955808
77.2419872631132,189.33831543514307,0.9804680278256933,0.03057107589293273,0.24650625274136165,0.0013805653364069373,0.29577028798249216,0.2943897226460852
105.9313207311921,94.54293062641369,0.12192391011919304,0.0194906431673497,0.44692012639217393,13.676270850302785,14.146859894269724,0.4705890439669389
119.07117919129459,148.52683896554544,0.4744538443675061,0.023169659534424215,0.12637161356200013,0.030079111046526164,0.0,0.030079111046526164
113.92078581104123,134.04708480976507,0.16571016122617577,0.012015867127355763,0.32231873099499886,0.862307718692799,0.17642719843081522,0.6858805202619838
63.46587977401484,198.07748870697645,1.8018877120332262,0.011733642816638702,0.4851729953607101,1.2236190344628541,0.600424316151738,0.6231947183111162
90.47604834866009,90.66655028285437,1.5395853620374944,0.0054123855719176335,0.1319980988148646,6.17195712317676,6.0749935260007,0.09696359717606029
149.31324023855177,177.16245799815283,0.11131646575145097,0.007503274634330104,0.3735695075741441,0.8003168045562141,0.6962678362727246,0.10404896828348953
70.22619914723516,160.31354610218278,0.5344632645516254,0.0263972283462227,0.38006077358463186,0.014680592169094203,0.0,0.014680592169094203
101.19370296676627,83.173736726398,1.4039454302595782,0.06646539160035458,0.4700740378932363,34.59988397252531,34.871147469499896,0.2712634969745835
149.71643795033475,152.043040110666,1.3770397626755686,0.01709019430109727,0.5303382981699322,37.03998590472151,37.21549692651528,0.17551102179376699
105.54912124042684,102.13625149826962,1.059181061327703,0.05803101190366772,0.21713241873157416,14.501674413262158,13.91304708265751,0.5886273306046483
128.73729685709657,77.48898193736778,0.34051672087055973,0.008123804011091319,0.30250697333166743,51.47216607547209,51.39775337314023,0.07441270233185548
54.591591434035415,161.01589550756552,0.2391501595901822,0.023230222249736213,0.557549348912734,0.00022857435399278132,0.0,0.00022857435399278132
158.13000670559086,75.70080250549736,1.4849887939453403,0.017931462083924255,0.30488661215672375,84.7084565308266,84.37383604698236,0.33462048384423326
189.19751000831442,83.98537578741352,1.2751614419700865,0.0967010814319129,0.2515010849832717,114.95962124753991,114.90358874751486,0.05603250002505433
123.83235740073825,156.62996781995108,1.170166703091918,0.03005579121627666,0.21032640818582513,3.2414734492721458,3.2592349495726722,0.017761500300526478
155.50078520015882,50.518534930351564,1.0773094195200938,0.07643382167122237,0.30897903713024466,108.97596860409021,108.5182710740887,0.4576975300015107
160.3168003667497,99.48901569359684,0.7348380818604127,0.09031675997309162,0.500048836857053,69.72839864962724,69.51670694927941,0.2116917003478278
72.45830739446902,77.32589896526463,1.9056302281942061,0.09366716543736216,0.26414342601060836,14.277211858601511,13.951400700036114,0.3258111585653971
63.17562413159699,149.3986054463698,1.5931014141058597,0.0038469057739277113,0.2791142587882822,0.08477893402615255,0.0,0.08477893402615255
156.76050940169284,137.33939250842275,0.29233493324565635,0.07039699359042582,0.5072458048337947,29.379896315120604,28.48688548966156,0.8930108254590436
150.63472382551493,100.86404030183381,1.390708927880945,0.026492530008476303,0.19705833081932164,53.74118033317416,53.62326613136765,0.11791420180650647
126.73078254000798,66.07139161072766,0.8480117131901086,0.07974082081993963,0.5630023736436776,66.67053750806087,66.71730289488946,0.04676538682858222
149.7192640435376,178.6140541645016,0.5236774740935771,0.06817531267657889,0.3484552894576687,7.2777195286867595,6.975622874014363,0.3020966546723969
148.08317867820386,69.66078811593188,1.9344830222024672,0.011253121599868566,0.3642937609281792,81.2788376657287,81.67550348995458,0.3966658242258774
95.90100830846517,121.28693925602137,1.3057175619440964,0.07407024160641708,0.2729612929115701,6.882038237020719,7.128104673123634,0.24606643610291457
196.5945394797311,140.98942429561993,0.9008806127952329,0.07084181224591804,0.5661503867530702,75.69848102762826,75.26455107339689,0.4339299542313739
123.47363841386941,98.20652074435935,1.6303008341575875,0.0766764832073308,0.11067520785181004,36.83599051250347,35.48948563184074,1.346504880662728
125.00543224064594,103.90785209341982,1.1488366486296153,0.0551785797335265,0.34586893795149876,33.576435449390004,32.56335110022808,1.0130843491619217
152.07940222280394,166.13628411271566,0.7907288773129798,0.026887462595779066,0.46473923252108773,20.813382092616592,20.56424611690333,0.24913597571326207
59.385667376923905,195.26789946918058,1.06412072234866,0.050985223691847326,0.4056321071950513,0.04344088266096835,0.0,0.04344088266096835
101.55332469425062,168.52438475503664,1.5949026157431214,0.02422649924633561,0.39994728785242906,6.080504123571075,6.254132128146402,0.17362800457532757
140.59639201374313,185.8429798826886,0.07517976233848511,0.07337262314533476,0.36872361360744876,0.016968656420507933,0.0,0.016968656420507933
116.14706771459925,114.9361391382026,0.6993812024467321,0.08990552995310594,0.1343508421822314,10.158827368503282,9.887353955854095,0.27147341264918623
148.43444721575008,101.9503676136662,1.8663697592916608,0.006614747808564381,0.5360586065531103,64.05994499454508,64.49992564950149,0.4399806549564147
185.19643422114922,181.9960169451336,1.6799543531769374,0.09643229605266516,0.5853568046292538,66.78145203904168,65.60939583331086,1.1720562057308257
69.07764849967302,158.06214532993963,0.22461446455851464,0.03147282791413999,0.5478685243927415,0.00574791472049388,0.0,0.00574791472049388
124.75618205326963,172.97827340951451,1.9984285051784356,0.019235910024227844,0.5021933859141567,22.663267783187706,22.664519500320246,0.001251717132539909
162.60862781122748,190.84904516952096,1.7489697326469458,0.09159985635148896,0.3077094879232465,26.222558825652257,26.594366561833226,0.3718077361809691
157.44595525159576,107.77771938470893,0.6261559196708426,0.09351212075914361,0.44924854481312193,58.13988412883674,57.86300028512598,0.27688384371076324
179.01837786316378,192.95168799240022,1.142275829804533,9.539116431167562e-06,0.5972531738608415,39.914042070815654,38.802203811870406,1.111838258945248
78.67309896113699,134.05983202708114,0.3693003869182772,0.019047363653918306,0.27476707345777196,0.003796762285085048,0.0,0.003796762285085048
188.29729866983905,185.4835562772929,1.2953175540047022,0.042960784070710537,0.35126366547492005,35.68443940792049,35.86334347294468,0.17890406502418443
192.44530822651248,155.52065107361759,0.6390074190208309,0.0478547312238116,0.44990405063053496,50.62190374708213,50.85537001537771,0.23346626829557948
177.14997019969599,84.68694006798104,0.43795194782840013,0.01721716807306456,0.5709470480390514,93.51378621699946,94.0920094481138,0.578223231114336
102.3623911234805,178.69070126233143,1.7581530875631777,0.05987729444334904,0.28555154291011076,2.729457508093839,1.8865504979046328,0.8429070101892062
145.06080978359364,67.16274432364561,0.8807184909473191,0.0675092011510781,0.11523590476241893,81.77493911272326,82.0279633424896,0.2530242297663392
122.65763888021765,81.00997373299761,0.575029029088183,0.03353638267490078,0.40943121843220387,44.31372544759553,43.7387699605135,0.574955487082029
194.48168353240695,102.49654490077566,0.3379512373602963,0.02556478583119195,0.3406882889804016,92.87069887453637,93.37959090187432,0.50889202733795
112.35172896683514,126.22002089036926,1.8414572310108224,0.009766118257061696,0.12638020322674096,3.554647937341592,3.7950297493366527,0.2403818119950607
131.8988231587505,170.64953407125313,0.5277788572337642,0.0592247879436734,0.23298963431532185,1.0487497397799768,1.0002328557652973,0.04851688401467946
57.30011822612525,167.28099842546857,1.4211831620283122,0.07654900764995731,0.4077713324929454,0.3943184805205979,0.26669169019432104,0.12762679032627688
62.58287048353719,125.14724507657404,0.7218227752800606,0.012666911557949356,0.28521479228762125,0.014986054549715189,0.0,0.014986054549715189
183.1356632732065,90.80530825388846,1.5318287051717725,0.014200092666618536,0.5967135853475543,102.10478757067186,102.66441943166498,0.5596318609931217
178.79452582680042,94.47998198716249,1.7119314314803764,0.05675604897916362,0.5210539754306691,98.88560730193045,98.65666034873445,0.2289469531960009
139.018440888496,60.21100335687136,0.357101716375651,0.04471115994135521,0.21794272693479436,79.76115839944072,79.09175837541193,0.6694000240287892
119.04040162040792,166.79089441472246,1.682269845474728,0.0326580951681399,0.29601241127495237,7.00541421909676,8.166599657553231,1.1611854384564708
108.47861142421155,156.29761621614915,1.7921185832023878,0.0891004511584686,0.15833323423344967,2.2406237386186945,2.432238833919218,0.19161509530052356
75.39560473314967,144.1851651326768,0.4788997114807812,0.04443777671207048,0.5691389084878987,0.948399850577796,0.7910626639112124,0.15733718666658358
196.55095520239885,143.42261880388793,0.3127822416714668,0.0665072904492496,0.543271785011207,59.48114502677291,59.73806394364874,0.2569189168758328
78.96078966262928,179.83142343104157,0.4247904273041925,0.07735712313995324,0.3223497988527745,0.0004916290981984497,0.07472078700313034,0.0742291579049319
57.07427078911873,92.80925784470273,0.702328569532157,0.04598176498644346,0.10864871677466273,3.7742393328848785e-07,0.0,3.7742393328848785e-07
95.27915397742568,93.31580989033432,0.4651890792722247,0.03380852620495988,0.16484311298361828,6.123883180918753,4.8920720169569165,1.2318111639618365
139.0078252095787,167.6825866375891,0.58938296647083,0.09310492879253263,0.4226040051668899,10.888851104572034,10.566872758860274,0.3219783457117593
134.57081490909331,151.3631788310244,1.0975791705999964,0.007903054113611663,0.18138577297156275,4.745432787295783,4.260771977854503,0.4846608094412801
98.07515435808062,169.33027420630344,0.4051518488251956,0.023163315045293655,0.21769574602276617,0.00022041950488645504,0.0,0.00022041950488645504
93.61578772812493,88.0193615149145,1.3270288035692126,0.06735386562090405,0.3538463356016899,21.558976691198758,21.218177891467434,0.3407987997313242
93.50695582780801,183.6678242275161,1.2230924249088626,0.07950567960277567,0.18630792831171752,0.019195351999151122,0.0,0.019195351999151122
125.71872243552471,77.60509957527287,0.7447990419461195,0.07733901830028792,0.11139453338004227,52.45752411812386,52.095576979829346,0.36194713829451075
103.65975131236021,160.40310809848972,0.8180580442383413,0.06810828828969778,0.5780553273201218,8.752184084623021,8.668715429056853,0.08346865556616834
60.02056453954089,117.34021293506362,1.5950865183810772,0.05080017563417031,0.2766217964438369,0.5254583512576692,0.6658552082620943,0.14039685700442517
60.891603023143645,126.34388949128177,1.9647849274682163,0.05663286757012823,0.43556613284294465,3.994372806466423,3.559195170118791,0.43517763634763185
64.47111949057569,158.33985508725675,1.0336400968581614,0.04523979659808844,0.3296615290316257,0.057601626640376824,0.0,0.057601626640376824
51.83852027975408,104.37053538471059,0.10425503202862671,0.06738640411709888,0.28196686491841616,1.1671975276439296e-14,0.0,1.1671975276439296e-14
199.22051368879573,199.42155701918225,1.4151218252589335,0.09724075607464878,0.47067071737727806,55.02331800129842,54.308630898587694,0.7146871027107267
160.2388383166549,111.16013269944816,0.7895190913038991,0.09998300010397822,0.4749753286481325,61.52785909000903,61.57448993636196,0.046630846352925914
197.68529123761311,147.49671592103886,0.24809850074913553,0.06991847656632913,0.1323573238365173,52.72509120336801,53.57862667989209,0.8535354765240797
94.642420456636,122.44536390675741,0.8934448518686936,0.0088246802218507,0.38808266155491333,5.752096590035784,5.413617907456082,0.3384786825797015
89.43069982396739,156.28332289533554,1.3644410797225097,0.049517033921399695,0.23773716231643136,0.48876263326234515,0.0491188324539209,0.43964380080842425
67.37850865029026,110.28907525216127,1.5330493219158687,0.08623820819574662,0.5276355877271206,9.342582852920096,9.23027789866968,0.11230495425041553
104.87013118979559,139.93118969757768,0.3548839561245334,0.03227598727656892,0.1478000149967925,0.002397496335108454,0.0,0.002397496335108454
61.55970019956213,175.88187050488892,0.5952604595041865,0.028927288585437985,0.2961305026101948,1.4781573650949286e-05,0.0,1.4781573650949286e-05
67.86461419021853,131.22981436526715,1.2254053839101693,0.0572329238851969,0.1704750223687466,0.004214712957974778,0.20436479840662258,0.20015008544864782
94.11765414224767,71.46914760201958,1.8529888451693513,0.09611416693861974,0.317030638763374,36.719262306840335,36.87451855652813,0.1552562496877954
58.517155106760256,150.5367373150153,1.6914033722704456,0.09730907218162832,0.5312997687503295,3.717748542290403,3.5920946188512097,0.12565392343919335
56.42449986405345,170.68832735370557,0.6724489153292547,0.020605965219796154,0.39270906446203735,0.0027489246709990964,0.0,0.0027489246709990964
79.1674787696241,145.9124946909821,1.550495579440696,0.09918766447682503,0.3227484757454453,2.5069183671881863,1.9217628810147787,0.5851554861734076
114.51376181578838,64.43776682337544,1.8087996712163,0.01796932513537988,0.5483865257582711,59.037661744009526,58.68770670157807,0.3499550424314535
181.57630495683748,93.27781235254105,1.2767419583097743,0.07615020956481965,0.40357530873227965,98.02067111193507,97.93088915445668,0.08978195747839379
128.31584585446274,194.44739571924606,0.9907326404341762,0.007273789089606098,0.27152025452208006,1.2066399773898127,0.7771689894010336,0.42947098798877903
148.86375094564772,150.3701208712546,1.7737613462718418,0.015297825739589311,0.18253480008239822,15.574691579730057,14.797771873145436,0.7769197065846214
54.82240926508419,108.36668968144211,0.5303106568347185,0.002529267291008908,0.5815574453433713,0.7355208256418861,0.0,0.7355208256418861
122.30530809699746,99.85417043619957,0.19243209348700624,0.03309261095396807,0.5410835308251586,25.790705787419142,26.102730029777113,0.3120242423579711
97.43614335403365,50.22105764759963,0.10953152970413266,0.05212159398855962,0.5536497882727718,47.50138766329218,46.89585151287335,0.6055361504188284
78.19370569459431,145.904677940983,1.4829447301039456,0.07038696250083507,0.19900970262368958,0.1401329394801163,0.0,0.1401329394801163
73.9947016471586,184.2619117732363,0.3842318608797981,0.028547921738733797,0.21064279842925507,5.346678856425733e-12,0.0,5.346678856425733e-12
103.27473304908077,52.20477474630161,0.46453388415160757,0.09638680450614905,0.1480541455334499,53.35586621014919,53.11853830406898,0.23732790608021048
192.39516051836398,89.87734568993386,0.11159342439155714,0.02253079587175956,0.32387997043571304,102.74350857148751,102.90428432767591,0.1607757561884
140.66150529126136,83.64799942956853,1.8111715008534077,0.02879261294804657,0.2812452603694149,62.39244147542502,61.776289960773255,0.6161515146517615
87.02193359437916,184.91306240342232,0.3383092855015019,0.0013581382839553124,0.10955397196582348,1.0213580800870632e-32,0.0,1.0213580800870632e-32
179.5237876344827,172.4291943083677,0.6413240525858014,0.05745475190778637,0.5543678175512511,37.48156356788408,37.503558930610374,0.021995362726293877
56.77596754841396,160.6031009097553,1.930714337548826,0.06943679359112674,0.5085403515295037,2.860346284953766,2.9744488111940868,0.11410252624032058
122.69254086417742,55.86797633804268,1.6544029599036372,0.0057047817785556565,0.2865483091178377,67.5132944741346,67.50542807492144,0.007866399213156683
152.38576839031697,87.6839557619893,0.4185341881802832,0.0360958618563098,0.19144500854747284,66.01653558255137,66.08694872155962,0.0704131390082523
92.09171542004839,99.97027531426627,0.4896261805731646,0.03844578567071825,0.3692602344637501,7.058269366289117,6.500511367388217,0.5577579989009003
163.69103203354376,56.028011468888046,0.34571361084946106,0.009716881980169602,0.5666977366307475,107.85617571400581,108.12982535461445,0.27364964060863883
63.46855253404177,177.407663868143,0.4586615489102214,0.0054527402126361875,0.15956341705304414,1.377363923523375e-21,0.0,1.377363923523375e-21
189.15026036813325,96.68946145325259,0.551665118598311,0.07854740677430529,0.4632946306634076,96.87204655544333,96.4492834026415,0.42276315280183496
144.15191565130033,168.50496129055023,1.880078426524954,0.08991232521442477,0.2412089906902883,19.753240298728727,19.316210272475303,0.43703002625342435
135.5763729418387,163.5859946595393,1.3911408510769023,0.05724475841865256,0.38375536363850715,18.63260676654192,17.849007048622703,0.7835997179192162
102.92141543417893,130.4352934206983,0.27255313540958576,0.03789509628361644,0.3790666246434016,1.4264869368159037,1.6477558566967296,0.22126891988082598
180.12359476284874,151.16146903255435,1.39160962596954,0.019349462250658714,0.21814718984690726,38.116411059146444,37.3135575819766,0.8028534771698403
70.63311763618567,105.6092194986806,0.3296681733977157,0.027985459729552742,0.21195704925138772,0.0017340767266943793,0.0,0.0017340767266943793
53.87936037852472,128.51146708299814,0.859947499662568,0.014105568851424966,0.12634884538746718,1.6372761869990164e-13,0.0,1.6372761869990164e-13
67.44919195239169,70.97874596849323,1.7790270302939326,0.01841866277109727,0.25158248597065525,8.462451576346577,8.070522101672111,0.39192947467446615
154.68508276839611,75.20874853265354,0.36226880606219425,0.09735405715831606,0.3663330082753876,82.08438063838872,82.11353875817994,0.029158119791219406
89.42312520891463,99.30629014869592,0.10022526582251289,0.04590382590452109,0.1535411215707543,0.032808636247247724,0.0,0.032808636247247724
175.87563133739525,50.153236627642066,0.9931468758511253,0.053171048818744404,0.2616105746348639,128.30210839723085,126.35643123156864,1.945677165662218
176.03983205958218,59.120963802092014,0.7750284784039905,0.06597113717860227,0.18604913152443106,119.86571676164453,118.90501808550813,0.9606986761364027
133.8720111616471,142.39662398291085,1.6115661327243613,0.000701071507952955,0.35263953957800487,20.489161610627022,20.891853295966065,0.4026916853390432
80.61882193552924,124.6558881343516,1.3422500186975952,0.01990033915608537,0.3400640157566115,2.979017717852116,3.219165586362834,0.2401478685107179
125.7256055778447,62.09778952773287,1.0710265337899312,0.026184210364250407,0.12450449119380955,65.34509328755809,65.95336541298863,0.6082721254305454
113.58361642744532,69.70009812211974,1.5497807613977044,0.023395568985689088,0.42347211973238785,50.15502100555815,50.39310274457972,0.23808173902157392
126.12075881103418,182.82686622954492,1.6215351380845968,0.05638823761520012,0.2708936084694593,5.844547139812537,5.617525411177791,0.227021728634746
163.14072724068387,168.7496725060396,1.7665482866013307,0.05118926475055649,0.5993499730665358,53.72512699117174,52.56272550266715,1.1624014885045924
176.26831427793155,162.0630827896339,0.9801460672302593,0.0348591486345031,0.4838993808229126,42.2685021734944,43.372590017027434,1.104087843533037
96.43152622064412,55.35994286033812,1.6557662057165068,0.056163396210980356,0.5216044535700949,50.00720987524192,49.55690955953029,0.45030031571162965
71.5807899456714,190.80203229532123,1.569080707505899,0.05658890943464722,0.5410015536454454,3.2055059838904025,3.4913234718141837,0.28581748792378114
78.53129510663767,157.34984534809257,1.1749961642768585,0.03460636612259604,0.19135417795856033,0.004927292423389684,0.0,0.004927292423389684
66.64870486626656,85.12537901774866,1.1519397296159302,0.09611214894724673,0.3462082844223128,6.4180198470679315,6.460469396799656,0.042449549731724545
168.9715637380582,109.27884063070013,1.227537404008598,0.01850575803814666,0.4190908528746088,67.37933383315556,67.79956290508645,0.42022907193089054
172.40840251292468,91.54494499277872,0.4405566354906941,0.09954783765620577,0.14668544758287413,84.79152952957315,84.45971955167235,0.3318099779008037
59.79158517179898,61.10752911975738,1.6290214433587367,0.01571028547036777,0.3903454048485263,11.854180782657888,11.574326936089516,0.279853846568372
96.9858095755159,152.9062283039581,0.7546209576694887,0.07452641493863195,0.42069067203016663,2.9844965383631212,3.0862196611705137,0.10172312280739249
121.32325066922678,158.07943173033362,1.5766606740950673,0.061028027739940066,0.5489675436748679,25.60401620040556,25.653992745234405,0.04997654482884428
65.5777431936126,161.5168959299823,1.1138568627763625,0.08102277196379827,0.3486214213795773,0.17224738873309686,0.1252324571897674,0.047014931543329475
128.41907655788964,57.89986582509105,1.8898578815036515,0.04165410279757867,0.5434508379933627,78.4168203577758,78.105072716758,0.31174764101780283
130.28472144035666,72.48307665114066,1.3645486556396202,0.017779372276784656,0.579304668041747,65.81199590732085,65.46135352751224,0.3506423798086047
96.84634961461853,194.80191015316254,1.5361673506189846,0.051575734879314064,0.15345564721084368,0.0037328669249241248,0.0,0.0037328669249241248
123.41777507433775,67.5103737309184,1.5548273656656888,0.01819991649839733,0.18524273754306195,57.81058943456776,57.350027257157876,0.4605621774098836
170.65269040418764,115.03717797778282,0.23294186626794983,0.05039087301330521,0.18539267804194834,56.95794831055528,56.880718282567145,0.07723002798813638
145.6818495236834,127.31925164504314,0.06781363925585518,0.09207803549831874,0.30612034252486187,19.322246421033782,19.72061346351802,0.3983670424842387
144.16281436863204,106.1883596658222,0.8458964374043286,0.025867664398492043,0.4532746149087341,46.48058932592471,46.4149310832554,0.06565824266931486
182.37856341897944,163.22795237083767,0.3402786176872058,0.09311647105638354,0.11843217596193709,24.325137216328812,24.119167940688364,0.20596927564044876
138.31377115614944,176.90881491957754,1.886178063748151,0.07539803301675835,0.11101093005971477,3.2691229157295254,4.24028567043203,0.9711627547025046
195.4897824574713,117.14908143294821,0.43307635549815443,0.012174140451962924,0.5005104446507778,80.18235647005099,80.04885122243199,0.13350524761899862
105.74936984000026,90.51888511062553,0.42971645795818114,0.07374867323811549,0.24951010087309564,19.040912189171095,18.995214878203093,0.045697310968002114
143.9113426023123,158.5154292239613,0.5597403512381979,0.06595372657410788,0.15718715077854337,3.4033292396174417,3.170769074376924,0.2325601652405176
98.10150269778819,72.5013264949636,0.6395144278634824,0.04410346072656821,0.23152851119139203,27.8436520912378,28.206558325696964,0.3629062344591638
100.63080981967605,62.7394355349036,1.3408566678162304,0.04066134775177752,0.3248856786254548,42.271879702591676,42.66597300707749,0.39409330448581414
101.13496773657961,59.10056089095185,1.6059425149522821,0.08190256323854932,0.4981501505322401,52.60720994311945,52.14805549646103,0.45915444665841676
157.16027974686273,171.52716111850276,1.494520165135006,0.01594487343146649,0.101555914378099,3.902324036453585,4.124170378676734,0.2218463422231487
151.49420283502525,142.79980459959336,0.6440237575685351,0.058771034880643946,0.1498220793282394,16.058745383670768,15.957410009712067,0.10133537395870107
53.03881400266191,167.3962179250197,0.30255605515882117,0.0521477706300086,0.19467501753527897,1.6059249950458185e-26,0.0,1.6059249950458185e-26
79.95852455315493,53.99579880005266,1.9489485086325524,0.02450869101037492,0.27251323879379974,29.956398664744043,29.576505333188184,0.37989333155585925
167.0477987080754,129.10249863258514,1.7509739742080148,0.035713432414844884,0.5071058230941938,64.79928228900626,65.01721347921581,0.21793119020955487
87.40052771809926,56.61889486039466,1.2331956885122395,0.07922038625913927,0.5410892970242764,40.09295354458432,39.3259027034515,0.7670508411328214
194.9271797183536,114.78459183138625,1.2106552023856643,0.029539255472234096,0.33928318502397226,85.71104766464146,86.18950462132744,0.47845695668598864
60.79936492076947,121.75831964672498,1.3430269421456893,0.05880864912289714,0.12606608934493999,3.284420932611978e-05,0.36647147729674145,0.3664386330874153
124.96615038750834,182.6698533796051,0.6847595747880428,0.02120169931382141,0.43783671176457917,4.415007059040679,4.998268907863324,0.5832618488226444
89.567906326365,169.59964596492125,0.23893045416457176,0.08095554346512764,0.41415206886964673,0.007642918766729262,0.4281203862058689,0.4204774674391396
88.82918137850521,75.45299957982297,1.804145283622246,0.02968517546246211,0.23649121603286163,21.011235786800235,21.142345572202196,0.13110978540196072
64.99668179839509,123.26088487982778,0.6286286967990962,0.04004721641566114,0.1824304598713293,2.917729464518848e-05,0.0,2.917729464518848e-05
77.59805127080887,199.06806796388446,1.1436456628251477,0.017047210759273734,0.5297430008635307,1.4701984024524997,0.761091639560064,0.7091067628924357
102.5899774291812,72.36544537485892,0.19366995680867916,0.07382718072383297,0.2386206281217552,31.25247454166731,31.408836142915103,0.15636160124779153
127.60390529038456,62.59965714536541,0.22066377231133877,0.09974173520960782,0.4743969841368363,66.36952241749239,65.27529666779766,1.0942257496947292
116.13680817442138,100.42294483299295,1.1434147974175934,0.013188949718578813,0.2502726551359594,22.03518962608706,22.528095945931,0.4929063198439394
178.8067134895578,186.73766134131426,0.2150065297871283,0.09058630389472028,0.34560919116847344,9.521261075531228,9.814926347465732,0.2936652719345041
104.31751684269285,52.70042072278481,0.6523417111437667,0.023962562070623417,0.21532220305207586,52.434576924766446,51.964386585347285,0.4701903394191618
150.54147552067272,51.03026059221504,1.0623045559238087,0.0704706497809963,0.48395548868373184,103.33412823468427,102.75578337602103,0.5783448586632431
136.43596598762687,166.31880093864953,1.7088023225179736,0.008184286828373888,0.5764064198503285,31.568555868556018,31.615067241002706,0.04651137244668746
178.13610877906595,104.68135027802622,0.6045586078322669,0.03645933842565796,0.30761594103658285,75.84946140491473,76.41224138068665,0.5627799757719174
198.10572462861248,180.37944646914303,0.27289415196539035,0.08177873906588679,0.4434616622415747,30.230850905913712,30.4761607540716,0.2453098481578877
177.7052766115645,183.61173738112478,1.1731925680783295,0.034117088080798545,0.37815851338520445,29.384495495521364,29.05847831340577,0.32601718211559216
92.96693403230825,178.8958787386965,0.47799501691768825,0.0027230577040366355,0.5563320110451518,0.8975478321827763,1.053193439156395,0.15564560697361873
147.43509186233263,143.95500234178925,1.9579790346689667,0.06113374550258652,0.4596600261209228,45.39217754550489,45.27792655767374,0.11425098783115573
159.8478673273027,112.87249868394318,0.1087537949292158,0.04459898294585747,0.21387424624289328,47.52151005179597,47.67432674740857,0.15281669561260003
130.24241274699412,185.79743976782126,1.346300900871422,0.016227403681866714,0.1449444513042866,0.2296114060583352,0.26875358039577435,0.03914217433743916
94.19841332831123,55.76096028114743,1.1142629449515271,0.048920256607864546,0.38109153154583364,42.33626184400251,43.1362036449825,0.7999418009799939
114.26261924553363,174.9318639140643,0.5396942448427268,0.05482994507848371,0.5038135188614877,3.706035771286313,3.7997940645934527,0.0937582933071397
63.415404369993524,134.24579595217932,1.4354018440422889,0.030750000940081835,0.1528279282677155,0.0002216804352381998,0.0,0.0002216804352381998
171.81844417805888,146.44705895043228,1.6785436999013097,0.02856319961394063,0.4354046458244999,52.94247635119518,52.996354333381205,0.05387798218602313
98.92439630053491,52.58237559863852,0.1174381578800565,0.027427133265831516,0.32757304499790707,46.51111565077742,46.37245152242494,0.138664128352481
165.50493241852422,111.47429684072112,1.9801806511429931,0.033096175978553015,0.18901126633879536,61.68884958198613,62.97373350338749,1.2848839214013594
90.94005901246985,86.64231735969892,0.4854601038072976,0.09910842401093041,0.10877160833270208,8.683673406522502,8.828297330326254,0.14462392380375277
146.90175859562595,114.07378654529873,1.784848552817011,0.010023076960043842,0.3489405347241482,45.10626594318266,45.04181141623178,0.0644545269508825
135.3133728985054,103.50801745883408,1.0913866956885934,0.04132410206346787,0.2693082908266883,38.53423155200184,38.190015104091216,0.34421644791062533
149.88720509037398,112.04076711032516,0.4416926817487952,0.09840959742412532,0.5048647746839171,46.146401699670704,45.899476606151794,0.2469250935189109
154.4174536419519,195.5669764315254,1.999317939024708,0.05005189192861173,0.585735920883303,42.63041413397023,42.91913955629589,0.2887254223256619
190.30159847143273,137.49811993348084,0.20598834749763273,0.04863415252598141,0.31618415676801226,54.25029641289237,54.21755843071816,0.03273798217421131
154.401122331503,96.09913957797832,0.9463273752189344,0.05779902879703894,0.2876479904820385,63.79052935972446,62.83463684606663,0.9558925136578296
54.45758200346499,146.47860277970193,0.6440882072567861,0.031459750321660485,0.48416953379937344,0.06899604389603886,0.12631269880000673,0.05731665490396787
193.63326445847738,56.70956915272487,0.5496830452013767,0.0625113928978666,0.3881035104757169,138.83925510441745,138.10090743237356,0.7383476720438864
152.07397929038535,71.69379955069941,1.523886449101056,0.09993407677799432,0.2544540598309212,90.52511481761789,89.576157865852,0.9489569517658936
160.93848886942487,56.97877948331886,1.6908927688520032,0.01656454488151411,0.4945024832762025,106.71534020596967,106.65158135933328,0.06375884663638942
190.11270715695835,93.40542764848955,1.9807237979666168,0.06831379024036748,0.18771787657988895,108.53425565034237,108.20392573320075,0.33032991714162563
81.10593128590722,188.56168556587937,0.12301842000077379,0.04983602534867149,0.2952495489061723,4.652516894028243e-16,0.0,4.652516894028243e-16
134.53541455418605,182.98565504565994,0.5178076976251473,0.01175129493681827,0.31070196958318064,1.428691375451347,1.3703971787168712,0.05829419673447589
73.46432420500479,133.66837852459832,1.0715926912799139,0.005385685030919774,0.42426884931972697,1.7461811418123379,1.167395298524017,0.5787858432883208
140.75293399317127,175.50841325089422,0.9426434218465485,0.03794674993154787,0.5866145221156428,22.22552370783066,22.26283977011594,0.03731606228527795
159.08389958128083,66.72239270130726,0.13082991079807216,0.00398718725773517,0.30477216306761834,92.39630309624361,91.0267333785367,1.3695697177069093
109.04127286508145,151.4588000391478,0.3009225750955255,0.0877180408127921,0.17035778141337568,0.0019351775426207918,0.004679691191405766,0.002744513648784974
150.17922169812527,62.15015180152218,0.6400430874108072,0.01802625035053168,0.4328512691918085,88.79307266581296,89.05314950380121,0.260076837988251
134.09608358522433,113.0696868850544,0.3464551949940922,0.08296998902747153,0.5921483158785052,31.638957616847378,30.987207083060706,0.6517505337866716
144.67172972795058,69.99551661969913,0.7943222904038576,0.08795005746348143,0.5210493418668869,80.18100235146568,79.67368062794563,0.5073217235200502
192.65463014451836,63.59363092037698,0.38836588514467446,0.017652392503950565,0.4456091040497049,129.49568196631884,129.65834249959966,0.16266053328081398
126.59872775700707,87.30303795665526,0.8625418877481376,0.008827154597563992,0.5368433787297099,46.561828109776656,48.14579717876636,1.5839690689897026
156.0900791293011,74.7499298151917,1.4439913906754527,0.08018399437818778,0.18505111872327987,89.51314107034057,88.915308260433,0.5978328099075725
130.02937166530768,88.34615078100431,1.1420172288527608,0.022767477867448194,0.3507768592159872,46.63873479263482,46.65233314739634,0.013598354761519715
175.69703279830748,155.73911423432787,0.42073946927841005,0.019172000021633842,0.26261416448750263,24.849541358341426,25.03659127213779,0.18704991379636482
198.23739147964608,113.5463266419141,1.6474872049006708,0.07416805698091485,0.4714525610043311,103.18611717496553,103.17307786856476,0.013039306400770556
150.84501842607887,127.27616468947521,0.3094781739373651,0.06393067265653367,0.14286358457142498,26.09314545262083,26.329260146492857,0.23611469387202533
72.45204569996729,186.02160640216866,1.9589796942320004,0.07909604932162417,0.573971999386666,7.087994363775879,7.289510279801558,0.20151591602567898
123.12524361318502,141.03997784793592,0.23008997529262587,0.04029753396536854,0.20563362001889338,0.6099302306438972,0.5859218468508018,0.024008383793095334
139.30891691649117,75.90336957708331,0.2891653372151307,0.009131150571825375,0.2869040865326624,63.60583806185153,63.42941377491715,0.1764242869343775
122.16846526447246,51.766689714806,1.8324863170086723,0.03157688379328958,0.582593737465692,76.81854293971432,76.32289312242625,0.49564981728806856
129.35590902333354,113.18740192358072,0.13498886155727818,0.08936155816376257,0.4806893266068383,19.96566938827253,20.554561116721946,0.5888917284494148
194.34568003627498,69.49297634719845,1.714026746392036,0.00307532178787171,0.3654619975867267,125.51430523711166,124.71689326018654,0.7974119769251189
109.62875368324895,98.73231952018816,1.0193558489521335,0.055017720792719264,0.3774261456943224,24.801351340270145,23.958725936295025,0.84262540397512
86.29222863966362,75.75467273830512,1.7599523122187415,0.04315317179276491,0.2256258997863317,19.448896568776135,19.406276661792532,0.04261990698360307
96.38745895042342,73.08024340341827,1.9012220024540532,0.07451087254603636,0.5206098967076525,42.36450763066849,41.61761196014752,0.7468956705209706
150.30498306123965,88.11678998672818,1.6051931546369995,0.005248733813776008,0.4192111139291639,67.68807644656526,67.70460776138077,0.01653131481550929
195.62489747857032,69.09893899781254,0.1354339245112624,0.0040373550025164405,0.3628858035951418,126.56373109566597,125.80639004022805,0.7573410554379194
182.9240257336686,144.62214084438796,1.7451443491382201,0.09284064537216485,0.5699321202931933,80.56866289271969,80.00160856614673,0.5670543265729577
116.59148702867724,126.4080808608416,0.08576138212492115,0.05076517819409851,0.300583994066702,1.132686109621872,1.065592304091723,0.0670938055301491
114.78395521779747,141.35104688653558,1.8596931846560925,0.06329884117613555,0.5370326735831331,29.169847186932756,29.266690055991592,0.0968428690588361
68.93978119186394,84.14356834324765,1.3773479922489527,0.05637381485942196,0.44371999952829166,11.018937569674122,10.467242141979042,0.5516954276950798
65.71280406224547,74.53316611970632,0.9636762217020758,0.02411675908976754,0.4372714662061523,8.547226887408723,9.047620224982786,0.5003933375740637
170.34118482081675,139.37974047631394,0.2704550231362722,0.020142371283785113,0.511845724012478,36.83773217338545,36.56410032038377,0.2736318530016746
87.01342089158145,109.51495749756987,0.16113977146286423,0.09629896177728751,0.3710390612772111,0.4831322335041701,0.0,0.4831322335041701
176.23828951296048,53.29814339654033,0.895698013984429,0.029495688719439184,0.11717709783512384,124.32980433712963,124.5745854743771,0.24478113724747175
123.82014710566995,110.62141445784962,1.6709778062329261,0.0428741462349595,0.5635914696531631,43.645528231398934,43.95886057630778,0.31333234490884365
133.29487043265323,94.0219940349977,0.42276366910535246,0.09070602520245853,0.1368602938696409,42.8101166637224,43.16527217662928,0.3551555129068831
114.2751113442762,120.59885008620836,1.4813778738643426,0.06484673262974693,0.5431218462656028,31.403127861884442,31.33220506821764,0.07092279366680287
144.13132822329578,195.10416105813107,0.8646100317324317,0.05567810944796208,0.5906940122702797,18.4640837167875,18.117979733491907,0.3461039832955919
107.51613219167425,92.04430946429915,0.8873736269242705,0.013123137483518267,0.1543823391224535,17.431969112261598,17.348280661669012,0.0836884505925859
108.15167723123382,147.85480786943629,0.6831511607847818,0.0334132304535693,0.28847922064855436,1.6114270961456452,1.8964082605626338,0.2849811644169886
196.6909666512374,155.2068002952518,1.3807435837466742,0.034813005675950706,0.11080409516081288,48.880102921996155,48.74165868784847,0.13844423414768414
147.7538904795819,137.30804832453128,1.2347491308134597,0.08043217421362275,0.43412970188907074,39.24918442416838,39.21367266555112,0.035511758617253975
96.01509436032347,94.10605200403967,1.98585133080883,0.0599542353073267,0.26764586078136643,20.556418622555128,21.137382060042192,0.580963437487064
71.4654640953003,131.3261357439248,0.443626377621229,0.007920454190152304,0.3784588844354112,0.0659013544425553,0.0,0.0659013544425553
144.11691351610745,73.63052439340792,0.5872674062079565,0.06643910664207682,0.34650441857626113,73.33446768017482,73.29554930084973,0.03891837932509645
122.00464991393254,107.1508393302421,1.442721656405337,0.07870531692642435,0.5332573952588836,42.39075668146194,41.964856080775235,0.42590060068670255
64.42811114563271,143.2099275355385,0.5251364286994832,0.05936799683980857,0.35813169939193057,0.010805159889132832,0.0,0.010805159889132832
187.88160244605106,123.76283932896258,0.9586508455288447,0.0029032838450015587,0.10616203940877475,64.46283867990576,64.46547051659286,0.0026318366871009857
103.3852632222205,153.2315171388786,0.6757295255959442,0.07991889997933203,0.2827170114359121,0.9075335836258542,0.8074684356168618,0.10006514800899247
159.29475658155928,100.05707097567037,0.3771706120345403,0.059868885765124315,0.4464246856893537,61.983764664416384,62.47185777716566,0.4880931127492758
180.16084306640167,173.28959224843976,1.6832963864845556,0.042292260047756706,0.5188415666835677,54.97611738331784,55.81773431243039,0.841616929112547
187.14914364309692,159.4032059648884,1.3128024702253713,0.04805888576276318,0.2011042353456369,40.87729100131308,40.495851662558465,0.38143933875461755
104.21326888379681,110.25080088765867,1.0888506669967992,0.009907099351026261,0.49986005494895946,19.59574188436693,19.137581485278872,0.45816039908805806
92.75794594421262,69.30988595549769,1.927688084076447,0.09443190297623108,0.24609462947854335,35.92008485555502,35.97040796207666,0.0503231065216454
89.9694976251269,161.8145064897813,1.159711683785437,0.02427527321690324,0.3994702755033098,2.2979441554080235,2.462154805874576,0.16421065046655237
123.83620792679098,89.64037036178351,0.43959604850756623,0.09053523993532733,0.5917602484992567,41.53355382390693,40.52266608882683,1.0108877350800967
114.12971219711297,194.54840829648856,0.27199915564873656,0.07010739523489244,0.15020728213740023,4.393298704953253e-11,0.0,4.393298704953253e-11
103.17689842675352,93.24813345828247,1.9488004435702528,0.02621842091123827,0.46537552543119876,32.352226989339094,32.968439308727454,0.6162123193883602
69.01603756303389,86.75055928696341,1.9871117363200228,0.04579177053340359,0.4441155222083163,13.540924120635918,13.658782088232684,0.11785796759676614
61.23818390393321,86.12337183765324,0.5689820410363876,0.015103558255472715,0.3958531938392683,1.4326398862940497,0.8973084254301753,0.5353314608638744
91.22926794585482,114.09570761993604,0.9526487858201218,0.02741177027067128,0.13748450414911986,0.42116859308445154,0.45322805626635443,0.03205946318190289
172.3180904788476,188.1855043249075,1.8196485848366695,0.02231134905938974,0.18893151361106855,14.015669316050705,13.996595868027658,0.01907344802304678
123.23778354219492,136.67285416549183,1.4813449210155487,0.03050851908583301,0.10794049424652705,3.5926325756280235,3.771701454534444,0.17906887890642054
67.83649003938129,133.16778857735954,1.335689878607393,0.09643217762546454,0.15768875840794214,0.006308505456123395,0.0,0.006308505456123395
97.77331544798466,125.03867799572028,0.9225346927193211,0.0038601505254880044,0.3343836816784699,4.5771727642426185,4.45989276412628,0.1172800001163381
158.26103785031566,79.5594213833501,1.332803484226864,0.08039997302990456,0.5012784109640444,89.10833176425989,88.82309861808082,0.2852331461790669
68.62379524132882,193.89884240908617,0.9263502112380542,0.06344150006627733,0.38162782790699035,0.047739770128971626,0.14929847109421246,0.10155870096524083
168.83803955261249,118.32676973123165,1.1775502010690224,0.07730759274229214,0.26610529930802174,61.826974471553385,61.74601875319513,0.0809557183582541
53.66444425044364,103.45794480961705,0.4929893153416098,0.06894029566208996,0.49132127111042734,0.35286152283019856,0.6465225640099845,0.293661041179786
189.34430358514035,110.13993645281565,1.1042153137137602,0.03391339514203983,0.523737926065825,88.98524769904226,88.04511432239647,0.9401333766457896
149.94948679307322,72.22576212785778,1.7299661847824959,0.09473773963780638,0.3144660336090451,88.8537824949833,87.91090340480042,0.9428790901828847
156.84084054882146,92.69964489810826,0.5345962000564748,0.0018266013652906033,0.5356312275116063,66.15599475515155,65.87576277548604,0.2802319796655155
87.09006246191666,131.8117877868807,1.1227813732016843,0.07766512611950836,0.5847078612982074,11.732079204584103,11.338437027530421,0.39364217705368176
186.20993200827542,137.16914207912745,0.9086023097142207,0.09399260908701898,0.333157200309223,62.80431271064276,61.78095098838979,1.0233617222529716
173.5939078768949,142.5140222608232,0.39836461391963884,0.05022384990099454,0.4386976248268345,39.19701014692866,38.617640748139856,0.5793693987888062
156.94254261804485,110.73692406605979,0.2398856301614402,0.0645583005052801,0.49706281864,48.844151230102895,49.362833079487416,0.5186818493845209
122.28981722282788,53.062036033639366,1.611652803097205,0.04060047227158408,0.17832207293164484,72.58881664505465,72.55318993207163,0.03562671298301723
128.05884611248368,162.5964232051782,0.6804494827711765,0.03495654874708163,0.1971417578705921,1.004846383007509,1.116736235204698,0.11188985219718894
123.40387949350819,176.62637206765453,1.950086351598521,0.05094336832854415,0.46532655866396744,20.5455116465169,20.316197727807356,0.22931391870954343
76.22236193554501,139.51401408049085,0.33712040725720777,0.0012919620891149288,0.2878446790462923,0.0006334481611315612,0.0,0.0006334481611315612
163.1525498156135,66.91637190622028,1.9168101348391462,0.05468904964809482,0.15787082697919388,102.89577884858207,101.68441663601774,1.2113622125643246
184.05704438136323,96.97322994396703,1.1606542352463411,0.07642139733878417,0.17772066729187933,95.31518804573822,94.67314351694681,0.6420445287914163
54.065735888141276,118.43318525473153,1.574864654932159,0.010849359727727404,0.4133835046303963,1.235986251940977,0.8405204006796865,0.3954658512612905
87.16139058613672,168.5362042227871,0.8518683203734125,0.0793497440833758,0.40654870501504503,1.0644035128584752,0.9280290600606875,0.1363744527977877
72.34607543395151,178.53305266962926,1.73620587681464,0.00976985348495384,0.11877630767720923,2.1791357371511123e-08,0.0,2.1791357371511123e-08
99.46183058695249,165.22217625204894,0.3104037285284918,0.0288907151201096,0.15199455592481412,3.4169446069624675e-09,0.0,3.4169446069624675e-09
123.22642597615389,63.23355001425857,0.25384539072677903,0.08510852901529944,0.19577527034641654,61.34434792123801,61.44077641342873,0.09642849219071792
163.3453584024149,154.2827112099996,1.0691582916559894,0.06531067174298529,0.35441505514787675,33.37578256726404,33.6939432448563,0.3181606775922603
126.15154961926667,53.16390563013233,1.470725362192077,0.02789605972059918,0.5006016700590624,76.5343785008259,75.46789272004293,1.066485780782969
186.4905759376192,61.09310767108015,1.9457532403938147,0.01612498074257218,0.15953060544451095,127.28452116544406,126.59754470156838,0.6869764638756806
117.2454304637836,89.11393690129535,0.6228819881032392,0.0007251808510447933,0.5871028761865132,36.133791784676156,35.438949931210004,0.6948418534661513
122.62495799600947,170.08795147698788,0.5102166807298791,0.07234417638786243,0.28685350074318483,1.0228741223240014,0.6279765890934357,0.39489753323056576
106.51137204038366,192.31888236804738,1.2157841956430548,0.0951310125380454,0.4848471252520027,7.2410526794612124,7.641731314687213,0.4006786352260008
173.4686914925142,191.12018599342278,0.7136209592732524,0.012367048043089357,0.41212020414277706,17.87886858426195,17.750715139142546,0.12815344511940552
164.81937517315507,180.61625919942801,0.8441719483220168,0.04747915298658817,0.2553315657141024,11.822422579272548,11.20766423886306,0.6147583404094874
163.22557352831174,94.3373671458778,0.21659196195416952,0.010426883646896824,0.27164850944291286,69.10103745108879,68.51101496003037,0.59002249105842
82.14499266817072,106.28057733221664,1.3728739618364634,0.09701221481137108,0.1202273993544746,1.2734609137741906,0.9858086022976451,0.28765231147654546
104.19111992718472,50.59662379512351,1.8387972806754005,0.029349236315973627,0.5866759393003077,60.91917915589301,60.22535768773106,0.6938214681619499
64.92723775531154,56.14424807885063,1.151308255957505,0.017055539546893473,0.42971076548585296,16.55376550494712,16.243554615971902,0.31021088897521665
181.75743157803433,98.54877999101527,0.9060938660416299,0.06975193763068409,0.42442539687603487,90.25532327036858,89.70385729269496,0.5514659776736153
106.4334109958116,119.6543263911724,0.30167649463849455,0.06260268016233755,0.5294434342382287,8.17271627554819,7.735028308999439,0.43768796654875075
97.22565008678971,128.68983451013463,1.803819149099674,0.0766003956649905,0.3206379014173908,11.360382550363305,11.21777985992885,0.14260269043445462
74.69454247973243,71.78689746078774,1.6241223858585028,0.08433488379541285,0.2725167678331142,16.694749870861735,16.30569086833551,0.38905900252622416
159.06854979757236,68.25625955895103,1.4054567428338107,0.053958357032292126,0.21139529167368307,95.79788249632983,94.98826305832563,0.809619438004205
169.70641017282628,133.3233935948091,0.7203044099803224,0.048105367171710704,0.3978744329799111,46.695900736891616,46.422588304952725,0.27331243193889065
99.3415475714739,162.88949967564793,1.0147192301594439,0.09484185000116148,0.27012906940099923,1.0428425042214027,0.5621097434406295,0.4807327607807732
115.87974151721106,176.40332748792383,0.3937444002979549,0.011483847739405684,0.10854759508795561,7.881874883138557e-10,0.0,7.881874883138557e-10
105.46335238488373,60.73442656790439,0.9632427599559874,0.018147432209401838,0.5597778279076637,49.08772851033264,48.87559158441709,0.21213692591555144
126.09025489579948,79.92957249107221,0.2970272256454222,0.03941087541432684,0.1374155429833804,47.09089103067706,47.15587373021893,0.06498269954187208
82.47442440596329,127.55108254104657,0.4824941087998408,0.004501150858108538,0.28042795258744535,0.08986804879913657,0.0,0.08986804879913657
93.17921007361738,112.25318730649474,0.3566846687965367,0.04092083753514926,0.517163094299399,5.645210880443884,5.119883980827616,0.5253268996162674
96.9200185849271,98.70915470557424,1.0496872966650057,0.021246539730869464,0.39111308570237446,15.554610761031839,14.886073733397417,0.6685370276344216
163.54688310612863,137.86327256659234,0.1610305797084588,0.0695165142874004,0.17822499021030155,27.2368641168012,26.9920529609311,0.24481115587009938
179.13794186814883,170.40623484409525,1.1293217077776545,0.012049273197877842,0.5516259103878375,45.77549584658132,45.82061902026895,0.04512317368762808
95.48648328599641,104.65403966511852,1.9663532939566386,0.098215479136256,0.38000438459136876,24.036085198627873,23.10421661721828,0.9318685814095922
168.73628272005146,148.3760332835963,1.5668471472099001,0.029851815311518193,0.20411051083663387,32.888138848868735,32.47804632879603,0.4100925200727019
173.11036796374708,50.039301062159055,1.1330368644826727,0.07966349932478674,0.5641106184055124,127.62949787756784,126.59291018749782,1.0365876900700215
84.46667344146218,91.44313655966417,1.1142059826204362,0.0724181856506138,0.44273556252971646,15.651531048268666,15.909192113839545,0.2576610655708791
192.09796935944067,50.39759967374273,0.9734449837712961,0.03929263105286094,0.556283206336594,143.6921317798719,143.1850534782382,0.5070783016336975
108.75611402215767,193.59400675100068,1.9218913882552708,0.09309419615730984,0.29333014832167714,4.625571010969981,4.051036938009336,0.5745340729606454
101.28549587140347,128.38653939000523,1.0269163400983061,0.07416382459394792,0.21993863011138262,3.354781764991767,3.2148040664425643,0.1399776985492025
187.50505861429474,71.54613121117606,1.1332426728946703,0.04340733285218221,0.25092317947561193,119.39372558270018,119.19889881619085,0.19482676650933684
79.91418094105367,79.96976956741965,1.7229692636552438,0.01029457521102174,0.4364566298587277,18.54864830472944,18.209865665794318,0.33878263893512184
57.41887057190235,85.34804382514443,0.2623511248630979,0.047774985562443445,0.3160199765213505,0.03330094286657159,0.0,0.03330094286657159
156.8812342917683,64.65209018250583,0.3155808103061245,0.02467074463451532,0.12552584030466477,92.73054590767005,92.03203523260265,0.6985106750673964
170.16141989117637,191.81567021375147,0.6116246457181987,0.084011408183323,0.3229460198720425,12.323255580113198,11.824492424564756,0.49876315554844197
130.3243530891719,137.53399301484336,1.7986769576260824,0.0020708841560156954,0.5005420557190243,31.883243327003825,31.82248964173935,0.06075368526447633
97.43490652793527,61.21078139335593,0.8629443980532836,0.0423447050599902,0.4607743904080561,40.32151756554154,40.51274986580207,0.1912323002605305
97.7249644045913,158.24299337827114,1.6936314621924582,0.0918166981193924,0.39400698292181113,9.203112118687685,9.385290216683654,0.18217809799596907
169.9198673640429,69.82564503954909,0.7366372989408476,0.09537419360538936,0.20199505780862584,104.83154451365259,104.07827834251995,0.7532661711326369
176.33904129785992,125.19049117907076,0.8583141075999953,0.027281049049951024,0.2104600956578976,54.38058997177083,54.46582064397539,0.08523067220455971
187.78781736036967,197.24351710622483,1.1111017124013012,0.017216757716313116,0.4397211052012624,32.15246164251852,31.569145215950154,0.5833164265683628
62.65173416574669,119.98623339809852,0.4267807999324614,0.08446783041195463,0.4885044289052781,0.28003189820637253,0.3930508559674877,0.11301895776111515
82.33767074389081,107.59189426240395,1.731777960923322,0.07670203121502213,0.2237733900003874,5.450078291947701,5.332070753477865,0.11800753846983625
144.36515019136803,125.20269724484102,1.653896253322744,0.08846064709038523,0.11415325533820705,36.37311840210194,35.043601011756806,1.3295173903451314
170.34713090931552,97.29817813278737,1.995726925075191,0.07427820498155988,0.1902125066777969,86.49581552843377,86.35817109367028,0.1376444347634873
116.43295553054399,130.02623351373748,0.29260993999611895,0.0014686661330322705,0.2019607120933429,1.1042065623293347,0.44980835378630957,0.6543982085430251
139.18793289542197,176.4588278805919,0.7844402640199253,0.06229149870611849,0.3855666464601185,9.449073831357168,9.756563027265774,0.30748919590860524
138.22195221711053,86.64642111077131,0.641860273381092,0.04825979466970242,0.40230894250481564,55.127428140589345,54.58190962090858,0.5455185196807619
149.40510553258608,129.84011930240987,0.9273330706440276,0.03685029341367287,0.5402831602233659,41.705172114016534,42.799127408274536,1.0939552942580022
95.48031149518874,73.50262533929784,1.203547937116301,0.05037607188130458,0.42618977667888114,31.747109372052833,32.21647551125254,0.4693661391997068
51.71436578473237,165.6444676031728,0.4111793450121134,0.06835003408678463,0.29217851618668367,1.781128387212121e-09,0.0,1.781128387212121e-09
108.70161997485434,78.59219677633692,0.9356399941970637,0.030269811454979745,0.539598725681686,39.25142454926847,39.23279623794449,0.018628311323979574
76.62598736554511,50.573442058567494,1.5342266744325952,0.06349536372195107,0.5663366673466791,36.18731999651084,35.87312434345422,0.3141956530566148
85.8067447170624,59.822701471853016,0.8415221723997561,0.06680905052491716,0.507256110379413,32.48014275988658,32.091570726033275,0.38857203385330763
140.69340341452693,168.39286210233985,0.07547520956259329,0.008993112357976575,0.177638145386214,0.0002215919792535638,0.0,0.0002215919792535638
63.09865983242326,167.11559786657165,1.196205534423883,0.09592441716740882,0.5855285841231865,2.4945393027017575,1.8822979413140288,0.6122413613877287
117.107610920618,124.04515076859316,1.5168322100291438,0.06105887282650199,0.5829669349857346,34.32536813782855,34.049635772191365,0.2757323656371824
91.19722139262919,112.70528926870239,0.19941568968850798,0.07095289731540837,0.2200470669433731,0.08148388386565975,0.0,0.08148388386565975
92.94516242374596,133.22879285149196,1.0882268799804822,0.02797432597044506,0.5598167079986042,11.179795738442404,11.17230925769758,0.007486480744823609
174.35230592073486,82.26148578172624,0.7883568351153469,0.011685990223840037,0.16405942020425526,92.8451930458413,92.51661032939725,0.32858271644404624
90.17878671364721,143.2392477433616,1.895822054678082,0.005609490120996386,0.27676967540056396,2.455452716369754,2.235250133214933,0.22020258315482089
67.02621819628304,129.45989328253017,0.754835236674702,0.07336702180065403,0.4121266256809324,0.6097599233425104,0.36120383808537326,0.24855608525713713
193.08044808797774,149.27371988035583,1.5245186624204539,0.09322272063851002,0.40908213503425117,73.1590372048283,72.46797916521132,0.6910580396169763
53.063262644758325,106.87541195072733,0.39913405503488003,0.02650632688439937,0.21590316258715594,4.03825001272924e-07,0.12106451152556019,0.12106410770055892
70.6452177698554,114.54165840801484,0.11112034212034269,0.031000691384061432,0.4496931343922338,0.002479500018414113,0.0,0.002479500018414113
59.070082907960696,126.94447556653472,0.29097711100556645,0.013532073645365895,0.46469842938100947,0.00723087793846014,0.0,0.00723087793846014
159.38053717634307,190.57652985298208,1.4048078887876276,0.06907922076978588,0.1949259060649313,9.437190277730828,9.563616376849414,0.1264260991185857
159.76514946110095,91.61837309525234,0.8397565689562935,0.07489739679489654,0.2648601712756631,73.78015426464162,73.58851912611982,0.19163513852180358
134.6226073531821,58.94372576346336,1.2772239444033902,0.04999621049021972,0.10430887863659974,79.32515538391269,79.2455897351604,0.07956564875229333
198.55826860407237,67.61086120063442,1.5992063631642137,0.021084590183236142,0.18617648595839562,133.1891513795178,132.66499797992708,0.5241533995907162
110.47148786763401,83.1363517149272,0.7967079887911872,0.04323323089934861,0.33686176221304054,32.23685832280037,32.502978691316564,0.2661203685161908
70.47805080850941,144.11784255140398,1.406972857937481,0.05089234308469596,0.411602577487474,2.0352566026512395,2.440537967203504,0.4052813645522644
113.42504458620738,87.40485132733254,1.4938321186267303,0.06647612153152507,0.16213273043485002,34.53916123958096,34.07561730163298,0.463543937947982
126.50242735301595,77.87676793344542,0.12287539226263453,0.06083224527888579,0.11934691358233959,49.20560142289973,48.47532997947101,0.7302714434287196
194.17562295868706,187.81164004225252,0.6359629261233625,0.015990816800095554,0.4130910903622004,29.210153554130443,28.664014363608185,0.5461391905222577
133.9982299529326,170.45573926506353,0.30200101638170523,0.002260906502611204,0.4095375289872324,2.483030805839526,2.632665895480436,0.14963508964090977
65.41651412576022,52.520056299782155,0.24874762798010486,0.09408054109132047,0.3167226664364281,14.356404860800922,13.96509199556532,0.3913128652356015
175.74189140914052,53.985981548821464,0.5036558599310079,0.009527131389376386,0.5418142075906149,122.02482143515881,121.65809219493245,0.36672924022636266
95.11432222065125,191.22471344499345,0.7837508653084114,0.0689903881135919,0.39122930980947046,0.5505277216204529,1.1012692325066311,0.5507415108861782
54.65210094889909,73.71432130724318,0.10370244444851798,0.02950794844275958,0.16913060693555407,1.614884940872961e-08,0.0,1.614884940872961e-08
166.3588721033417,86.80295920242948,0.7128811083520245,0.04927155460198271,0.5062683392100404,83.69459166051931,83.96415037966345,0.2695587191441433
89.67006928280702,176.92382652758312,1.131889271461382,0.0744510059391032,0.4030827632674371,1.917495754562978,2.2019085282397164,0.28441277367673834
102.1796646215605,159.59370133861015,0.643638945501036,0.09978121014651656,0.12936557567228038,0.0003647768528648905,0.0,0.0003647768528648905
71.70979739460894,181.0794810004584,0.6391764657459952,0.07219971340632596,0.14883977867022033,1.207294915482899e-13,0.0,1.207294915482899e-13
174.06774664786124,89.03179485707997,1.7260264504637062,0.029481939909365918,0.5610114191015811,96.88886976010865,97.16113075269323,0.27226099258457737
126.56999600702414,95.51520033452114,1.28056000741882,0.012013539647135918,0.25839548137895396,35.07672706642862,36.21550000711498,1.1387729406863656
72.19113418796536,98.35926850594831,1.426071938903525,0.08902236273594048,0.13362445186696867,0.7934811737747616,0.6287874152476505,0.1646937585271111
68.87105274684279,193.01651569341888,1.1180144944720904,0.06003589912735757,0.24658248788850443,0.0007630708455974838,0.0,0.0007630708455974838
189.27892625859937,134.20923838077562,1.6780507250250392,0.019253752961661666,0.5875328659252596,82.30336486936159,81.91442419591547,0.3889406734461147
166.06726097632608,198.75158194862496,0.10673461675447132,0.03595728726082236,0.4045088847382693,1.020679721108177,0.4494795152083384,0.5712002058998387
67.0752465793226,85.72755033571374,0.4456925230231544,0.0440789996560294,0.5029727952439067,3.7456745853336173,3.724930640739707,0.020743944593910157
167.4286574968138,146.49380416358406,0.9912895954939249,0.08314970803164595,0.5218178177850497,49.813976714009655,50.458605866262324,0.6446291522526693
105.00313418861415,161.14061261058015,0.1648883329092299,0.07389310735953411,0.22161091207721498,4.36738517562018e-06,0.0,4.36738517562018e-06
161.77061280130778,108.01785806154439,1.9822697349121514,0.010739746668258145,0.4739658446251872,69.46500938036542,69.8056010144629,0.3405916340974784
60.095610600349474,166.66107212144632,1.2367465802323911,0.03888949640567579,0.41836788832671357,0.2966378685047937,0.060132283453370405,0.23650558505142327
67.09558805610475,79.62940886604694,0.5117039855076723,0.03492376534457309,0.2532285034157058,1.4478424665336576,1.1333010440795839,0.3145414224540737
117.7528243708617,85.85549816260087,0.779917748371863,0.07187814980033051,0.2565140362338971,37.041521176546155,36.663821567936665,0.3776996086094897
139.35706620285913,59.127245177171005,1.137187061992882,0.029010478437367482,0.11298645660510351,82.1486239831914,81.98492828908206,0.16369569410933593
76.95230230694527,173.8245949651129,0.5687574258291707,0.034528711561002644,0.4898430731170852,0.2331613026428898,0.0,0.2331613026428898
158.08218187839753,57.078320250082925,1.725117762039799,0.050995084483616886,0.4062474754811054,106.13823966437562,105.7177850591885,0.42045460518711764
166.50801841573644,53.349215992838104,1.3173632977523801,0.008223871395777361,0.40208387723669536,113.82119333771988,112.88157705926052,0.9396162784593542
112.49989970598202,52.78940473886905,1.5520971102484606,0.0015592480605939652,0.5922981106625682,64.12673369645825,63.19544586765252,0.931287828805722
156.2630218975078,78.88461267977806,1.7285820884604226,0.09428961237430351,0.4566036253274981,91.37614658812123,90.90880952385722,0.4673370642640151
73.6224303463526,50.51796606132924,0.542546106482172,0.042161116777842504,0.5014201913003654,25.8136691439814,26.501900488774748,0.6882313447933477
150.30504681955557,121.70496924279873,1.5498643338947162,0.07275627207326472,0.10669115496826911,41.619426743829976,41.82201601397576,0.20258927014578632
115.44749895413948,55.227945460385655,0.12124786750069738,0.08266454676684559,0.40758641674555995,60.7703329946991,60.14980388420234,0.6205291104967614
64.05185113084698,170.34643102263325,1.0630759225710957,0.07432197353314585,0.17663639445697918,1.3628550608916235e-06,0.017020232416427916,0.017018869561367025
104.72647357399399,198.73939524096684,0.15209911832168477,0.09315627244052196,0.34713853423172203,7.147660669736791e-06,0.0,7.147660669736791e-06
195.88111143340947,98.62755196911453,0.09310039642312753,0.07614000064305369,0.18167847719848637,97.9502249343258,97.6336823636771,0.31654257064870706
97.1971512748656,198.95736603123729,1.687495370308861,0.04657885032337975,0.37588020253801335,2.8740263565396074,2.781575386199826,0.09245097033978134
119.58824669657704,188.72620825634695,0.8097319917192335,0.08700103680178084,0.21208450102107443,0.221007349754355,0.14661596803565402,0.07439138171870097
163.3309313710141,50.64124807965594,1.2627833002084508,0.02253107133008202,0.11531587009367164,114.11021678589904,113.43183314833563,0.6783836375634138
58.48736054882604,165.9158016790309,0.8858827067385909,0.09460224167098215,0.2828513737118753,0.0009690217703535765,0.0,0.0009690217703535765
106.26320384983177,143.14923702345266,0.10605814203824221,0.01855247744535529,0.45169499588368556,0.14860922115741637,0.014130227532824335,0.13447899362459204
190.93602648295467,156.41105174559488,0.7965705174433281,0.06859781583800519,0.21709004716765382,44.285413588718086,44.58900747534303,0.30359388662494524
123.34641943609635,103.53014303612011,0.3577550035257106,0.060122493435519155,0.44166547341476514,25.911308716475816,26.061664187402066,0.15035547092625023
153.21017228473676,125.00905218628759,1.0397655923469449,0.08170130365661861,0.48693028413172534,49.65494429186873,49.59505639784561,0.059887894023120225
129.4469694501767,96.85947970727614,1.2159592359698064,0.0009764686643961352,0.5546087145962889,46.424695708693335,47.079750171177054,0.6550544624837187
192.06382237535095,145.08249165796354,1.816974532412341,0.005784066823724599,0.5743773745198685,78.14561256940941,78.01525358871552,0.13035898069388452
93.88496324660898,138.32559860677395,1.7530045377624603,0.07191286365636503,0.3417561692632266,8.349891989499667,8.38947903512312,0.03958704562345261
51.30814313346681,62.0125772150866,1.8525165985719543,0.018536404478945525,0.17052112175195047,1.931574929269809,1.3694620462405247,0.5621128830292843
112.25283462375894,92.11929411809746,1.9493852757594936,0.06115652670592373,0.2708593659788763,34.514568792078286,34.64796722307248,0.13339843099419113
99.7211485488686,116.3154488704611,1.2468310329516001,0.09623712540292781,0.11453010857330523,3.631610758213199,3.716695307266516,0.08508454905331675
174.01795707221407,66.93835931157764,1.8241554457811173,0.03996351196931097,0.34845074521222286,112.03004489394432,111.82027025151751,0.2097746424268081
108.23880425186769,72.79789355238097,0.8707016520915103,0.01723848311626678,0.20476651250697528,36.618629503975484,36.03614088228281,0.5824886216926757
58.07695406672116,154.12631976540501,0.6477807580360097,0.02037679046120924,0.5894200828512381,0.3419632502026895,0.35895666402223725,0.016993413819547776
69.63175930979637,132.36910952494043,0.5049173689092314,0.029071651194851045,0.13496392309915303,3.970721266611834e-11,0.061719499822864066,0.061719499783156856
101.97579680678378,147.30190938020496,0.6361198557900778,0.09062055092945559,0.3838858802753343,2.9420985883178616,3.050898838621336,0.1088002503034744
129.65085005926252,163.13790302742046,1.937413745141192,0.07836394791289154,0.2844644399157099,16.32066714092985,15.462706408865827,0.8579607320640221
103.92813022042537,173.94704769879291,0.6839342473773464,0.02938341493567125,0.5305013905947966,3.7294902504512972,3.825314287969146,0.09582403751784874
106.02032411464302,164.872504117681,0.7886334152646721,0.039096451953590905,0.4370339739918394,3.7177036252366413,3.6641986402170765,0.0535049850195648
118.99711372398859,78.35216804145833,1.8810230400294252,0.051862634449211104,0.379060266429768,51.89055114252478,50.82302940493567,1.0675217375891108
107.84378522896883,114.96720023365971,0.6424986842083378,0.08562552031711283,0.3850720816322297,12.807307414409586,12.202952015164492,0.6043553992450938
194.16039393872992,147.39784803041448,0.5547076305503732,0.0840692866128977,0.24355066114827154,53.93138471806813,54.04071092865726,0.10932621058913128
112.50041164438227,53.526716096083945,0.7315402633847288,0.049159579368538625,0.30817686529881005,60.87337628784957,61.23579923827548,0.3624229504259162
91.1876003993664,99.54883995333918,1.7761759595607052,0.010186221255309425,0.3711145748069269,15.3438969929325,15.289077524132718,0.05481946879978139
162.66217407243067,72.6149445549239,1.5347997596862266,0.025700638111743793,0.21968272181177187,92.86325402007333,92.18242037596443,0.6808336441089011
119.84873554913726,187.38341178996566,1.4674219851052617,0.02249557499858096,0.5680829236772426,16.53471194557636,16.705829751550862,0.17111780597450377
72.50035736490432,151.82215985336074,1.956027877623796,0.08044129224086698,0.1890648233542855,0.12437918285076077,0.12674329475438384,0.0023641119036230673
152.4215462974134,74.50826958626688,1.4850197589628835,0.06998295862251293,0.40646436951468634,86.26707494474553,85.6889248575896,0.5781500871559331
141.54349275557757,160.03225545076032,1.1497903582392603,0.09573587546050548,0.5775357964319383,33.74144051608271,33.49394389462249,0.2474966214602219
50.954295850082886,105.99239733300936,1.4096555181217891,0.06893249510680298,0.2320383435926209,0.06887188976825032,0.0,0.06887188976825032
50.45404848136117,111.31720688482739,0.1985907249098619,0.03655179668262042,0.18650694986235214,1.274999625737254e-21,0.2908084892613374,0.2908084892613374
95.18484407233252,104.26257539765079,1.117463226526809,0.03611730491917558,0.5676214809075448,20.635140583983663,21.580193181335588,0.9450525973519248
176.01265589721987,80.7233136290161,1.2044669341522172,0.026116304950692504,0.24687189342737745,97.80141448473384,97.63609084609189,0.16532363864195077
189.13438265097614,85.13617050830908,1.2393389191356008,0.010465491460918698,0.5656588909375948,108.67759198809496,108.59156873561776,0.08602325247720444
116.07376527947007,72.4843153237442,1.2904810665352797,0.033872083916634446,0.11643771574924491,46.68972032962034,46.49058370497289,0.1991366246474513
159.52452530830405,77.31218897945605,0.20402302245078247,0.09809733801712073,0.23735385755043656,83.74428991583186,83.39995107524382,0.344338840588037
194.8667581388956,136.29951097927204,1.4063269816716395,0.008957237108873263,0.17862437205712436,60.8300741354477,60.45483963176052,0.3752345036871816
111.97708594033918,148.52430242137413,0.763466496321694,0.03380496607213348,0.1481506297522243,0.14634640738062465,0.2813514648968365,0.13500505751621183
188.00538553369577,132.29663423037545,1.2481853711758621,0.008926732255231341,0.5862819465352244,75.33131316419279,75.02274162253084,0.3085715416619479
147.18498801879502,68.61470174632505,0.14140753296201103,0.07662230485896628,0.5330913689979901,79.30997296685841,79.55016359046026,0.24019062360184762
169.1298830979498,108.44671442644828,0.10882378985619778,0.01787327584945535,0.19824489157384875,60.89389660698309,61.04324915766452,0.14935255068142794
91.18553651913773,95.6660176800451,1.2190045754184275,0.03137569360706929,0.29332326205735704,11.347035292343186,11.363377598642995,0.016342306299808484
117.81168682340596,60.37235101173117,0.8284648247208298,0.011252180468556817,0.3116252953566174,58.065733548319635,56.83401775619541,1.231715792124227
83.34933913779196,165.25264413736835,0.3621683498688742,0.0928717779622237,0.36721029955387463,0.011760447739811858,0.16803759835180188,0.15627715061199002
162.7197221253885,185.88087006847852,1.1460748592003094,0.09487230478904002,0.1604351158109996,9.380735764327454,9.370259066913839,0.010476697413615454
176.38557039565757,113.38061794947852,0.8362011690306512,0.01485688123122978,0.29316469613535356,65.09791463796158,64.54400630059966,0.5539083373619178
66.42309885512228,196.0997070503227,1.5757478154747446,0.08994647967801384,0.49626694649702774,1.830616720610382,0.9212189107146571,0.9093978098957249
77.66708344615677,122.19624586514641,0.5753614635181549,0.01564654134066711,0.17405097090943808,0.0012704060560404795,0.0,0.0012704060560404795
132.55331754983104,64.47797836045645,1.1127368339389805,0.0367768234708074,0.14554956375133002,70.66070647532487,70.34748703645738,0.3132194388674918
98.32079052199211,84.34255034147088,1.8099652840140656,0.0863801117438054,0.5302379084466321,38.933960805185784,38.479116569006116,0.4548442361796674
55.686525056570936,88.82451422096685,0.635345467845317,0.00649094885784004,0.32342138109593577,0.2597595781372761,0.17817515146523988,0.08158442667203625
106.63162557787065,87.11802798839403,0.3375368270255375,0.0012443952288149207,0.18877098439296666,19.68403075108216,19.55486238312517,0.12916836795699282
120.54443491402677,134.41693260420976,0.5652821940140131,0.005667725981254957,0.3597372104770421,7.9945025893468085,7.289245850900343,0.7052567384464652
144.86693520361794,66.85382519256876,1.5893989665116328,0.05696486742084222,0.5945059744966453,87.95735398646639,88.27365990560992,0.3163059191435309
77.47709054505144,81.78268903480676,1.748941384814264,0.05480790587457666,0.24349074875983243,11.373152580227362,10.682277926499115,0.6908746537282475
86.88718939938965,93.73739797038559,0.3909525607849492,0.039939339612348135,0.21383672723220667,2.5522426406479433,2.3414404223885263,0.21080221825941692
166.93287766523952,172.61173042940777,1.9451364418161736,0.025400901802363665,0.2835696176113255,27.302499963796507,26.825997933256698,0.4765020305398089
77.84865434260556,54.23387136613832,1.8125996417335817,0.005962003846623232,0.4238182230030544,29.777668689887896,30.288176540213556,0.5105078503256593
147.12335639353788,127.85091454900781,1.1111081925234987,0.011590424296710033,0.5456145455793402,42.444816041194336,42.77350314031014,0.32868709911580396
180.9053766358039,150.54562296289842,0.0761193450957858,0.021008946868441458,0.5817304267982198,32.22534243059303,33.01641494203536,0.79107251144233
85.28845826234675,53.42370035193789,0.4914168402720544,0.05235111616413325,0.11599401370148046,33.22161948999592,32.02502421262392,1.1965952773720048
131.38161065712893,65.36109039074327,0.2220351736813017,0.044331514985868126,0.5780910677037173,66.69730225520844,66.39708240709155,0.30021984811689606
107.75154156807835,182.25102075709924,1.2481332339843842,0.08441198016553368,0.3665746999885905,4.258189109457042,4.561921836680725,0.3037327272236823
59.54101340539263,195.40329980912534,1.0218032816450024,0.05799978421955018,0.5761829823272479,0.5895941886445759,0.0,0.5895941886445759
74.064647273303,66.89829804230662,1.5454300529121738,0.032293015682085625,0.4696868211162526,21.539590422686427,21.036091156122524,0.5034992665639031
149.93038171597976,69.90111902235847,0.9447127339923943,0.0094913969280931,0.5200378377535105,82.03847220790351,82.09941622830183,0.06094402039832403
69.76322493381012,186.6003994435563,1.8319671036701861,0.04836359267652279,0.333705280569463,0.43039885357509045,0.6255729420822718,0.19517408850718132
105.94383221644162,73.91441269495714,1.3906459621528202,0.02803903862606666,0.3615511128099421,38.28576673907924,38.65376125687447,0.36799451779522485
177.52761905613377,169.39659829699102,0.3679021722711173,0.050858808176794,0.35923434244595187,21.215822413744093,20.81310796257536,0.40271445116873394
162.82476002966607,61.40504115512067,1.3019547386039436,0.039439884642119644,0.48433611888953465,105.13837014612919,104.55101077286616,0.5873593732630269
193.71864928417097,79.4969841087688,0.39429450124559207,0.03671331120332795,0.3599157509558103,115.36435621579632,115.23167569041446,0.1326805253818577
116.99996182176517,111.4747353698096,0.9068284775550937,0.08623343278595637,0.25215414239125744,18.890472417074236,18.26456030002406,0.6259121170501771
129.908341409861,144.44830742840202,1.3618667172113186,0.03816246911807051,0.43660680705839916,23.38546743507038,23.76606480585723,0.3805973707868482
82.89374823185784,79.4572754826425,1.3244835927336058,0.0022656555694081427,0.4563292155252576,18.687624486400793,18.24680137836142,0.44082310803937474
101.67625295409857,71.39564267798522,1.1529400545335098,0.0956765757107634,0.258776394851558,38.175466035075836,36.672627266206945,1.502838768868891
113.32211781135871,110.12034412838977,1.1300758196594531,0.038509808220910546,0.46564092988130146,25.54860434324032,25.51226771756679,0.03633662567353113
80.20172300941715,101.64671661633969,0.3515925427898599,0.06830920898132058,0.17305858754340184,0.06334089770742057,0.07648746244968407,0.0131465647422635
198.72294451926356,82.84095994329519,0.6848109336694355,0.08126181685874787,0.5013549924894287,120.58584428297435,119.64241313847623,0.9434311444981205
74.80204522363218,118.71027384796044,0.37074647151803536,0.002307288443807476,0.1494092128883653,3.184664727346248e-07,0.0,3.184664727346248e-07
55.000516234447005,123.66886690724759,1.1775601440978773,0.001393631964145714,0.498424441827515,1.2866222719584899,0.6947913198587585,0.5918309520997314
187.74985522988993,73.13349210170007,0.7625074482758251,0.014621845206850238,0.5544276672477487,115.9337295171137,116.04585727565079,0.11212775853708479
53.563475968577976,190.25402045343395,1.8010183044604162,0.07885821255441051,0.5545307818057774,1.8963418719303773,2.048052826422385,0.15171095449200767
85.27759228294633,160.87980275832922,1.1403669755865957,0.0042612731132243955,0.1311838365473237,1.1542240995927443e-05,0.0,1.1542240995927443e-05
78.51740517801446,55.505565418093326,1.4357559924105483,0.08320595323918553,0.5399304051020134,34.64842884678146,34.11138014694162,0.5370486998398363
72.21621209386876,178.3649881783254,0.43808509620441516,0.024288865125005544,0.2553668799441351,2.1056654968974469e-07,0.0,2.1056654968974469e-07
182.6772481050012,105.07014690317897,0.11815330724593331,0.029193494541871357,0.5800101665088379,77.9903966384939,77.52781678363579,0.46257985485812014
139.01653472137613,87.03504109022515,1.2469641345514069,0.008560361786563752,0.5379437721622045,60.63576985182604,61.02441002390373,0.388640172077686
68.58046622963315,153.87694502460596,0.23583900591080503,0.019560846942134225,0.1287121077325135,1.9813838076636393e-38,0.0,1.9813838076636393e-38
73.82009301955003,124.44450719202297,0.3486578021433581,0.08034305268527642,0.36940704472510955,0.08300710438353631,0.2429538708109007,0.15994676642736438
53.874789018675145,148.14722403825277,1.8799161814357606,0.032218258620741014,0.23035833821623178,0.00995777635077523,0.0,0.00995777635077523
178.7090880942625,66.79443511629117,1.5727225652599008,0.043761485652459256,0.10943628188524232,116.35712888126206,117.03994957718616,0.6828206959241072
96.00745906901119,173.25629135802092,0.6824553956296078,0.06216604229709767,0.27130379893171397,0.06688095450741116,0.0,0.06688095450741116
65.17900501299985,176.1826337637857,0.2987248483975891,0.07575405808540017,0.24087901210466592,1.4302715702393472e-13,0.0,1.4302715702393472e-13
147.9595376479608,73.21674576809296,0.9275576102489926,0.08526847392881753,0.20008656070679473,80.3106307056473,79.78306336380595,0.5275673418413476
174.5887282792421,193.9219020714683,1.222975047188918,0.052154109039940444,0.14089938046471037,7.779520041440691,7.831292187046049,0.05177214560535859
147.8405198347572,98.00451587512325,0.6380762258343818,0.06997984440871023,0.5687843104237963,58.47316286728805,58.56926144927269,0.09609858198463428
107.21312983514784,152.95848657174415,1.1083323719610265,0.0835300692878651,0.13533294447429164,0.2218242509985222,0.0,0.2218242509985222
118.93419082142574,149.777635419788,1.0045534639397042,0.08097573004602851,0.4179686302404415,13.06549781454617,13.092413005305595,0.026915190759424945
162.8522784947578,101.98677002218922,0.41986879299168034,0.09210949630401119,0.1417070046020993,64.73443942324508,64.71594753455692,0.01849188868816043
126.5015873388598,79.50511540281806,1.4155713223945798,0.05092305542743249,0.32875175892010156,53.982515587966745,53.907441162371114,0.0750744255956306
129.02064198819374,69.35441966865419,0.7569791606856899,0.052126686870932186,0.5994599029732764,64.66233466847535,64.33836757855002,0.32396708992533263
194.94453308906282,177.9991271422952,1.186160481931011,0.06880170402314256,0.3963956047675036,48.49730437773081,48.37013397069066,0.12717040704015403
161.99014460826825,56.595772459680376,0.6337440446076709,0.050243165787257675,0.34277676625917164,107.16827490526141,106.31891312578715,0.8493617794742647
199.25141259857153,135.53513901935082,0.07934511448982488,0.03851610006603306,0.34866952688309505,64.12998597633785,63.0693680399429,1.060617936394948
180.1701469049598,51.27849052637581,0.7081314334838332,0.07471305921645198,0.591110931126913,131.5939406553905,130.36088726928793,1.2330533861025685
183.88122421926306,156.58992403346338,1.0513246732193997,0.02204371790666262,0.10251278366785224,31.164145320381493,32.15913952940834,0.9949942090268493
177.18190142157187,130.77372875654626,0.6235788430326351,0.06417852016582255,0.3300393410422108,53.228958738265774,52.697591500136895,0.5313672381288796
141.311169334737,141.73145159106795,1.0311309299152203,0.007248872966516007,0.1011664165653646,6.098915462937256,6.586091487076256,0.48717602413899996
70.32402152704996,119.61580971561837,1.1047877860236628,0.0669739610040544,0.47598947608866327,4.247280664829132,3.827772583853708,0.41950808097542414
74.42848268640537,112.83173834353373,1.700498592867855,0.06449923867861582,0.5394901203071103,12.934519154193563,13.035864603768278,0.10134544957471547
112.6052910164517,160.78453670744722,0.3158832988735129,0.06243353278722913,0.4859684777917308,1.8997325772930544,2.0888716554912,0.18913907819814568
174.6481704820987,72.42901270607337,0.4925151888081461,0.01476971993220725,0.11187554082898396,102.7441172945377,102.34681245768341,0.3973048368542891
50.52424716640206,197.80174601928093,1.8615970311058239,0.019051781495902455,0.24404888362053603,0.00023879547268998132,0.0,0.00023879547268998132
50.29724083607568,176.0405962729743,1.178103811286896,0.05686120431863442,0.222976272544033,1.994835633696843e-06,0.0,1.994835633696843e-06
149.85271041598054,115.44600377970896,1.833147600721467,0.04496066988974465,0.37017547932314376,52.65040810606904,52.72912639176458,0.07871828569554395
151.57184760242268,100.42538071045368,1.1311273677724571,0.08402381757876382,0.5678508000702629,68.00707557308266,68.05353107387211,0.046455500789448934
78.8471060413534,150.41989448065385,0.30720772118671097,0.05584951449539145,0.4718259245223868,0.07529479681426199,0.25430476321490403,0.17900996640064204
66.82814990901991,191.46925282329858,1.673023595256578,0.05066085651307483,0.525949778041546,2.468732472557579,2.7507679170249766,0.2820354444673976
67.71893399217853,137.78599965387824,0.08110607448533057,0.09615201160366514,0.41779493896468967,3.2514732485066048e-09,0.0,3.2514732485066048e-09
178.7025003664669,120.16985629558673,1.007605714537653,0.09154952165520598,0.5165859698223721,75.71194827872333,75.16208181830869,0.5498664604146342
189.4398458010757,118.67640994506502,0.7140981680965229,0.028101880491033727,0.2376392017846107,73.19525981414664,73.28819012983718,0.09293031569053767
65.49602388932824,91.4093572144638,1.815993123384418,0.009893152008535678,0.11780193020264582,0.10682558674103015,0.01642419913432036,0.0904013876067098
166.86701081535904,114.17695769001988,0.9949952234889673,0.0353460177721309,0.5265254590300181,65.18417895600923,64.78586456741863,0.39831438859060597
107.62165797878646,169.12726332469785,1.830234809161222,0.024553075912309343,0.5134206424484385,15.307799709429776,15.441917426356333,0.13411771692655705
194.38814427723574,51.80049195958307,1.6685094106204794,0.09652727266397058,0.2617911268670564,150.29333186421934,149.04726444717886,1.2460674170404786
198.83538952194664,88.93652744432097,1.4861080684849408,0.09655434525958972,0.36337614731054513,122.09810572617914,121.60549771800812,0.49260800817101824
152.10153634608025,145.99845363156436,0.705419619539773,0.058449916242732006,0.22889807131324033,18.191655783160826,18.332713006890003,0.1410572237291774
98.4165420472581,126.83417187329518,0.6119365736479162,0.014201229587850818,0.20370261912144585,0.4756957429600357,0.21772051520125046,0.25797522775878523
147.3498887223575,66.55232997598105,0.28085282351765206,0.0646827639237101,0.4943637759676417,82.00239853181236,81.2827405183701,0.7196580134422561
144.36030352102637,134.90347797514403,0.9733746410568267,0.01255268890815291,0.33279077696096326,24.17775072950198,24.002757240476882,0.17499348902509837
155.9196132095473,63.116065171548115,0.8361808092709455,0.07699405190683241,0.40611961456769496,96.78905789405366,97.01401631027639,0.2249584162227336
165.35928707600306,104.85776116369834,1.7201384155911101,0.09777692617150921,0.4319898777299346,81.31113528140733,80.59433539086616,0.7167998905411679
145.76079528781975,74.62441656674007,1.210679098623767,0.03763026635360315,0.35632238048353415,74.98925149601249,74.08052679192514,0.9087247040873478
146.0577972672583,97.18455681851589,1.3487149625468295,0.023597057739674965,0.4545304560545541,58.802187400887135,58.373380450341614,0.4288069505455212
136.56552523833054,85.33782955371055,1.5511613249722795,0.07372398995443476,0.15614155462180315,60.4567982098405,59.828996442646755,0.6278017671937448
72.19200052618419,163.40620174078413,1.825290442328515,0.003120062999691631,0.20552252385002737,0.014997009618788554,0.0,0.014997009618788554
88.373260139432,77.44193828715272,1.2621850960978493,0.04152195305034526,0.37946654651322254,22.339278403468192,21.452650636936255,0.8866277665319373
150.22911101755165,140.92478743565755,1.2596967039897242,0.08048929599589855,0.12548377510038047,24.04325710660889,24.423149012479932,0.37989190587104105
52.095907912769384,175.62162508350372,1.9763461521782175,0.05032425995654473,0.520505923252171,1.756433401090706,2.014272220956979,0.2578388198662731
175.860459632257,89.59229820989944,1.40573656133631,0.02855552984359966,0.4303089634572824,92.0396459117917,92.50157609793126,0.4619301861395684
160.2100876308554,108.61179741219982,0.1641046853278293,0.055016642032037794,0.37349304692341634,52.600944332188945,52.35341943103128,0.2475249011576679
50.28122718098793,70.48829122817365,0.7811165531717251,0.07679186536281653,0.32801048675254085,1.4997057685967334,1.3574356942086148,0.14227007438811867
55.409083324460646,53.064920737785684,1.780092462139658,0.050526434884931186,0.4920041731281761,17.083655124260414,17.168839871498278,0.0851847472378644
155.04072092445458,130.29591787094688,1.807617726164707,0.0872119730427286,0.5824977368443331,65.80422334772756,65.15121703520481,0.6530063125227485
71.72495265729415,168.61881110286436,0.9521532606108153,0.051653842850334857,0.3725435615693409,0.1796321485392709,0.0,0.1796321485392709
157.91879094980453,58.114650940595425,1.0063387475847583,0.08101019306324497,0.4904507115585873,104.57122540640103,104.30312171197659,0.2681036944244397
116.34235476839581,143.2161807445005,0.9052852683428271,0.06799203685805032,0.3010843581662134,6.939570113003903,7.327005064536131,0.38743495153222796
169.42231379717413,147.59257122501702,1.9423021556482574,0.019456346719797225,0.1552264737782085,31.237974036495146,30.73169371799338,0.5062803185017657
94.84366463268813,129.945067118885,0.14877725669621314,0.03495316204718337,0.3020952985168125,0.01567332133999899,0.0,0.01567332133999899
88.75943961815344,66.89878657477203,0.4235888353985309,0.017956322962542317,0.41231952172656283,23.82364129099402,23.73520474271038,0.08843654828363867
165.95956028792273,141.10298556552533,0.10015184486474685,0.09464864246284023,0.10961728763144421,26.187804127455735,26.264260767697174,0.07645664024143883
80.13203178556755,163.90793681153497,1.2655281401546175,0.010897061590864378,0.382784507880092,1.0432653427614902,0.7664248521147528,0.27684049064673744
113.54412495408576,129.61082884268177,1.2708329552100226,0.052710975788171334,0.2614847167310749,10.253357322902318,10.44601839573308,0.19266107283076295
70.75856429745023,108.77228721414335,0.5326612272662421,0.08611167774236209,0.5997140906624047,3.869633910233352,3.6006443531603978,0.26898955707295436
187.88683733258387,94.81190830504276,0.5397252716001812,0.02480264354416245,0.3189774308501787,94.34853800809755,95.0389083032789,0.6903702951813528
151.76737826946345,56.626851355264975,1.6976576820846356,0.09940729674938104,0.3686164468492037,104.04139449798717,103.21340992409193,0.827984573895236
59.7241583449986,98.09681486836827,0.21559974014417776,0.029280962030665526,0.4158283391825105,0.026184268275010303,0.0,0.026184268275010303
199.81307086613194,139.72485983083016,0.2586182874461704,0.03153999124891595,0.5451129545605868,63.22333326845407,64.03130215317927,0.8079688847251987
86.67137637287593,57.45553010264336,1.3008214238522275,0.08535435445730083,0.18811871271671873,35.28880780703924,34.5066791411692,0.7821286658700402
128.9115057909928,84.44438464364885,0.06752129367948245,0.07738655495377782,0.3716639574550751,44.90722214510747,43.26836797302296,1.638854172084507
188.27786752324926,190.30068983986195,1.3257930319181577,0.08914706679090141,0.26639021323870005,32.68707861545977,32.22572072545558,0.46135789000418725
169.8093108842732,100.95128841775849,0.4146627556561297,0.05161275583969377,0.46115348901206776,71.50900675031221,72.01533123075075,0.5063244804385363
51.58780190416717,103.41026129625985,0.3203145531593572,0.06380011573270777,0.5236214519314426,0.08299505927071782,0.5228473320721605,0.4398522728014427
118.21891359755747,119.36277673184196,1.5571302476622104,0.006781178795461407,0.3758893813960692,21.9654176093862,22.054221807119262,0.08880419773306159
85.95802655997517,167.3596104438466,0.490554833928274,0.04458933365724388,0.13524811149398572,8.13336913863374e-12,0.0,8.13336913863374e-12
172.71248157940295,74.53613923781393,0.9566667142074631,0.07928946352982957,0.3062929683523853,103.63113185199481,104.1640998788172,0.5329680268223882
116.56858602189996,165.19680863361583,0.6459058794216263,0.015831754541097698,0.1580810202479602,0.02088181958801205,0.0010177462913176782,0.019864073296694373
78.24897721120763,121.66867587186111,0.27818799269780364,0.03116267703688329,0.40682899658137994,0.16846556702765048,0.0,0.16846556702765048
144.0428510648403,112.57060631052914,0.6494626215182617,0.024872870598147512,0.18076225237883395,33.53613281741903,32.81297930106383,0.7231535163552039
50.04393827373692,180.19998182710452,1.889727154164283,0.002019588908515424,0.289860684286807,0.00673197228270718,0.0,0.00673197228270718
172.0517556022191,108.33696725531098,0.2022893983474176,0.025985770768495967,0.11085375303133396,64.28278324342136,64.18352889165672,0.09925435176464248
116.22194102125239,72.4876732742906,0.24474136405537233,0.004251216997536123,0.5716581706441484,44.31250611640736,43.005913519564274,1.306592596843089
178.20996809362137,164.30483703685275,1.7113712460787671,0.07331121068584072,0.5684089068977727,65.19686719532815,64.64856600143266,0.5483011938954974
149.07477556738888,136.5877126815612,0.6014271056890964,0.0464184576596145,0.13994708559893174,17.37275916792062,17.775126095432803,0.4023669275121833
76.43332478097737,120.75492882923403,1.1170454569385428,0.0962232540249312,0.3401472175966659,2.8401681962379968,2.676514716139529,0.1636534800984677
161.78140428503502,134.910970915409,0.8511804966563579,0.0943899791314454,0.38167106437572407,43.85014851711263,43.936117713184125,0.08596919607149545
58.381497284929665,141.85903752246736,1.2158555543780825,0.040980426540624594,0.36750698523510095,0.24998903440167264,0.5179879156832499,0.26799888128157723
108.41673608039318,130.67203559556688,1.7959099195606478,0.04285416391826426,0.44112179721389455,20.81926505072743,20.748996108716618,0.07026894201081291
119.12417528354001,71.60720988931135,0.7923036088113091,0.0591912382128303,0.38904940538315735,51.50706971430198,50.521057460972024,0.9860122533299531
135.03937805443204,145.20774750502022,1.9018503966489078,0.009665610676297266,0.42677086544272214,28.49634692612927,28.339655358408162,0.15669156772110782
98.35081592120665,66.63451802511545,0.1483351573328555,0.07859251244321121,0.36696108438881336,32.496236969397486,32.21035952017094,0.2858774492265468
166.1629766055018,95.09426384880643,1.6463867398516685,0.061744165382271246,0.4924187941597453,85.855544892845,85.62332362875301,0.23222126409199007
199.16614779166764,83.64836269220102,1.379737258807946,0.09913743822855076,0.12187946824857324,126.21148163710161,126.23761169541528,0.02613005831366877
72.92198960783111,176.36085291428702,0.6890774820958906,0.029022126300083908,0.19918491904902716,2.9682344218944355e-07,0.2189573716989628,0.2189570748755206
53.59555332919332,105.2700987336955,0.11660683545464291,0.043639090254542795,0.35595950763840545,2.7616358363262787e-08,0.0,2.7616358363262787e-08
71.93787749727394,62.11478177764779,0.1130859559509243,0.03552892486487163,0.11432645620482632,10.072186866120312,10.367832902856687,0.29564603673637535
164.35682256006373,114.31696212380442,1.6697239947764988,0.057490831343083804,0.5757322739003266,75.86197933146778,75.21226646239411,0.6497128690736673
134.65789074187597,83.11233676683301,0.8981916284794191,0.02114280944845224,0.2839239096221198,53.44881181636663,53.01639428221716,0.43241753414946515
109.24901883757329,154.7592920632525,0.7874026143038196,0.07920340323010677,0.5146142069683584,9.172143158882609,8.786322368904543,0.3858207899780659
169.00974807336087,173.69590795190373,1.2775303946061747,0.05983024687608588,0.3181563782922687,27.80316867636006,28.391066407216286,0.587897730856227
126.01892706091705,161.15843821610108,0.9634176130459358,0.09529092357834637,0.19614007556884958,3.1375218139311087,2.732007111464757,0.4055147024663519
172.78233230505873,147.95314028206116,0.6917860492574477,0.06376226131629903,0.4437286238382664,41.84194253777956,41.541640038455405,0.30030249932415387
182.55196299266586,81.3294171356179,0.3129275149581375,0.08817600738852041,0.5187140291812096,103.45591439772915,103.2979800709534,0.15793432677574515
189.73079488344885,161.10982316644441,1.659324777766556,0.06711355981429354,0.14691407676609383,46.61759161225086,46.85168138898305,0.23408977673219056
91.10320328378509,79.57049074700403,1.0212134773315413,0.020573403206465214,0.10994711255613868,13.524447319118224,13.435912573081907,0.08853474603631639
126.50151263664223,87.78310543431259,1.4289684106880693,0.0133532211458534,0.23003156794506527,41.42719627920884,41.918061427515426,0.49086514830658246
114.15681447903711,58.4125189259026,0.3521350062143417,0.014178713733139737,0.5705238571586022,56.270566838250616,55.84733081992768,0.4232360183229389
185.2568619896296,183.57162485568105,1.9021672793712328,0.06011641862328874,0.5471762634104299,62.727556473469164,62.68554088923106,0.0420155842381007
62.92966128752677,167.58834489544853,1.430841420348009,0.06735947141924285,0.41374391746339445,0.7025015757895563,0.22650921527826995,0.47599236051128635
68.63386331056645,131.077381202961,0.6779437076962229,0.037661944670972294,0.33531464717960213,0.10833631258745058,0.0,0.10833631258745058
193.90689084728464,189.58087710150247,1.1829966320411,0.08958027621341987,0.36594291507974475,41.90132197301898,42.00090520685239,0.09958323383340684
67.17951103039601,72.03756639218841,1.4688824409673087,0.0276027437623924,0.16632888323641679,4.533210016593927,3.9279685527997223,0.6052414637942043
129.775497001632,116.89558833185335,1.9117014030894877,0.09482705690350743,0.2662178705909134,37.39729559648545,37.141983413308175,0.2553121831772742
100.1933681124969,127.9641445219612,0.6716056653852405,0.0867679861699598,0.41139709485443665,6.697961911063558,6.754427088198227,0.05646517713466892
68.4416984603182,188.65612490179743,0.9309381740276514,0.003801657884112297,0.4725315718761125,0.23632861825404472,0.42932963346270725,0.19300101520866253
75.20012728668067,183.97544890158625,1.5634826087864302,0.007672261402792591,0.4054011019779932,0.9560790561741817,0.9234374503470946,0.03264160582708708
112.1946770365135,113.53617233879356,1.1697069767848076,0.016645473413868163,0.36336159142174573,17.838251539641618,17.81535152687121,0.022900012770406875
90.973481108828,145.34003527521412,1.4711688859908536,0.04052261069607759,0.4850713002253455,9.23483455228304,8.982841659252905,0.2519928930301347
121.05686943091972,70.0756593063025,0.3728561039406677,0.08160447925468672,0.11071751048318992,53.08127214081482,53.8504616563491,0.7691895155342792
120.69981596851301,117.37479193250024,1.598467770278999,0.024592117771199407,0.5180140852366242,34.051139499660074,34.291414680632144,0.2402751809720698
181.58972348167953,186.3413809021471,1.825805715035865,0.03147884598742323,0.535164995609804,53.34268603388861,53.341396468477626,0.0012895654109854604
195.06082992454375,103.61936913617419,1.9523315080076682,0.06866415203666608,0.5248941526544848,111.57347402875007,110.99579569206347,0.5776783366866027
71.32980310953454,132.44875409299175,1.0422847512129776,0.07654692204345603,0.5305072428379014,4.154277138272223,3.6003065177712834,0.5539706205009391
198.04542546758793,53.02235235316577,0.38748755726278644,0.0963946306776822,0.3815454651652924,146.96701834338467,147.03949088998183,0.07247254659716873
166.06417230445138,184.39489599889453,0.7655691102643587,0.01761016703843319,0.15818043135023271,3.6765857853074877,3.7069972322280726,0.03041144692058495
84.41466585141569,101.99471174475525,0.6198068207772746,0.018457639965260477,0.38249312568366867,4.732045261174438,4.467192902572602,0.26485235860183565
148.1085612212603,125.56243441395308,0.47643484823653126,0.0755798857177944,0.3656847313864545,31.053916318224097,30.95159911248537,0.10231720573872849
112.26611400027421,119.86085125596018,1.215835133181981,0.04653800357004323,0.10170664741320193,4.557811736739865,3.961438734747883,0.5963730019919815
180.27492387888148,196.30647632363474,1.7026645471385324,0.0832926723296496,0.4063618758469404,41.82146145836032,42.291607582697935,0.47014612433761727
106.07465928908042,164.29206834049205,1.4909866976451807,0.0819285135760851,0.5250115579155463,15.538222542573667,15.97944891068634,0.44122636811267313
80.75659151349493,191.5870689589193,0.6716710001728755,0.08955043143651664,0.4506277421094591,0.22978814240202206,0.6211572679844792,0.3913691255824572
132.8499125361049,199.02303573078473,0.6037442179752519,0.09365367813481723,0.41664529819965634,3.6653198996330474,3.4271631308690047,0.23815676876404268
100.47218964447542,105.72933030446355,0.7641092018440447,0.015884060063099704,0.42775748595660423,13.286191149253256,12.728561185705843,0.5576299635474129
83.15332909162524,125.63755618241457,0.1191053595048528,0.08285217570973533,0.27313278927474083,1.9656741251600197e-05,0.0,1.9656741251600197e-05
185.19781259027587,53.733828228699466,1.6588733111796452,0.07435833918679936,0.4180429998662204,137.78983925258325,136.90503446535666,0.8848047872265852
115.35392335050153,175.99607574883845,1.9328955188129828,0.0667979771368473,0.3971292947753633,13.616746022519656,13.014252426093801,0.6024935964258553
176.82935514088683,132.50795071664686,0.15498814204270836,0.06385288379089757,0.5698755476412039,47.07837553919012,46.161062212256326,0.9173133269337939
198.80183774880038,110.44983648590059,1.691340450897984,0.056918649607134664,0.4513411859713654,103.33888888444635,103.98254965392925,0.6436607694829064
64.15122539594832,197.68969223651396,0.2733352961447622,0.08671470866580963,0.2858975360691115,1.8414001096224183e-13,0.0,1.8414001096224183e-13
174.2758744912009,51.59471784488545,1.4101742849223649,0.050866382825361336,0.5672698932890342,126.8819824958901,126.74570956121016,0.13627293467993695
166.5089148570932,108.39119232074918,0.7216359879067229,0.036146709925075474,0.16434013403324407,60.91123930602822,61.68022453658844,0.7689852305602187
182.72713883965721,179.52871876441324,0.43777377919216925,0.09656208631918806,0.19135501075214997,15.253004199146048,16.202957169685398,0.9499529705393499
82.35413716103545,115.91430193931046,0.5960453903809633,0.06159839373888081,0.15812219598810415,0.02348320140560023,0.0,0.02348320140560023
140.54311441723277,116.35245032634081,0.8836523263838251,0.032349151546563835,0.4550954831562386,37.875793030322825,38.345053567003724,0.46926053668089907
160.0846929139209,170.51371407153647,1.4302291545958357,0.03129776596820171,0.436072038837778,31.7750067774557,31.840373386209425,0.06536660875372391
132.96557036169128,168.4326110680987,1.4745706559627425,0.003159055148187562,0.5151439033897486,21.976564494381826,21.729904885410832,0.24665960897099382
148.97683843987917,126.20978505400663,0.8094431478268864,0.05125744377361572,0.2668550130073506,31.341609823716396,31.40446419454277,0.06285437082637202
53.3156149580099,181.80957518223107,1.830415712108513,0.033238465906913685,0.11456630281599997,5.125379057505521e-14,0.0,5.125379057505521e-14
85.18027256619479,130.99518645424115,1.9874723652613329,0.09458927051091572,0.4635822569825191,14.748222776169754,13.953645406497213,0.7945773696725418
68.44585807671271,60.12002771635636,0.9829134485986429,0.04765998877708656,0.2578006147764602,13.391032351701938,13.527242801530019,0.13621044982808073
85.58972240011208,182.04945739975392,0.3666259343602029,0.013795642997138936,0.10980966397368888,6.314700233585677e-30,0.0,6.314700233585677e-30
155.6382572494678,96.64339851131133,1.0418298558900538,0.07734427034565793,0.5506600294940315,71.94854802334125,71.71906611167668,0.2294819116645641
134.27704205989534,108.84759236280806,1.2027036813809282,0.09195584082376353,0.5245407121724213,48.46151397941911,47.81730396557845,0.6442100138406559
93.48375078186501,100.5972056272876,1.5225120168425417,0.08634927014318255,0.3372538063402728,17.756755601807797,17.582025672567266,0.17472992924053088
189.66601379346827,78.23751092895768,0.28807354925928313,0.05718010329639825,0.17168826295510195,112.70668101228422,112.18332394176385,0.523357070520376
199.88171781091418,165.62521372485807,1.966627661517525,0.0747584414908559,0.5640561671649414,85.54122532692541,84.45804621238486,1.083179114540556
177.0684888636938,179.14476556676541,1.237654898207224,0.07443552372632713,0.3284507804063904,32.110815855230726,31.949181605731823,0.1616342494989027
89.88049421892794,67.01493333239816,0.7538141453051881,0.037087721006642864,0.3624928327039809,26.62360970701122,27.713187766689778,1.0895780596785585
124.98224970943869,106.91264620525615,0.13107966878034583,0.09011145936293868,0.43773278250359626,20.674291042935124,20.620372587965832,0.05391845496929193
159.39929247593793,77.55652693768303,1.083948059756273,0.07790648040037462,0.4680591521113069,89.1676769100235,88.93438204808348,0.23329486194002413
79.34151233970897,129.02773334401797,1.1491730054120601,0.03253612389001872,0.1613249088126185,0.025417584285537642,0.0,0.025417584285537642
174.42104977884333,173.81864940989968,1.7272610180106363,0.05215310999543499,0.5098461709758982,51.9217770202759,53.00958003270205,1.08780301242615
83.18320850368661,76.30304762935339,0.49977723361972487,0.01186572296514501,0.1664475875311228,8.485573506335477,8.254525367770523,0.23104813856495454
149.80125831530302,115.55111088352493,1.370554845251089,0.0582526818355244,0.3293592664499614,48.134479508498316,48.14131648632123,0.0068369778229140366
190.4534748924432,176.01840070785983,0.20755412507150034,0.039077907650587884,0.5011007498254377,25.69813848030725,25.79717242617297,0.09903394586572034
60.96677600137572,188.77104291068676,1.154215982202855,0.023602072234650953,0.22516457827274775,1.3170289090560583e-05,0.0,1.3170289090560583e-05
92.38471930015938,150.39431064611776,1.6867085064441438,0.01789722660002816,0.35683893795870114,4.523563068604844,4.79516826480366,0.2716051961988164
81.30336221727435,60.43077995262302,1.6893533529637805,0.030146116076004738,0.4762446211158834,31.274846217881233,30.696861056585625,0.577985161295608
110.03180317648972,63.62330829778364,1.8355649443796909,0.03919672071027402,0.4123702891555393,53.78657174339445,52.748825151246486,1.0377465921479612
177.54717778879936,93.63422436886748,0.9955719526283294,0.08265403989469283,0.5535754872621312,94.29287410579886,94.32016240946753,0.0272883036686693
111.06204297927164,95.37858487564772,0.4005340389523505,0.045360596099720346,0.12987582928821675,17.459036529741496,16.91588361235583,0.5431529173856653
98.02213169712454,175.29407556730635,1.3995232041589953,0.02721523770682779,0.5831919221409699,10.53358105340698,10.409446254522742,0.1241347988842385
116.33204577760665,190.99175123157292,1.8913681368409936,0.016208503237885984,0.3358982300928266,5.482371542171009,5.50245114269676,0.020079600525750863
83.82851874246273,136.19452621667142,1.6061833402822068,0.0007925369283009354,0.4784513999094385,7.598995254486137,8.058705767819902,0.4597105133337642
197.8800574016668,146.28203494750915,0.7345790222079833,0.045280112620541685,0.591625794347553,69.09017332076087,68.67345561357457,0.41671770718629375
189.6854353535153,157.46481545219063,0.1424064050843559,0.000817730343531975,0.4366218421876519,34.07348721893945,33.83376799423414,0.23971922470531126
199.85891521025374,137.1629108052984,1.412050232907967,0.06236763397941451,0.5343673681341409,87.49449114687289,87.0698204899427,0.42467065693018924
155.65953184661782,113.02542363059418,1.8294474260295763,0.07121275905440393,0.535225728151142,70.56681258732795,70.5292240635263,0.037588523801645124
164.61141595190514,162.37368774769496,0.6910353221816141,0.00679586312205771,0.2299276726260626,13.975186678449418,13.883623004715915,0.09156367373350349
149.43866773053813,81.05357167084327,0.6029438364543491,0.055553647449722555,0.5259573450576162,72.1155062063981,71.56589925716739,0.5496069492307072
83.92562912336106,76.01931710869013,0.22990282044990507,0.0990711023395558,0.39221013220258594,11.930549227319034,12.049722240746767,0.11917301342773357
169.35629331875072,116.61279751342322,0.07088927524389144,0.032385317813455154,0.4099795023580418,53.01204178708845,51.802914639615835,1.2091271474726142
135.06640482331886,133.91379204919377,1.7475674064973428,0.07976568972383255,0.23142660607771323,26.316963057764937,26.23419533850189,0.08276771926304605
175.4435271412604,73.67171238562742,1.9886830952868433,0.004511977062401429,0.4681032969034241,105.51457819642184,105.55172522923743,0.037147032815596503
129.5209402595666,179.6043324427673,1.0377428053783169,0.03356814614997986,0.2743512270754578,3.180633112854526,3.5628793333103346,0.3822462204558086
63.96171033485584,137.87059470906186,0.1349283453017071,0.04927889024729959,0.5596144719539808,0.0004883120824889751,0.0,0.0004883120824889751
100.96008511239293,151.4963445546677,0.528980782192009,0.05837796363083278,0.33444436994524374,0.7850396066535152,0.8939348252006099,0.10889521854709461
116.52285955437335,182.7406520676586,1.344461289926202,0.08622989507195593,0.5054089258545734,13.966643613093627,14.276504728635764,0.30986111554213736
84.53910734219085,198.31674788316863,0.98972332721783,0.08983382440756767,0.4063437566906768,0.5601441333159269,1.1088731266824965,0.5487289933665696
151.12553361864343,172.3407878922938,0.6660996234375697,0.05190059951468893,0.2372576434575089,6.062065039310703,5.6917172156942115,0.3703478236164912
74.33064014673164,118.45502716650056,0.9026026599027611,0.025886325427713963,0.1727383073467422,0.016235378375137943,0.2001886097688086,0.18395323139367065
76.40370480536609,195.03280220926774,0.46906506769325906,0.005796534405526521,0.5084568477479872,0.046917161000758656,0.10628029758030522,0.05936313657954656
132.89104426253238,64.19156004984335,1.1412463702872646,0.027863840662490126,0.2760378169035622,70.75067287895526,69.61362639342785,1.1370464855274065
182.4238349051117,165.87965795723255,1.8544761120409852,0.04176589635961439,0.39532271584265943,51.863495792541514,51.623805578979756,0.23969021356175801
74.05793472926874,189.51292687824676,1.0543854037669733,0.05872583711232099,0.14263100283812383,2.7459210561082117e-09,0.0276951591281005,0.027695156382179443
53.86169090195436,68.56595444071459,1.2152382328401177,0.09734528199473619,0.462129295055827,8.338869529894698,8.113887416608417,0.2249821132862806
113.20595079631804,72.02991891374432,1.897941050545989,0.04090575638781968,0.5821732812845257,56.73111430545338,56.79180802503007,0.06069371957669034
175.7204832245456,156.06666578322222,0.31233112515986655,0.09566252339254011,0.40645896938606274,29.95037622103925,29.78309230040355,0.1672839206357004
157.55854496608168,150.33254752336487,0.6489014274068957,0.021179530508467284,0.2845489626203578,19.07598322558046,18.596182593262583,0.4798006323178754
73.20266744878633,131.11924915793514,1.0652644849803965,0.04826424740637891,0.5787260103243893,5.6798142130859635,5.381542953167081,0.2982712599188826
126.55307666012514,179.38995367494667,1.4118636966168892,0.06343183065877106,0.4509002660657264,15.37072058198973,15.938779614388313,0.5680590323985832
183.5074454847804,130.14378147014244,1.9750882165112034,0.09885081915957039,0.4000157414437825,83.37334867209117,83.32161572849589,0.05173294359528313
133.544393605121,125.7663092053999,0.07920997970711194,0.019910367884128935,0.1551642557601515,8.17896049630997,9.020216704083719,0.8412562077737498
57.835474774719906,196.74007173957833,0.5912260031301219,0.02590817070244339,0.5864418563534636,0.052677990482199455,0.10158286793509319,0.048904877452893736
108.42550950497935,78.48322628728015,0.5177869769510564,0.0723316238660154,0.5393437681485448,36.13232774039721,35.817669941710875,0.3146577986863335
161.42933312739137,129.91190721779643,1.9540379163196415,0.06589202646905676,0.13544031011600163,47.5535445551304,47.04024393215914,0.5133006229712578
107.25942155232329,110.41743461517225,0.6216702152950271,0.018844658358512525,0.5000760437554765,15.989501489492639,15.348475663495908,0.6410258259967314
135.73546767600783,184.29552327714055,0.9295518755618833,0.04095051516898625,0.10374405449947358,0.017714154895421497,0.0,0.017714154895421497
113.65046433845173,99.94991264466793,0.6472518172943525,0.039644097168600206,0.16113695855311935,17.01447453328275,16.969856499415066,0.04461803386768537
73.03668004216348,110.55320918360246,1.376390680103632,0.03737380596934908,0.25549388019004793,1.4278981358905405,1.5343240849491835,0.106425949058643
153.89375695714483,64.7083729115141,0.3841735557516417,0.077499341806242,0.480841113982585,91.09438648873638,90.77812138414647,0.31626510458990253
130.1519960433576,148.8133995361905,1.5690397488417696,0.03447983806115432,0.5955220626833615,34.23022299147423,34.39342039879696,0.16319740732273402
74.03116417185505,157.69087576671586,0.5250019282893434,0.04978387632725512,0.3514450199732707,0.01637148559489865,0.0,0.01637148559489865
119.78187073453597,92.29210761790875,1.419430273333697,0.09250599287668775,0.23294882853623242,39.81444154399901,40.35394646307529,0.5395049190762791
89.64908364125485,127.04719094243629,0.2465001997539169,0.09826209297170951,0.26355307082193435,0.029413463787540284,0.44360737416830176,0.4141939103807615
141.53595229519044,62.99173164624135,1.1946081599257448,0.08026291527156477,0.261088487040963,84.3087323693149,84.0584396892917,0.25029268002319327
180.58471074539415,68.54015526319003,1.14326899951625,0.050352809696154,0.3023082077276871,115.88578672943852,115.91196743627233,0.026180706833812906
89.24994961038621,186.41384679773955,0.3699264774648561,0.01901303411057134,0.304195330465747,0.0002177159555659218,0.07626997959452808,0.07605226363896216
174.66350344970152,196.2789997495306,1.3082995979289134,0.04714255196021008,0.41647415426576995,29.095036863458972,29.239547502898766,0.14451063943979392
148.336988652323,181.2075172723115,1.5365641151936733,0.04940038851938379,0.10982830910160876,2.1055930415678112,2.4583835172459665,0.35279047567815525
56.71581641560145,79.55387167598396,1.3643359457271578,0.08349998965513547,0.1420361649721217,0.42676878889990455,0.17517138158770962,0.25159740731219493
150.99206041828603,148.89950139190324,1.416740320198872,0.038391035567684244,0.4716796857783433,37.49715340142929,37.76367370896805,0.2665203075387623
103.4767547662141,92.82509692633154,0.2624459953642413,0.09657571441718148,0.39982723326131975,16.02490253618177,15.091630961073779,0.933271575107991
165.40811258239694,159.75118546103346,1.1695972386368798,0.0800536799376955,0.186432296490496,24.88708935119766,24.187991594995523,0.6990977562021357
52.27851570230068,87.32253100074672,0.8828532005982495,0.09739828344629962,0.2551952553321405,0.2311384286012026,0.16122024420321424,0.06991818439798836
135.32507080764788,79.74282013810466,1.3390020130767446,0.09207610531985704,0.5757521919549213,70.28134556436372,70.04266279525243,0.23868276911129271
60.888713948549785,181.24841583473716,0.5431210794651122,0.042645614164609796,0.4004198056318432,0.0011029021351674235,0.0005878627412840842,0.0005150393938833393
109.59503371273813,133.64056453080886,0.8226229520531313,0.07781223603583344,0.5240522461617166,15.045844026796352,14.607362835000558,0.4384811917957947
91.78865203922788,153.3069017794595,1.0960293454038272,0.07173039988366865,0.3231503529297931,1.8001396797859766,1.7784484675259087,0.02169121226006787
127.42210122983026,191.31497561614688,1.6063712047829295,0.08305710774585884,0.49016759415980626,19.24252387009362,19.527478503873905,0.2849546337802842
121.07669605817425,115.62313934095963,1.524829868755382,0.018263311306920837,0.1885118148407933,15.67183180679487,15.797743511347889,0.12591170455301892
63.321782302101184,167.50627701621414,1.945870191010222,0.0855934092987388,0.19449228650165087,0.010768229937355267,0.0,0.010768229937355267
149.5257853578887,171.09386409476667,1.9105111487256274,0.07199449271998563,0.539752157453926,43.641388246978536,43.76135966062376,0.11997141364522435
91.04097776982262,198.40310496258996,1.654921154034423,0.031118981075909116,0.23889264895072207,0.11965905136051647,0.0,0.11965905136051647
179.50042610314756,54.65157316424766,0.17602779145775688,0.08208737575004188,0.13323929189888148,125.63287151793321,125.40818603197215,0.22468548596106075
156.75996899941686,192.76816454847597,0.7895826073678014,0.005841406016758333,0.1594571490648152,0.8477515301661551,0.6593071301718538,0.1884443999943013
60.31523716135075,140.1186392834499,1.7688943670202784,0.05215751247967432,0.5277323803444868,4.314095830404382,4.428225226950623,0.11412939654624132
198.05681221156027,153.91794761364565,0.9756345990996617,0.046242513179890546,0.4538033122203248,62.39899314679404,61.892022599405294,0.5069705473887467
197.2781602460605,147.01360565979562,1.1477459357675452,0.024558521722229033,0.2693153551545694,57.54306784104459,56.673071965663354,0.8699958753812354
116.84238433482825,82.60119987227002,0.059763597205594675,0.052169175638864675,0.31465951556090743,34.49832299505131,33.03563841076961,1.4626845842817033
84.1938450263159,93.06881295234643,0.6661746043398805,0.08981820437106108,0.1165903065692713,1.8151697186977458,1.8176318124431177,0.002462093745371874
104.13590848369316,91.93043372631004,1.7234415147931774,0.09484372810658659,0.5077527149666039,38.90944598660971,38.210825844038226,0.6986201425714853
110.57517365012185,51.18853000597215,1.8278117878399176,0.0375475320120144,0.26862897289364107,62.874584017977014,62.89530547354107,0.020721455564057578
114.53107411560437,118.97804896947461,0.6882586936693851,0.036846668137896256,0.3852398213856506,13.911898266906988,13.4816266215446,0.4302716453623887
118.65120628614595,76.99236217199875,1.4263415810572353,0.027576065100955283,0.28582596071408883,45.835858751845066,45.98580990863976,0.1499511567946925
112.29252876074894,89.62955309397987,0.5994262912622615,0.07010785876997351,0.2695204310007887,27.31817845482361,27.26545685170448,0.05272160311912799
58.62568223778961,71.13259591003356,1.637730489448583,0.07294114077108987,0.3300202237418234,8.085353256571132,7.785302330980269,0.3000509255908632
73.87804870272181,188.0997236189117,0.14572425500226,0.02824704426689636,0.569872896648927,5.141698414486335e-05,0.0,5.141698414486335e-05
188.25537947106906,132.37669935764788,0.7002249822028839,0.040645360394403265,0.4119952084868136,63.210518814970314,63.11005648129573,0.10046233367458512
166.27869797880794,119.20454533772278,0.9387696425894597,0.09165893746333353,0.4965909355475594,63.65868640405195,62.85576920136006,0.8029172026918872
129.47009163612069,60.05436089928155,1.2063572807203595,0.042295522247046594,0.31910857712210705,72.50064095277753,72.14551431317467,0.35512663960285806
178.7870141120978,117.90378155237424,1.5763405920270672,0.043622418003582054,0.24493513587216617,69.76640958663596,69.95611386581791,0.18970427918195298
112.29461909358427,179.14434973729408,0.8387725316055458,0.04932197160902823,0.5398101073605875,7.269055022858584,6.640806494213539,0.6282485286450452
101.28253124750299,125.20157551675872,0.5276498416877334,0.06358477128269788,0.35060850306914426,4.006170071837317,4.519012835027134,0.5128427631898163
109.62111255359723,145.66694793056362,1.9125129486950747,0.015471313371759055,0.23195227386276543,4.815216554877537,4.886592589459401,0.07137603458186348
53.296501841152924,120.8387453020404,0.49112642727941674,0.005332621634062052,0.4981909052263608,0.09071232250475181,0.0,0.09071232250475181
153.0086299337077,102.01119718259581,1.2585856952815742,0.018958641481410687,0.29336391449894006,55.218500805376266,54.866646697517695,0.3518541078585713
111.25852519768802,120.57392621531824,1.849522410904809,0.09197211643037612,0.4769433036401818,32.10135021703036,32.29691893823569,0.19556872120533342
73.17720622342212,156.6984852206034,0.2720478656894577,0.025123589330693377,0.546076562080859,0.03765929913349503,0.0,0.03765929913349503
82.89598366957868,95.1022735569594,0.4971837052666694,0.024423924293888555,0.3162964348702353,3.5211673806765162,3.6127596306145797,0.09159224993806347
165.55930747719907,154.47608485941964,1.9903894268608924,0.06163417920936664,0.29396664523506477,41.846400077705226,41.06149941643601,0.7849006612692193
181.44008495386987,158.07308342101993,0.8062029132410806,0.017609067169444437,0.4191764997136167,39.96930961340982,40.56707822870958,0.5977686152997634
101.57298266012151,114.10437278737682,1.917873067227571,0.06265156678444515,0.5234910155150558,28.885431058464476,28.81978278875677,0.0656482697077081
166.31279287933495,116.15864765728956,0.29438467477552155,0.031414133876498655,0.5478332620642142,53.33775975803216,52.64231717004729,0.6954425879848714
110.42588662148249,129.04178326909576,0.8765639781636004,0.05674114141534856,0.5856667937596277,19.471420121597,20.184153554069873,0.7127334324728736
193.09123457379584,59.02006285159455,1.6964459730799164,0.04087251929736614,0.2645763990095237,138.02601295190414,137.71363017222836,0.3123827796757723
198.10736339715265,164.88996309193513,0.5217306114373014,0.001039213463649613,0.5433228478119732,47.88107058455955,47.93564100752394,0.054570422964388854
51.288690309780534,112.17013788128827,1.0521928807530239,0.09074491136062454,0.5026251113380288,1.5468371782579657,1.2674140178320137,0.27942316042595206
60.96007804929009,190.31532890562664,1.417220879433514,0.0918377812236596,0.47422744242362225,0.8172691398214424,0.4946216139256947,0.32264752589574774
71.96542618354692,148.2785079533382,1.9187396861674355,0.006017757992284745,0.4012760728151047,2.6417725799364664,2.8612571625084797,0.2194845825720133
104.37783227056036,60.217787103759306,1.0790262819291947,0.07715809007794325,0.5425427041872112,51.70362864632981,50.83159043355114,0.8720382127786692
113.1107573924169,82.6427202038965,0.20744710827122353,0.012970673100986919,0.4783084183826568,31.37283564694006,31.366056473386152,0.00677917355390889
57.08810237138857,59.3275734979021,1.3275882539830912,0.07797432623758976,0.4955049369485657,14.300135883288675,14.801130145835959,0.5009942625472839
185.9702864096189,111.36757141476001,1.81306280694755,0.044399817020723036,0.2995889976413101,84.93788349039588,83.9343365209993,1.0035469693965808
89.61868049534313,179.91076280503682,1.9555996110009923,0.08218570264660921,0.30116143905919424,2.3423140004672867,1.514422876887597,0.8278911235796897
193.55606805988654,163.49577791749306,1.4955217453209684,0.053682133353263675,0.43534609818144976,61.25749025823549,60.9579889352118,0.2995013230236907
80.8408290118949,113.57946976376377,1.7717910547084832,0.035848557914510804,0.39290601230935196,9.018805861362392,9.069014789505179,0.0502089281427871
97.39427304192974,176.63742795936503,1.2348684136639394,0.022893333149265085,0.4684819547306046,4.615727704120117,4.95226917801574,0.3365414738956236
155.09285426682476,89.92402493362178,0.25117835077782097,0.005300808532457868,0.5581090114121782,65.60333509640068,65.32108581065992,0.282249285740761
169.4699972425314,62.861179908650016,0.5664543263029983,0.04786656382248661,0.4959377591639731,108.32636814311287,108.46776592232622,0.1413977792133494
97.12499178613788,156.4494466108747,0.49093530172419847,0.012271013647704256,0.476695928507188,1.4601413542498403,1.8997902225864998,0.4396488683366595
130.98740305010648,50.900349535480345,0.9605771588528094,0.06596463667171225,0.17518508975366545,83.21225126237111,83.16735195901661,0.04489930335449799
112.36480489277005,61.17125528071779,0.19758066844013406,0.021383163234293248,0.20592511329239757,51.45144685064471,51.53037105755682,0.07892420691211299
91.0323970289746,197.99154817759054,0.5040806278211111,0.07927128276826761,0.12990960584303576,9.85249507208249e-16,0.0,9.85249507208249e-16
136.06260274292626,106.77762803843318,0.25901704511382295,0.011095211130054884,0.45407668641329624,31.642193527424283,31.029009860216984,0.6131836672072986
101.63193467041485,50.10201339420135,0.8383003816948824,0.0869203501840799,0.3822225043545656,55.15768165784243,54.18832858617327,0.9693530716691612
121.42007316356155,60.00240815574403,1.134571255763469,0.05935517114607624,0.4889139985074502,66.60347484165399,66.8703457565976,0.2668709149436097
187.6006508827514,132.40974209334985,1.0577783951494175,0.07369269658882881,0.5460679606495458,75.86304599936574,75.88103309463331,0.017987095267571362
101.9582058546133,153.4718752154506,0.34956653998520126,0.004832532237788412,0.5869648197174668,2.542713905063085,2.5462227948881697,0.0035088898250847933
53.82244046435285,65.15874551827963,1.2624236365916655,0.019381696587135656,0.5265953195265186,9.297500784708628,9.328764155537428,0.03126337082879971
132.96311358813293,164.70985727819544,0.7867916951351245,0.06788918921945232,0.40651069329950573,11.085545544861624,11.592299199076919,0.5067536542152951
93.6575528675975,171.91111395829955,1.635974836751683,0.025674056958884396,0.5300520556887286,9.214371652459043,9.52216543319279,0.3077937807337463
93.12095278226346,83.98766908456841,0.5806061551887108,0.09439147419901905,0.5064170296991245,21.08766342168969,21.333089113556486,0.24542569186679586
92.19289137448337,88.08196821631581,1.0198213870949673,0.007554973184387359,0.5957827808485887,23.707844971484015,23.526588393643106,0.18125657784090876
174.79702708770526,52.07862023077571,1.8287773304601627,0.09333857657147698,0.5858777186994344,131.96517074118435,131.6494323778374,0.31573836334695216
150.1367901437989,136.5992146577936,0.4014551025955563,0.0552942077328812,0.4261866477460815,24.895655371954547,25.041616257024394,0.14596088506984728
124.39870312028651,155.3579770074045,1.6115614646820213,0.06068904644241915,0.5767799701521665,30.176184920682303,30.174907513024294,0.0012774076580086557
60.04824714332375,138.7939651709786,0.7320068977676402,0.019340593197514536,0.2815193641179533,0.0017406630282711666,0.0,0.0017406630282711666
52.368139479307494,55.98859270265795,1.1081368701317749,0.04446312076087327,0.2675856141002009,5.464577961340648,5.217660973850499,0.2469169874901489
56.45048761100766,171.83387387831408,1.9139989307661773,0.0017583763497173944,0.26111936200222563,0.010350343384040325,0.0,0.010350343384040325
103.39349055820342,183.37628315266778,1.4070402521995757,0.004023414048243967,0.1935671633484364,0.06874155566733053,0.0,0.06874155566733053
129.43130829276086,83.31541444360654,1.9887779858448111,0.018141299704605828,0.36847551832535863,54.11926502552602,52.72895240408496,1.390312621441062
